Starting package installation. Logging to /run/media/superuser/e2df11b3-fbd5-4ebb-afc2-0992431fb5c4/Code/Terminal/Ansible-Playbook-Fedora-Workstation/Scripts/../logs/packages_20260906_160915.log...
Updating and loading repositories:
Repositories loaded.
Package "7zip-26.02-1.fc44.x86_64" is already installed.
Package "snapd-2.76-0.fc44.x86_64" is already installed.
Package "tmux-3.7c-1.fc44.x86_64" is already installed.
Package "kdegraphics-thumbnailers-26.08.0-1.fc44.x86_64" is already installed.
Package "kio-admin-26.08.0-1.fc44.x86_64" is already installed.
Package "kio-extras-26.08.0-1.fc44.x86_64" is already installed.
Package "kio-fuse-5.1.1-3.fc44.x86_64" is already installed.
Package "kio-gdrive-26.08.0-1.fc44.x86_64" is already installed.
Package "krdc-26.08.0-1.fc44.x86_64" is already installed.
Package "dolphin-plugins-26.08.0-1.fc44.x86_64" is already installed.
Package "ansible-13.8.0-1.fc44.noarch" is already installed.
Package "nbdkit-1.48.1-1.fc44.x86_64" is already installed.
Package "swtpm-0.10.2-1.fc44.x86_64" is already installed.
Package "qemu-img-2:10.2.2-1.fc44.x86_64" is already installed.
Package "cockpit-bridge-367-1.fc44.noarch" is already installed.
Package "cockpit-networkmanager-367-1.fc44.noarch" is already installed.
Package "cockpit-storaged-367-1.fc44.noarch" is already installed.
Package "cockpit-system-367-1.fc44.noarch" is already installed.
Package "cockpit-ws-367-1.fc44.x86_64" is already installed.
Package "cockpit-ws-selinux-367-1.fc44.x86_64" is already installed.
Package "fail2ban-1.1.0-16.fc44.noarch" is already installed.
Package "fail2ban-firewalld-1.1.0-16.fc44.noarch" is already installed.
Package "nmap-ncat-4:7.92-11.fc44.x86_64" is already installed.
No match for argument: zoom
Package "google-noto-color-emoji-fonts-20250623-4.fc44.noarch" is already installed.
Group "virtualization" is already installed.
Package "virt-install-5.1.0-4.fc44.noarch" is already installed.
Package "libvirt-daemon-config-network-12.0.0-3.fc44.x86_64" is already installed.
Package "libvirt-daemon-kvm-12.0.0-3.fc44.x86_64" is already installed.
Package "qemu-kvm-2:10.2.2-1.fc44.x86_64" is already installed.
Package "virt-manager-5.1.0-4.fc44.noarch" is already installed.
Package "virt-viewer-11.0-18.fc44.x86_64" is already installed.

Package                                          Arch   Version                                   Repository                   Size
Installing:
 DisplayCAL                                      noarch 0:3.9.16-8.fc44                           fedora                   32.4 MiB
 android-tools                                   x86_64 1:37.0.0-4.fc44                           updates                   8.3 MiB
 ansible-collection-community-general            noarch 0:12.6.0-1.fc44                           updates                   9.7 MiB
 bleachbit                                       noarch 0:4.6.0-8.fc44                            fedora                    3.2 MiB
 boundary                                        x86_64 0:0.21.3-1                                hashicorp               238.0 MiB
 buildah                                         x86_64 2:1.43.2-1.fc44                           updates                  31.7 MiB
 calibre                                         x86_64 0:9.13.0-1.fc44                           updates                  66.8 MiB
 clementine                                      x86_64 0:1.4.1-10.fc44                           fedora                   13.3 MiB
 cockpit-389-ds                                  noarch 0:3.2.2-2.fc44                            updates                 891.2 KiB
 cockpit-doc                                     noarch 0:367-1.fc44                              updates                   2.4 MiB
 cockpit-files                                   noarch 0:43-1.fc44                               updates                 405.0 KiB
 cockpit-ha-cluster                              noarch 0:0.12.2-2.fc44                           updates                   9.8 MiB
 cockpit-image-builder                           noarch 0:106-1.fc44                              updates                   3.7 MiB
 cockpit-kdump                                   noarch 0:367-1.fc44                              updates                 465.7 KiB
 cockpit-machines                                noarch 0:356-1.fc44                              updates                   1.0 MiB
 cockpit-ostree                                  noarch 1:225-1.fc44                              updates                 346.8 KiB
 cockpit-packagekit                              noarch 0:367-1.fc44                              updates                 958.1 KiB
 cockpit-podman                                  noarch 0:129-1.fc44                              updates                 634.9 KiB
 cockpit-selinux                                 noarch 0:367-1.fc44                              updates                 468.7 KiB
 cockpit-session-recording                       noarch 0:20-4.fc44                               fedora                  571.6 KiB
 cockpit-sosreport                               noarch 0:367-1.fc44                              updates                 463.3 KiB
 conda                                           noarch 0:25.11.1-3.fc44                          fedora                   15.0 KiB
 corectrl                                        x86_64 0:1.5.2-7.fc44                            fedora                    3.5 MiB
 distrobox                                       noarch 0:1.8.2.5-1.fc44                          updates                 479.5 KiB
 fail2ban-systemd                                noarch 0:1.1.0-16.fc44                           fedora                  272.0   B
 fastfetch                                       x86_64 0:2.66.0-1.fc44                           updates                   1.6 MiB
 ffmpegthumbnailer                               x86_64 0:2.3.0-2.fc44                            fedora                   47.5 KiB
 fish                                            x86_64 0:4.6.0-1.fc44                            fedora                   21.2 MiB
 flatpak-builder                                 x86_64 0:1.4.10-1.fc44                           updates                 600.8 KiB
 gh                                              x86_64 0:2.97.0-2.fc44                           updates                  39.9 MiB
 git-lfs                                         x86_64 0:3.7.1-6.fc44                            updates                  13.5 MiB
 gnome-boxes                                     x86_64 0:50.0-1.fc44                             fedora                    6.2 MiB
 godot                                           x86_64 0:4.7.2-1.fc44                            updates                 130.6 MiB
 google-chrome-stable                            x86_64 0:152.0.7977.82-1                         google-chrome           435.8 MiB
 google-noto-fonts-all                           noarch 0:20251201-2.fc44                         fedora                    0.0   B
 gtk3-devel                                      x86_64 0:3.24.52-2.fc44                          updates                  34.6 MiB
 incus-agent                                     x86_64 0:6.23-3.fc44                             updates                  18.4 MiB
 incus-client                                    x86_64 0:6.23-3.fc44                             updates                  24.9 MiB
 incus-tools                                     x86_64 0:6.23-3.fc44                             updates                  71.1 MiB
 kate                                            x86_64 0:26.08.0-1.fc44                          updates                  17.7 MiB
 kclock                                          x86_64 0:26.08.0-1.fc44                          updates                   2.7 MiB
 kcron                                           x86_64 0:26.08.0-1.fc44                          updates                   1.8 MiB
 kio-extras-devel                                x86_64 0:26.08.0-1.fc44                          updates                  10.9 KiB
 kio-extras-info                                 x86_64 0:26.08.0-1.fc44                          updates                  75.4 KiB
 kio-extras-kf5                                  x86_64 0:24.02.2-9.fc44                          fedora                    4.7 MiB
 kio-extras-kf5-devel                            x86_64 0:24.02.2-9.fc44                          fedora                   10.9 KiB
 kio-extras-kf5-info                             x86_64 0:24.02.2-9.fc44                          fedora                   39.6 KiB
 kio-ftps                                        x86_64 0:0.2-34.fc44                             fedora                  189.9 KiB
 kio-snapshot                                    x86_64 0:1.0.0-1.fc44                            updates                 177.5 KiB
 kio_gopher                                      x86_64 0:0.1.99-18.fc44                          fedora                  179.1 KiB
 kio_mtp                                         x86_64 0:0.75-35.20141221gitc418634.fc44         fedora                  136.0 KiB
 kmousetool                                      x86_64 0:26.08.0-1.fc44                          updates                 667.0 KiB
 kompare                                         x86_64 0:26.08.0-1.fc44                          updates                   2.4 MiB
 krename                                         x86_64 1:5.0.60~20260502.101040.4e03e61-1.fc44   updates                   2.4 MiB
 krusader                                        x86_64 0:2.9.0-4.fc44                            fedora                   14.9 MiB
 ksystemlog                                      x86_64 0:26.08.0-1.fc44                          updates                   6.3 MiB
 ktimer                                          x86_64 0:26.08.0-1.fc44                          updates                 961.6 KiB
 libguestfs                                      x86_64 1:1.60.1-1.fc44                           updates                   4.0 MiB
 libguestfs-bash-completion                      noarch 1:1.60.1-1.fc44                           updates                  11.3 KiB
 libguestfs-devel                                x86_64 1:1.60.1-1.fc44                           updates                 492.7 KiB
 libguestfs-forensics                            x86_64 1:1.60.1-1.fc44                           updates                  10.0   B
 libguestfs-gfs2                                 x86_64 1:1.60.1-1.fc44                           updates                  11.0   B
 libguestfs-hfsplus                              x86_64 1:1.60.1-1.fc44                           updates                  14.0   B
 libguestfs-inspect-icons                        noarch 1:1.60.1-1.fc44                           updates                   0.0   B
 libguestfs-man-pages-ja                         noarch 1:1.60.1-1.fc44                           updates                 515.5 KiB
 libguestfs-man-pages-uk                         noarch 1:1.60.1-1.fc44                           updates                 632.3 KiB
 libguestfs-rescue                               x86_64 1:1.60.1-1.fc44                           updates                  55.3 KiB
 libguestfs-rsync                                x86_64 1:1.60.1-1.fc44                           updates                   6.0   B
 libguestfs-ufs                                  x86_64 1:1.60.1-1.fc44                           updates                  21.0   B
 libguestfs-xfs                                  x86_64 1:1.60.1-1.fc44                           updates                   9.0   B
 libva-utils                                     x86_64 0:2.23.0-2.fc44                           fedora                    3.2 MiB
 microsoft-edge-stable                           x86_64 0:152.0.4191.66-1                         microsoft-edge          644.4 MiB
 nextcloud-client-dolphin                        x86_64 0:34.0.2-1.fc44                           updates                  96.8 KiB
 nix                                             x86_64 0:2.34.8-1.fc44                           updates                   0.0   B
 nix-daemon                                      noarch 0:2.34.8-1.fc44                           updates                   8.1 KiB
 ollama                                          x86_64 0:0.12.11-4.fc44                          fedora                  940.9 MiB
 packer                                          x86_64 0:1.16.0-1                                hashicorp               103.3 MiB
 pidgin                                          x86_64 0:2.14.14-4.fc44                          updates                   3.0 MiB
 pidgin-otr                                      x86_64 0:4.0.2-23.fc44                           fedora                  533.6 KiB
 podman                                          x86_64 5:5.8.4-1.fc44                            updates                  49.2 MiB
 podman-compose                                  noarch 0:1.6.0-1.fc44                            updates                 764.0 KiB
 podman-docker                                   noarch 5:5.8.4-1.fc44                            updates                  11.7 KiB
 podman-machine                                  x86_64 5:5.8.4-1.fc44                            updates                  12.0   B
 podman-remote                                   x86_64 5:5.8.4-1.fc44                            updates                  31.1 MiB
 podman-sequoia                                  x86_64 0:0.3.2-2.fc44                            updates                   7.0 MiB
 podman-tests                                    x86_64 5:5.8.4-1.fc44                            updates                  35.8 MiB
 podman-tui                                      x86_64 0:1.11.3-1.fc44                           updates                  31.9 MiB
 podmansh                                        x86_64 5:5.8.4-1.fc44                            updates                   1.6 KiB
 proton-vpn-cli                                  noarch 0:1.0.3-1.fc44                            protonvpn-fedora-stable 266.7 KiB
 proton-vpn-gnome-desktop                        noarch 0:0.10.1-1.fc44                           protonvpn-fedora-stable   0.0   B
 protonvpn-stable-release                        noarch 0:1.0.4-1                                 protonvpn-fedora-stable 305.0   B
 prusa-slicer                                    x86_64 0:2.9.6-1.fc44                            updates                 128.2 MiB
 rsms-inter-fonts                                noarch 0:4.1-3.fc44                              fedora                   14.4 MiB
 skopeo                                          x86_64 1:1.22.2-2.fc44                           updates                  24.9 MiB
 strace                                          x86_64 0:7.2-1.fc44                              updates                   2.7 MiB
 terraform                                       x86_64 0:1.16.1-1                                hashicorp               114.8 MiB
 terraform-ls                                    x86_64 0:0.39.0-1                                hashicorp                41.3 MiB
 terraform-stacks-cli                            x86_64 0:1.4.0-1                                 hashicorp                21.5 MiB
 tldr                                            noarch 0:3.4.4-1.fc44                            fedora                  108.8 KiB
 uv                                              x86_64 0:0.12.3-1.fc44                           updates                  42.2 MiB
 vagrant                                         x86_64 0:2.4.9-1                                 hashicorp               180.2 MiB
 vagrant-cachier                                 noarch 0:1.2.1-19.fc44                           fedora                   31.6 KiB
 vagrant-hostmanager                             noarch 0:1.8.10-7.fc44                           fedora                   37.0 KiB
 vagrant-libvirt                                 noarch 0:0.11.2-9.fc44                           fedora                  310.9 KiB
 vagrant-registration                            noarch 0:1.3.1-20.fc44                           fedora                   58.4 KiB
 vagrant-sshfs                                   noarch 0:1.3.7-13.fc44                           fedora                   93.0 KiB
 waypoint                                        x86_64 0:0.11.4-1                                hashicorp               145.5 MiB
 wireguard-tools                                 x86_64 0:1.0.20260223-1.fc44                     updates                 289.7 KiB
 zsh                                             x86_64 0:5.9-21.fc44                             updates                   7.9 MiB
Installing dependencies:
 389-ds-base                                     x86_64 0:3.2.2-2.fc44                            updates                  11.9 MiB
 389-ds-base-libs                                x86_64 0:3.2.2-2.fc44                            updates                   4.5 MiB
 389-ds-base-robdb-libs                          x86_64 0:3.2.2-2.fc44                            updates                  60.2 KiB
 NLopt                                           x86_64 0:2.10.0-10.fc44                          updates                 586.4 KiB
 NetworkManager-openvpn-gnome                    x86_64 1:1.12.5-4.fc44                           fedora                  354.8 KiB
 OpenColorIO                                     x86_64 0:2.4.2-8.fc44                            fedora                    7.8 MiB
 OpenImageIO                                     x86_64 1:3.1.15.0-1.fc44                         updates                   8.2 MiB
 PDAL-libs                                       x86_64 0:2.9.3-3.fc44                            fedora                    7.2 MiB
 SDL2_mixer                                      x86_64 0:2.8.1-4.fc44                            fedora                  361.6 KiB
 aardvark-dns                                    x86_64 2:1.17.1-1.fc44                           updates                   2.3 MiB
 adobe-source-code-pro-fonts                     noarch 0:2.042.1.062.1.026-9.fc44                fedora                    1.6 MiB
 afflib                                          x86_64 0:3.7.22-4.fc44                           fedora                  582.8 KiB
 alembic-libs                                    x86_64 0:1.8.12-1.fc44                           updates                   1.7 MiB
 appstream-compose                               x86_64 0:1.1.3-1.fc44                            updates                 371.3 KiB
 apr                                             x86_64 0:1.7.6-5.fc44                            fedora                  303.4 KiB
 apr-util                                        x86_64 0:1.6.5-1.fc44                            updates                 227.7 KiB
 argyllcms                                       x86_64 0:3.4.1-4.fc44                            fedora                   51.5 MiB
 argyllcms-data                                  noarch 0:3.4.1-4.fc44                            fedora                  647.6 KiB
 armadillo                                       x86_64 0:12.8.1-9.fc44                           fedora                   81.9 KiB
 arpack                                          x86_64 0:3.9.1-9.fc44                            fedora                  629.6 KiB
 at-spi2-atk-devel                               x86_64 0:2.60.6-1.fc44                           updates                   1.6 KiB
 at-spi2-core-devel                              x86_64 0:2.60.6-1.fc44                           updates                   4.5 MiB
 atk-devel                                       x86_64 0:2.60.6-1.fc44                           updates                   6.0 MiB
 attica                                          x86_64 0:0.4.2-36.fc44                           fedora                  846.0 KiB
 avahi-compat-libdns_sd                          x86_64 0:0.9~rc2-8.fc44                          fedora                   43.8 KiB
 bats                                            noarch 0:1.13.0-3.fc44                           fedora                  175.1 KiB
 bcc                                             x86_64 0:0.35.0-5.fc44                           fedora                    2.6 MiB
 bison                                           x86_64 0:3.8.2-15.fc44                           fedora                    3.5 MiB
 bitstream-vera-sans-fonts                       noarch 0:1.10-56.fc44                            fedora                  263.9 KiB
 bitstream-vera-sans-mono-fonts                  noarch 0:1.10-56.fc44                            fedora                  221.3 KiB
 blake3                                          x86_64 0:1.8.3-3.fc44                            fedora                  114.6 KiB
 blosc                                           x86_64 0:1.21.6-10.fc44                          fedora                  126.1 KiB
 boost-charconv                                  x86_64 0:1.90.0-7.fc44                           fedora                  161.5 KiB
 boost-context                                   x86_64 0:1.90.0-7.fc44                           fedora                   12.3 KiB
 boost-iostreams                                 x86_64 0:1.90.0-7.fc44                           fedora                   90.4 KiB
 boost-locale                                    x86_64 0:1.90.0-7.fc44                           fedora                  695.0 KiB
 boost-log                                       x86_64 0:1.90.0-7.fc44                           fedora                    1.5 MiB
 boost-nowide                                    x86_64 0:1.90.0-7.fc44                           fedora                   24.7 KiB
 boost-random                                    x86_64 0:1.90.0-7.fc44                           fedora                   29.4 KiB
 boost-serialization                             x86_64 0:1.90.0-7.fc44                           fedora                  453.1 KiB
 boost-url                                       x86_64 0:1.90.0-7.fc44                           fedora                  335.2 KiB
 bootc                                           x86_64 0:1.16.10-1.fc44                          updates                  18.3 MiB
 botan3                                          x86_64 0:3.9.0-7.fc44                            updates                   8.3 MiB
 brotli                                          x86_64 0:1.2.0-3.fc44                            fedora                   33.4 KiB
 brotli-devel                                    x86_64 0:1.2.0-3.fc44                            fedora                   65.9 KiB
 bzip2-devel                                     x86_64 0:1.0.8-23.fc44                           fedora                  309.8 KiB
 cairo-devel                                     x86_64 0:1.18.4-6.fc44                           fedora                    2.3 MiB
 cairo-gobject-devel                             x86_64 0:1.18.4-6.fc44                           fedora                    7.0 KiB
 catatonit                                       x86_64 0:0.2.1-5.fc44                            fedora                  788.3 KiB
 ceres-solver                                    x86_64 0:2.2.0-11.fc44                           fedora                    3.9 MiB
 cgnslib-libs                                    x86_64 0:4.5.1-3.fc44                            fedora                  944.6 KiB
 chmlib                                          x86_64 0:0.40-48.fc44                            fedora                  191.6 KiB
 clang-libs                                      x86_64 0:22.1.8-4.fc44                           updates                 109.7 MiB
 clang-resource-filesystem                       x86_64 0:22.1.8-4.fc44                           updates                  15.3 KiB
 clang21-libs                                    x86_64 0:21.1.8-5.fc44                           updates                 114.8 MiB
 clang21-resource-filesystem                     x86_64 0:21.1.8-5.fc44                           updates                  14.8 KiB
 cockpit                                         x86_64 0:367-1.fc44                              updates                  39.0 KiB
 composefs                                       x86_64 0:1.0.8-5.fc44                            fedora                  167.7 KiB
 conmon                                          x86_64 2:2.2.1-2.fc44                            fedora                  183.2 KiB
 containers-common                               noarch 5:0.67.0-1.fc44                           fedora                  133.5 KiB
 containers-common-extra                         noarch 5:0.67.0-1.fc44                           fedora                    0.0   B
 corosync                                        x86_64 0:3.1.10-5.fc44                           updates                 599.6 KiB
 cowsql                                          x86_64 0:1.15.9-5.fc44                           fedora                  203.7 KiB
 cpuinfo                                         x86_64 0:24.09.26-2.git1e83a2f.fc44.5            fedora                  106.3 KiB
 criu                                            x86_64 0:4.2.1-1.fc44                            updates                   1.7 MiB
 crun                                            x86_64 0:1.28-1.fc44                             updates                 605.9 KiB
 cyrus-sasl-scram                                x86_64 0:2.1.28-35.fc44                          fedora                   44.6 KiB
 dbus-devel                                      x86_64 1:1.16.2-1.fc44                           fedora                  131.7 KiB
 dbus-glib                                       x86_64 0:0.112-13.fc44                           fedora                  369.9 KiB
 dbusmenu-qt                                     x86_64 0:0.9.3-0.40.20160218.fc44                fedora                  211.6 KiB
 dbusmenu-qt5                                    x86_64 0:0.9.3-0.40.20160218.fc44                fedora                  197.0 KiB
 dcmtk                                           x86_64 0:3.6.9-5.fc44                            fedora                   40.8 MiB
 debugedit                                       x86_64 0:5.3-2.fc44                              updates                 220.8 KiB
 dhcpcd                                          x86_64 0:10.3.2-1.fc44                           updates                 512.7 KiB
 draco                                           x86_64 0:1.5.7-7.fc44                            fedora                    1.8 MiB
 dracut-squash                                   x86_64 0:108-7.fc44                              updates                   7.5 KiB
 dwz                                             x86_64 0:0.16-3.fc44                             fedora                  290.9 KiB
 elfutils-libelf-devel                           x86_64 0:0.196-1.fc44                            updates                 104.3 KiB
 embree                                          x86_64 0:4.4.1-1.fc44                            updates                  93.9 MiB
 enchant                                         x86_64 1:1.6.0-41.fc44                           fedora                  147.4 KiB
 farstream02                                     x86_64 0:0.2.9-20.fc44                           fedora                  673.3 KiB
 ffmpegthumbnailer-libs                          x86_64 0:2.3.0-2.fc44                            fedora                  270.8 KiB
 flex                                            x86_64 0:2.6.4-24.fc44                           fedora                  805.1 KiB
 flexiblas-netlib64                              x86_64 0:3.5.0-2.fc44                            fedora                   16.5 MiB
 flexiblas-openblas-openmp64                     x86_64 0:3.5.0-2.fc44                            fedora                   39.1 KiB
 fontconfig-devel                                x86_64 0:2.17.0-4.fc44                           fedora                  123.6 KiB
 freeglut                                        x86_64 0:3.8.0-2.fc44                            fedora                  485.2 KiB
 freetype-devel                                  x86_64 0:2.14.3-1.fc44                           updates                   8.6 MiB
 freexl                                          x86_64 0:2.0.0-20.fc44                           fedora                   93.2 KiB
 fribidi-devel                                   x86_64 0:1.0.16-4.fc44                           fedora                   78.0 KiB
 gc                                              x86_64 0:8.2.6-6.fc44                            fedora                  249.8 KiB
 gcc                                             x86_64 0:16.2.1-2.fc44                           updates                 121.8 MiB
 gcr-libs                                        x86_64 0:4.4.0.1-7.fc44                          fedora                    1.8 MiB
 gcr3                                            x86_64 0:3.41.1-12.fc44                          fedora                    1.7 MiB
 gcr3-base                                       x86_64 0:3.41.1-12.fc44                          fedora                  810.8 KiB
 gdal-libs                                       x86_64 0:3.12.4-1.fc44                           updates                  34.6 MiB
 gdisk                                           x86_64 0:1.0.10-5.fc44                           fedora                  790.2 KiB
 gdk-pixbuf2-devel                               x86_64 0:2.44.6^really2.44.4-3.fc44              updates                   2.2 MiB
 genisoimage                                     x86_64 0:1.1.11-63.fc44                          fedora                    1.1 MiB
 geos                                            x86_64 0:3.14.1-2.fc44                           fedora                    4.3 MiB
 gettext                                         x86_64 0:0.26-5.fc44                             updates                  12.9 MiB
 gflags                                          x86_64 0:2.2.2-19.fc44                           fedora                  297.1 KiB
 gfs2-utils                                      x86_64 0:3.6.1-3.fc44                            fedora                  684.9 KiB
 git                                             x86_64 0:2.55.0-1.fc44                           updates                  57.7 KiB
 git-core-doc                                    noarch 0:2.55.0-1.fc44                           updates                  18.9 MiB
 glfw                                            x86_64 1:3.4-6.fc44                              fedora                  386.1 KiB
 glib2-devel                                     x86_64 0:2.88.3-1.fc44                           updates                  15.8 MiB
 glibc-devel                                     x86_64 0:2.43-8.fc44                             updates                   2.3 MiB
 glog                                            x86_64 0:0.7.1-1.fc44                            fedora                  330.0 KiB
 glycin-devel                                    x86_64 0:2.1.5-1.fc44                            updates                 126.2 KiB
 gmp-c++                                         x86_64 1:6.3.0-5.fc44                            fedora                   31.5 KiB
 gnome-keyring                                   x86_64 0:50.0-1.fc44                             fedora                    3.5 MiB
 google-noto-fangsong-kss-rotated-fonts          noarch 0:20251201-2.fc44                         fedora                  620.2 KiB
 google-noto-fangsong-kss-vertical-fonts         noarch 0:20251201-2.fc44                         fedora                  217.3 KiB
 google-noto-kufi-arabic-fonts                   noarch 0:20251201-2.fc44                         fedora                    2.0 MiB
 google-noto-kufi-arabic-vf-fonts                noarch 0:20251201-2.fc44                         fedora                  224.7 KiB
 google-noto-music-fonts                         noarch 0:20251201-2.fc44                         fedora                   81.7 KiB
 google-noto-naskh-arabic-fonts                  noarch 0:20251201-2.fc44                         fedora                    1.0 MiB
 google-noto-naskh-arabic-ui-fonts               noarch 0:20251201-2.fc44                         fedora                  846.0 KiB
 google-noto-naskh-arabic-ui-vf-fonts            noarch 0:20251201-2.fc44                         fedora                  220.5 KiB
 google-noto-nastaliq-urdu-fonts                 noarch 0:20251201-2.fc44                         fedora                  498.3 KiB
 google-noto-nastaliq-urdu-vf-fonts              noarch 0:20251201-2.fc44                         fedora                  276.8 KiB
 google-noto-rashi-hebrew-fonts                  noarch 0:20251201-2.fc44                         fedora                  233.3 KiB
 google-noto-rashi-hebrew-vf-fonts               noarch 0:20251201-2.fc44                         fedora                   28.5 KiB
 google-noto-sans-adlam-fonts                    noarch 0:20251201-2.fc44                         fedora                  183.7 KiB
 google-noto-sans-adlam-unjoined-fonts           noarch 0:20251201-2.fc44                         fedora                   72.6 KiB
 google-noto-sans-adlam-unjoined-vf-fonts        noarch 0:20251201-2.fc44                         fedora                   37.8 KiB
 google-noto-sans-adlam-vf-fonts                 noarch 0:20251201-2.fc44                         fedora                   98.0 KiB
 google-noto-sans-anatolian-hieroglyphs-fonts    noarch 0:20251201-2.fc44                         fedora                  224.3 KiB
 google-noto-sans-arabic-fonts                   noarch 0:20251201-2.fc44                         fedora                    8.3 MiB
 google-noto-sans-arabic-ui-fonts                noarch 0:20251201-2.fc44                         fedora                    9.7 MiB
 google-noto-sans-arabic-ui-vf-fonts             noarch 0:20251201-2.fc44                         fedora                  317.2 KiB
 google-noto-sans-armenian-fonts                 noarch 0:20251201-2.fc44                         fedora                    1.0 MiB
 google-noto-sans-avestan-fonts                  noarch 0:20251201-2.fc44                         fedora                   23.5 KiB
 google-noto-sans-balinese-vf-fonts              noarch 0:20251201-2.fc44                         fedora                  152.8 KiB
 google-noto-sans-bamum-fonts                    noarch 0:20251201-2.fc44                         fedora                  901.6 KiB
 google-noto-sans-bamum-vf-fonts                 noarch 0:20251201-2.fc44                         fedora                  156.4 KiB
 google-noto-sans-bassa-vah-fonts                noarch 0:20251201-2.fc44                         fedora                   32.9 KiB
 google-noto-sans-bassa-vah-vf-fonts             noarch 0:20251201-2.fc44                         fedora                   14.1 KiB
 google-noto-sans-batak-fonts                    noarch 0:20251201-2.fc44                         fedora                   22.9 KiB
 google-noto-sans-bengali-fonts                  noarch 0:20251201-2.fc44                         fedora                    4.8 MiB
 google-noto-sans-bengali-ui-fonts               noarch 0:20251201-2.fc44                         fedora                    2.4 MiB
 google-noto-sans-bhaiksuki-fonts                noarch 0:20251201-2.fc44                         fedora                  228.5 KiB
 google-noto-sans-brahmi-fonts                   noarch 0:20251201-2.fc44                         fedora                   47.3 KiB
 google-noto-sans-buginese-fonts                 noarch 0:20251201-2.fc44                         fedora                    8.6 KiB
 google-noto-sans-buhid-fonts                    noarch 0:20251201-2.fc44                         fedora                    6.7 KiB
 google-noto-sans-canadian-aboriginal-fonts      noarch 0:20251201-2.fc44                         fedora                    1.5 MiB
 google-noto-sans-carian-fonts                   noarch 0:20251201-2.fc44                         fedora                   13.5 KiB
 google-noto-sans-caucasian-albanian-fonts       noarch 0:20251201-2.fc44                         fedora                   25.7 KiB
 google-noto-sans-chakma-fonts                   noarch 0:20251201-2.fc44                         fedora                   81.8 KiB
 google-noto-sans-cham-fonts                     noarch 0:20251201-2.fc44                         fedora                  284.4 KiB
 google-noto-sans-cham-vf-fonts                  noarch 0:20251201-2.fc44                         fedora                   53.9 KiB
 google-noto-sans-cherokee-fonts                 noarch 0:20251201-2.fc44                         fedora                  915.5 KiB
 google-noto-sans-chorasmian-fonts               noarch 0:20251201-2.fc44                         fedora                   18.4 KiB
 google-noto-sans-coptic-fonts                   noarch 0:20251201-2.fc44                         fedora                   49.3 KiB
 google-noto-sans-cuneiform-fonts                noarch 0:20251201-2.fc44                         fedora                  802.3 KiB
 google-noto-sans-cypriot-fonts                  noarch 0:20251201-2.fc44                         fedora                   15.7 KiB
 google-noto-sans-cypro-minoan-fonts             noarch 0:20251201-2.fc44                         fedora                   13.7 KiB
 google-noto-sans-deseret-fonts                  noarch 0:20251201-2.fc44                         fedora                   20.4 KiB
 google-noto-sans-devanagari-fonts               noarch 0:20251201-2.fc44                         fedora                    8.3 MiB
 google-noto-sans-devanagari-ui-fonts            noarch 0:20251201-2.fc44                         fedora                    8.1 MiB
 google-noto-sans-duployan-fonts                 noarch 0:20251201-2.fc44                         fedora                    3.0 MiB
 google-noto-sans-egyptian-hieroglyphs-fonts     noarch 0:20251201-2.fc44                         fedora                  573.6 KiB
 google-noto-sans-elbasan-fonts                  noarch 0:20251201-2.fc44                         fedora                   19.8 KiB
 google-noto-sans-elymaic-fonts                  noarch 0:20251201-2.fc44                         fedora                   10.1 KiB
 google-noto-sans-ethiopic-fonts                 noarch 0:20251201-2.fc44                         fedora                   12.7 MiB
 google-noto-sans-georgian-fonts                 noarch 0:20251201-2.fc44                         fedora                    1.9 MiB
 google-noto-sans-glagolitic-fonts               noarch 0:20251201-2.fc44                         fedora                   41.3 KiB
 google-noto-sans-grantha-fonts                  noarch 0:20251201-2.fc44                         fedora                  357.0 KiB
 google-noto-sans-gujarati-fonts                 noarch 0:20251201-2.fc44                         fedora                    6.8 MiB
 google-noto-sans-gujarati-ui-fonts              noarch 0:20251201-2.fc44                         fedora                    6.8 MiB
 google-noto-sans-gunjala-gondi-fonts            noarch 0:20251201-2.fc44                         fedora                  274.1 KiB
 google-noto-sans-gunjala-gondi-vf-fonts         noarch 0:20251201-2.fc44                         fedora                  119.4 KiB
 google-noto-sans-gurmukhi-fonts                 noarch 0:20251201-2.fc44                         fedora                    1.9 MiB
 google-noto-sans-gurmukhi-ui-fonts              noarch 0:20251201-2.fc44                         fedora                    1.9 MiB
 google-noto-sans-hanifi-rohingya-fonts          noarch 0:20251201-2.fc44                         fedora                  110.5 KiB
 google-noto-sans-hanifi-rohingya-vf-fonts       noarch 0:20251201-2.fc44                         fedora                   41.8 KiB
 google-noto-sans-hanunoo-fonts                  noarch 0:20251201-2.fc44                         fedora                    9.0 KiB
 google-noto-sans-hatran-fonts                   noarch 0:20251201-2.fc44                         fedora                    6.0 KiB
 google-noto-sans-hebrew-fonts                   noarch 0:20251201-2.fc44                         fedora                  961.7 KiB
 google-noto-sans-imperial-aramaic-fonts         noarch 0:20251201-2.fc44                         fedora                    7.5 KiB
 google-noto-sans-indic-siyaq-numbers-fonts      noarch 0:20251201-2.fc44                         fedora                   33.0 KiB
 google-noto-sans-inscriptional-pahlavi-fonts    noarch 0:20251201-2.fc44                         fedora                    7.0 KiB
 google-noto-sans-inscriptional-parthian-fonts   noarch 0:20251201-2.fc44                         fedora                    8.9 KiB
 google-noto-sans-javanese-fonts                 noarch 0:20251201-2.fc44                         fedora                  229.8 KiB
 google-noto-sans-javanese-vf-fonts              noarch 0:20251201-2.fc44                         fedora                  198.0 KiB
 google-noto-sans-kaithi-fonts                   noarch 0:20251201-2.fc44                         fedora                   69.4 KiB
 google-noto-sans-kannada-fonts                  noarch 0:20251201-2.fc44                         fedora                    6.4 MiB
 google-noto-sans-kannada-ui-fonts               noarch 0:20251201-2.fc44                         fedora                    6.4 MiB
 google-noto-sans-kannada-ui-vf-fonts            noarch 0:20251201-2.fc44                         fedora                  199.0 KiB
 google-noto-sans-kawi-fonts                     noarch 0:20251201-2.fc44                         fedora                   78.9 KiB
 google-noto-sans-kawi-vf-fonts                  noarch 0:20251201-2.fc44                         fedora                   57.8 KiB
 google-noto-sans-kayah-li-fonts                 noarch 0:20251201-2.fc44                         fedora                   69.7 KiB
 google-noto-sans-kayah-li-vf-fonts              noarch 0:20251201-2.fc44                         fedora                   16.2 KiB
 google-noto-sans-kharoshthi-fonts               noarch 0:20251201-2.fc44                         fedora                   34.9 KiB
 google-noto-sans-khmer-fonts                    noarch 0:20251201-2.fc44                         fedora                    3.9 MiB
 google-noto-sans-khojki-fonts                   noarch 0:20251201-2.fc44                         fedora                   70.2 KiB
 google-noto-sans-khudawadi-fonts                noarch 0:20251201-2.fc44                         fedora                   19.7 KiB
 google-noto-sans-lao-fonts                      noarch 0:20251201-2.fc44                         fedora                    1.2 MiB
 google-noto-sans-lao-looped-fonts               noarch 0:20251201-2.fc44                         fedora                    1.9 MiB
 google-noto-sans-lao-looped-vf-fonts            noarch 0:20251201-2.fc44                         fedora                   59.6 KiB
 google-noto-sans-lepcha-fonts                   noarch 0:20251201-2.fc44                         fedora                   26.9 KiB
 google-noto-sans-limbu-fonts                    noarch 0:20251201-2.fc44                         fedora                   14.0 KiB
 google-noto-sans-linear-a-fonts                 noarch 0:20251201-2.fc44                         fedora                   57.9 KiB
 google-noto-sans-linear-b-fonts                 noarch 0:20251201-2.fc44                         fedora                   62.5 KiB
 google-noto-sans-lisu-fonts                     noarch 0:20251201-2.fc44                         fedora                   51.2 KiB
 google-noto-sans-lisu-vf-fonts                  noarch 0:20251201-2.fc44                         fedora                   11.5 KiB
 google-noto-sans-lycian-fonts                   noarch 0:20251201-2.fc44                         fedora                    5.5 KiB
 google-noto-sans-lydian-fonts                   noarch 0:20251201-2.fc44                         fedora                    6.0 KiB
 google-noto-sans-mahajani-fonts                 noarch 0:20251201-2.fc44                         fedora                   23.3 KiB
 google-noto-sans-malayalam-fonts                noarch 0:20251201-2.fc44                         fedora                    3.9 MiB
 google-noto-sans-malayalam-ui-fonts             noarch 0:20251201-2.fc44                         fedora                    3.9 MiB
 google-noto-sans-malayalam-ui-vf-fonts          noarch 0:20251201-2.fc44                         fedora                  130.1 KiB
 google-noto-sans-malayalam-vf-fonts             noarch 0:20251201-2.fc44                         fedora                  130.0 KiB
 google-noto-sans-mandaic-fonts                  noarch 0:20251201-2.fc44                         fedora                   30.0 KiB
 google-noto-sans-manichaean-fonts               noarch 0:20251201-2.fc44                         fedora                   52.2 KiB
 google-noto-sans-marchen-fonts                  noarch 0:20251201-2.fc44                         fedora                  125.8 KiB
 google-noto-sans-masaram-gondi-fonts            noarch 0:20251201-2.fc44                         fedora                   31.4 KiB
 google-noto-sans-mayan-numerals-fonts           noarch 0:20251201-2.fc44                         fedora                    5.8 KiB
 google-noto-sans-medefaidrin-fonts              noarch 0:20251201-2.fc44                         fedora                  172.0 KiB
 google-noto-sans-medefaidrin-vf-fonts           noarch 0:20251201-2.fc44                         fedora                   56.1 KiB
 google-noto-sans-meetei-mayek-fonts             noarch 0:20251201-2.fc44                         fedora                  146.8 KiB
 google-noto-sans-mende-kikakui-fonts            noarch 0:20251201-2.fc44                         fedora                   35.8 KiB
 google-noto-sans-meroitic-fonts                 noarch 0:20251201-2.fc44                         fedora                   34.0 KiB
 google-noto-sans-miao-fonts                     noarch 0:20251201-2.fc44                         fedora                   36.9 KiB
 google-noto-sans-modi-fonts                     noarch 0:20251201-2.fc44                         fedora                   44.6 KiB
 google-noto-sans-mongolian-fonts                noarch 0:20251201-2.fc44                         fedora                  338.3 KiB
 google-noto-sans-mro-fonts                      noarch 0:20251201-2.fc44                         fedora                    7.8 KiB
 google-noto-sans-multani-fonts                  noarch 0:20251201-2.fc44                         fedora                   17.5 KiB
 google-noto-sans-myanmar-fonts                  noarch 0:20251201-2.fc44                         fedora                    6.9 MiB
 google-noto-sans-myanmar-vf-fonts               noarch 0:20251201-2.fc44                         fedora                  228.8 KiB
 google-noto-sans-nabataean-fonts                noarch 0:20251201-2.fc44                         fedora                    9.3 KiB
 google-noto-sans-nag-mundari-fonts              noarch 0:20251201-2.fc44                         fedora                   36.8 KiB
 google-noto-sans-nag-mundari-vf-fonts           noarch 0:20251201-2.fc44                         fedora                   18.1 KiB
 google-noto-sans-nandinagari-fonts              noarch 0:20251201-2.fc44                         fedora                  207.3 KiB
 google-noto-sans-new-tai-lue-fonts              noarch 0:20251201-2.fc44                         fedora                   78.6 KiB
 google-noto-sans-new-tai-lue-vf-fonts           noarch 0:20251201-2.fc44                         fedora                   32.5 KiB
 google-noto-sans-newa-fonts                     noarch 0:20251201-2.fc44                         fedora                  150.5 KiB
 google-noto-sans-nko-unjoined-fonts             noarch 0:20251201-2.fc44                         fedora                   41.1 KiB
 google-noto-sans-nko-unjoined-vf-fonts          noarch 0:20251201-2.fc44                         fedora                   18.9 KiB
 google-noto-sans-nushu-fonts                    noarch 0:20251201-2.fc44                         fedora                  114.9 KiB
 google-noto-sans-ogham-fonts                    noarch 0:20251201-2.fc44                         fedora                    5.8 KiB
 google-noto-sans-ol-chiki-fonts                 noarch 0:20251201-2.fc44                         fedora                   61.5 KiB
 google-noto-sans-old-hungarian-fonts            noarch 0:20251201-2.fc44                         fedora                   53.8 KiB
 google-noto-sans-old-italic-fonts               noarch 0:20251201-2.fc44                         fedora                    8.5 KiB
 google-noto-sans-old-north-arabian-fonts        noarch 0:20251201-2.fc44                         fedora                    8.2 KiB
 google-noto-sans-old-permic-fonts               noarch 0:20251201-2.fc44                         fedora                   10.9 KiB
 google-noto-sans-old-persian-fonts              noarch 0:20251201-2.fc44                         fedora                   13.6 KiB
 google-noto-sans-old-sogdian-fonts              noarch 0:20251201-2.fc44                         fedora                   18.7 KiB
 google-noto-sans-old-south-arabian-fonts        noarch 0:20251201-2.fc44                         fedora                    6.3 KiB
 google-noto-sans-old-turkic-fonts               noarch 0:20251201-2.fc44                         fedora                   16.1 KiB
 google-noto-sans-oriya-fonts                    noarch 0:20251201-2.fc44                         fedora                    1.3 MiB
 google-noto-sans-osage-fonts                    noarch 0:20251201-2.fc44                         fedora                   21.5 KiB
 google-noto-sans-osmanya-fonts                  noarch 0:20251201-2.fc44                         fedora                   17.6 KiB
 google-noto-sans-pahawh-hmong-fonts             noarch 0:20251201-2.fc44                         fedora                   19.2 KiB
 google-noto-sans-palmyrene-fonts                noarch 0:20251201-2.fc44                         fedora                   16.4 KiB
 google-noto-sans-pau-cin-hau-fonts              noarch 0:20251201-2.fc44                         fedora                   10.3 KiB
 google-noto-sans-phagspa-fonts                  noarch 0:20251201-2.fc44                         fedora                   40.1 KiB
 google-noto-sans-phoenician-fonts               noarch 0:20251201-2.fc44                         fedora                    7.2 KiB
 google-noto-sans-psalter-pahlavi-fonts          noarch 0:20251201-2.fc44                         fedora                   36.1 KiB
 google-noto-sans-rejang-fonts                   noarch 0:20251201-2.fc44                         fedora                    9.0 KiB
 google-noto-sans-runic-fonts                    noarch 0:20251201-2.fc44                         fedora                   11.1 KiB
 google-noto-sans-samaritan-fonts                noarch 0:20251201-2.fc44                         fedora                   12.0 KiB
 google-noto-sans-saurashtra-fonts               noarch 0:20251201-2.fc44                         fedora                   35.9 KiB
 google-noto-sans-sharada-fonts                  noarch 0:20251201-2.fc44                         fedora                   53.5 KiB
 google-noto-sans-shavian-fonts                  noarch 0:20251201-2.fc44                         fedora                   14.2 KiB
 google-noto-sans-siddham-fonts                  noarch 0:20251201-2.fc44                         fedora                  142.9 KiB
 google-noto-sans-signwriting-fonts              noarch 0:20251201-2.fc44                         fedora                    5.0 MiB
 google-noto-sans-sinhala-fonts                  noarch 0:20251201-2.fc44                         fedora                   10.0 MiB
 google-noto-sans-sinhala-ui-fonts               noarch 0:20251201-2.fc44                         fedora                   11.1 MiB
 google-noto-sans-sogdian-fonts                  noarch 0:20251201-2.fc44                         fedora                   95.6 KiB
 google-noto-sans-sora-sompeng-fonts             noarch 0:20251201-2.fc44                         fedora                   33.2 KiB
 google-noto-sans-sora-sompeng-vf-fonts          noarch 0:20251201-2.fc44                         fedora                   15.4 KiB
 google-noto-sans-soyombo-fonts                  noarch 0:20251201-2.fc44                         fedora                   66.2 KiB
 google-noto-sans-sundanese-fonts                noarch 0:20251201-2.fc44                         fedora                   91.3 KiB
 google-noto-sans-sundanese-vf-fonts             noarch 0:20251201-2.fc44                         fedora                   17.7 KiB
 google-noto-sans-sunuwar-fonts                  noarch 0:20251201-2.fc44                         fedora                   15.7 KiB
 google-noto-sans-syloti-nagri-fonts             noarch 0:20251201-2.fc44                         fedora                   17.8 KiB
 google-noto-sans-symbols-fonts                  noarch 0:20251201-2.fc44                         fedora                    2.0 MiB
 google-noto-sans-syriac-eastern-fonts           noarch 0:20251201-2.fc44                         fedora                  183.2 KiB
 google-noto-sans-syriac-eastern-vf-fonts        noarch 0:20251201-2.fc44                         fedora                   67.6 KiB
 google-noto-sans-syriac-fonts                   noarch 0:20251201-2.fc44                         fedora                  219.2 KiB
 google-noto-sans-syriac-western-fonts           noarch 0:20251201-2.fc44                         fedora                  233.2 KiB
 google-noto-sans-syriac-western-vf-fonts        noarch 0:20251201-2.fc44                         fedora                   91.6 KiB
 google-noto-sans-tagalog-fonts                  noarch 0:20251201-2.fc44                         fedora                    8.3 KiB
 google-noto-sans-tagbanwa-fonts                 noarch 0:20251201-2.fc44                         fedora                    7.3 KiB
 google-noto-sans-tai-le-fonts                   noarch 0:20251201-2.fc44                         fedora                   20.4 KiB
 google-noto-sans-tai-tham-fonts                 noarch 0:20251201-2.fc44                         fedora                  461.1 KiB
 google-noto-sans-tai-tham-vf-fonts              noarch 0:20251201-2.fc44                         fedora                  132.0 KiB
 google-noto-sans-tai-viet-fonts                 noarch 0:20251201-2.fc44                         fedora                   31.3 KiB
 google-noto-sans-takri-fonts                    noarch 0:20251201-2.fc44                         fedora                   19.4 KiB
 google-noto-sans-tamil-fonts                    noarch 0:20251201-2.fc44                         fedora                    2.5 MiB
 google-noto-sans-tamil-supplement-fonts         noarch 0:20251201-2.fc44                         fedora                   16.7 KiB
 google-noto-sans-tamil-ui-fonts                 noarch 0:20251201-2.fc44                         fedora                    2.5 MiB
 google-noto-sans-tamil-ui-vf-fonts              noarch 0:20251201-2.fc44                         fedora                   78.4 KiB
 google-noto-sans-tangsa-fonts                   noarch 0:20251201-2.fc44                         fedora                   91.9 KiB
 google-noto-sans-tangsa-vf-fonts                noarch 0:20251201-2.fc44                         fedora                   40.1 KiB
 google-noto-sans-telugu-fonts                   noarch 0:20251201-2.fc44                         fedora                    8.1 MiB
 google-noto-sans-telugu-ui-fonts                noarch 0:20251201-2.fc44                         fedora                    7.8 MiB
 google-noto-sans-telugu-ui-vf-fonts             noarch 0:20251201-2.fc44                         fedora                  217.4 KiB
 google-noto-sans-thaana-fonts                   noarch 0:20251201-2.fc44                         fedora                  244.3 KiB
 google-noto-sans-thai-fonts                     noarch 0:20251201-2.fc44                         fedora                    1.3 MiB
 google-noto-sans-thai-looped-fonts              noarch 0:20251201-2.fc44                         fedora                    1.9 MiB
 google-noto-sans-thai-looped-vf-fonts           noarch 0:20251201-2.fc44                         fedora                   57.8 KiB
 google-noto-sans-tifinagh-adrar-fonts           noarch 0:20251201-2.fc44                         fedora                   78.7 KiB
 google-noto-sans-tifinagh-agraw-imazighen-fonts noarch 0:20251201-2.fc44                         fedora                   79.0 KiB
 google-noto-sans-tifinagh-ahaggar-fonts         noarch 0:20251201-2.fc44                         fedora                   79.2 KiB
 google-noto-sans-tifinagh-air-fonts             noarch 0:20251201-2.fc44                         fedora                   79.3 KiB
 google-noto-sans-tifinagh-apt-fonts             noarch 0:20251201-2.fc44                         fedora                   79.1 KiB
 google-noto-sans-tifinagh-azawagh-fonts         noarch 0:20251201-2.fc44                         fedora                   79.4 KiB
 google-noto-sans-tifinagh-fonts                 noarch 0:20251201-2.fc44                         fedora                   79.1 KiB
 google-noto-sans-tifinagh-ghat-fonts            noarch 0:20251201-2.fc44                         fedora                   78.7 KiB
 google-noto-sans-tifinagh-hawad-fonts           noarch 0:20251201-2.fc44                         fedora                   78.9 KiB
 google-noto-sans-tifinagh-rhissa-ixa-fonts      noarch 0:20251201-2.fc44                         fedora                   79.1 KiB
 google-noto-sans-tifinagh-sil-fonts             noarch 0:20251201-2.fc44                         fedora                   79.3 KiB
 google-noto-sans-tifinagh-tawellemmet-fonts     noarch 0:20251201-2.fc44                         fedora                   79.4 KiB
 google-noto-sans-tirhuta-fonts                  noarch 0:20251201-2.fc44                         fedora                   96.0 KiB
 google-noto-sans-ugaritic-fonts                 noarch 0:20251201-2.fc44                         fedora                    8.3 KiB
 google-noto-sans-vai-fonts                      noarch 0:20251201-2.fc44                         fedora                   90.6 KiB
 google-noto-sans-vithkuqi-fonts                 noarch 0:20251201-2.fc44                         fedora                   73.2 KiB
 google-noto-sans-vithkuqi-vf-fonts              noarch 0:20251201-2.fc44                         fedora                   53.9 KiB
 google-noto-sans-wancho-fonts                   noarch 0:20251201-2.fc44                         fedora                   19.4 KiB
 google-noto-sans-warang-citi-fonts              noarch 0:20251201-2.fc44                         fedora                   28.1 KiB
 google-noto-sans-zanabazar-square-fonts         noarch 0:20251201-2.fc44                         fedora                   21.5 KiB
 google-noto-serif-ahom-fonts                    noarch 0:20251201-2.fc44                         fedora                   22.1 KiB
 google-noto-serif-armenian-fonts                noarch 0:20251201-2.fc44                         fedora                    1.1 MiB
 google-noto-serif-balinese-fonts                noarch 0:20251201-2.fc44                         fedora                   54.1 KiB
 google-noto-serif-bengali-fonts                 noarch 0:20251201-2.fc44                         fedora                   10.4 MiB
 google-noto-serif-devanagari-fonts              noarch 0:20251201-2.fc44                         fedora                    9.9 MiB
 google-noto-serif-dives-akuru-fonts             noarch 0:20251201-2.fc44                         fedora                  297.1 KiB
 google-noto-serif-dogra-fonts                   noarch 0:20251201-2.fc44                         fedora                   29.5 KiB
 google-noto-serif-ethiopic-fonts                noarch 0:20251201-2.fc44                         fedora                   10.8 MiB
 google-noto-serif-georgian-fonts                noarch 0:20251201-2.fc44                         fedora                    2.2 MiB
 google-noto-serif-grantha-fonts                 noarch 0:20251201-2.fc44                         fedora                  358.8 KiB
 google-noto-serif-gujarati-fonts                noarch 0:20251201-2.fc44                         fedora                    1.2 MiB
 google-noto-serif-gurmukhi-fonts                noarch 0:20251201-2.fc44                         fedora                  474.2 KiB
 google-noto-serif-hebrew-fonts                  noarch 0:20251201-2.fc44                         fedora                    1.0 MiB
 google-noto-serif-hentaigana-fonts              noarch 0:20251201-2.fc44                         fedora                    1.0 MiB
 google-noto-serif-hentaigana-vf-fonts           noarch 0:20251201-2.fc44                         fedora                  444.4 KiB
 google-noto-serif-kannada-fonts                 noarch 0:20251201-2.fc44                         fedora                    1.5 MiB
 google-noto-serif-khitan-small-script-fonts     noarch 0:20251201-2.fc44                         fedora                  596.4 KiB
 google-noto-serif-khmer-fonts                   noarch 0:20251201-2.fc44                         fedora                    5.1 MiB
 google-noto-serif-khojki-fonts                  noarch 0:20251201-2.fc44                         fedora                  289.4 KiB
 google-noto-serif-khojki-vf-fonts               noarch 0:20251201-2.fc44                         fedora                  167.4 KiB
 google-noto-serif-lao-fonts                     noarch 0:20251201-2.fc44                         fedora                    1.5 MiB
 google-noto-serif-makasar-fonts                 noarch 0:20251201-2.fc44                         fedora                    8.2 KiB
 google-noto-serif-malayalam-fonts               noarch 0:20251201-2.fc44                         fedora                  991.2 KiB
 google-noto-serif-malayalam-vf-fonts            noarch 0:20251201-2.fc44                         fedora                  116.5 KiB
 google-noto-serif-myanmar-fonts                 noarch 0:20251201-2.fc44                         fedora                    9.4 MiB
 google-noto-serif-np-hmong-fonts                noarch 0:20251201-2.fc44                         fedora                   97.6 KiB
 google-noto-serif-np-hmong-vf-fonts             noarch 0:20251201-2.fc44                         fedora                   42.3 KiB
 google-noto-serif-old-uyghur-fonts              noarch 0:20251201-2.fc44                         fedora                   32.5 KiB
 google-noto-serif-oriya-fonts                   noarch 0:20251201-2.fc44                         fedora                  586.6 KiB
 google-noto-serif-ottoman-siyaq-fonts           noarch 0:20251201-2.fc44                         fedora                   20.3 KiB
 google-noto-serif-sinhala-fonts                 noarch 0:20251201-2.fc44                         fedora                   11.3 MiB
 google-noto-serif-tamil-fonts                   noarch 0:20251201-2.fc44                         fedora                    5.5 MiB
 google-noto-serif-tangut-fonts                  noarch 0:20251201-2.fc44                         fedora                    2.9 MiB
 google-noto-serif-telugu-fonts                  noarch 0:20251201-2.fc44                         fedora                    2.8 MiB
 google-noto-serif-thai-fonts                    noarch 0:20251201-2.fc44                         fedora                    1.6 MiB
 google-noto-serif-tibetan-fonts                 noarch 0:20251201-2.fc44                         fedora                    5.2 MiB
 google-noto-serif-tibetan-vf-fonts              noarch 0:20251201-2.fc44                         fedora                    1.1 MiB
 google-noto-serif-todhri-fonts                  noarch 0:20251201-2.fc44                         fedora                   12.2 KiB
 google-noto-serif-toto-fonts                    noarch 0:20251201-2.fc44                         fedora                   28.8 KiB
 google-noto-serif-toto-vf-fonts                 noarch 0:20251201-2.fc44                         fedora                   12.1 KiB
 google-noto-serif-vithkuqi-fonts                noarch 0:20251201-2.fc44                         fedora                   76.0 KiB
 google-noto-serif-vithkuqi-vf-fonts             noarch 0:20251201-2.fc44                         fedora                   53.9 KiB
 google-noto-serif-yezidi-fonts                  noarch 0:20251201-2.fc44                         fedora                   72.7 KiB
 google-noto-serif-yezidi-vf-fonts               noarch 0:20251201-2.fc44                         fedora                   29.0 KiB
 google-noto-traditional-nushu-fonts             noarch 0:20251201-2.fc44                         fedora                  310.3 KiB
 google-noto-traditional-nushu-vf-fonts          noarch 0:20251201-2.fc44                         fedora                  168.5 KiB
 google-noto-znamenny-musical-notation-fonts     noarch 0:20251201-2.fc44                         fedora                   45.5 KiB
 graphite2-devel                                 x86_64 0:1.3.14-20.fc44                          fedora                   49.3 KiB
 gtk2                                            x86_64 0:2.24.33-25.fc44                         fedora                   13.0 MiB
 gtk2-engines                                    x86_64 0:2.20.2-34.fc44                          fedora                    1.1 MiB
 gtkspell                                        x86_64 0:2.0.16-34.fc44                          fedora                   78.9 KiB
 gvisor-tap-vsock                                x86_64 6:0.8.9-1.fc44                            updates                  12.4 MiB
 gvisor-tap-vsock-gvforwarder                    x86_64 6:0.8.9-1.fc44                            updates                   6.0 MiB
 harfbuzz-cairo                                  x86_64 0:14.1.0-2.fc44                           updates                  52.1 KiB
 harfbuzz-devel                                  x86_64 0:14.1.0-2.fc44                           updates                   6.1 MiB
 harfbuzz-gpu                                    x86_64 0:14.1.0-2.fc44                           updates                  87.7 KiB
 harfbuzz-icu                                    x86_64 0:14.1.0-2.fc44                           updates                  15.2 KiB
 harfbuzz-raster                                 x86_64 0:14.1.0-2.fc44                           updates                 209.8 KiB
 harfbuzz-vector                                 x86_64 0:14.1.0-2.fc44                           updates                 100.9 KiB
 hdf-libs                                        x86_64 0:4.3.0-5.fc44                            fedora                  706.9 KiB
 hdf5                                            x86_64 0:1.14.6-7.fc44                           fedora                    6.5 MiB
 hexedit                                         x86_64 0:1.6-10.fc44                             fedora                   77.7 KiB
 hipblas                                         x86_64 0:7.1.0-6.fc44                            fedora                  803.1 KiB
 hipcc                                           x86_64 0:20-13.rocm7.1.1.fc44                    fedora                  633.6 KiB
 hivex-libs                                      x86_64 0:1.3.24-13.fc44                          fedora                   88.7 KiB
 httpd-tools                                     x86_64 0:2.4.68-1.fc44                           updates                 198.1 KiB
 hyphen                                          x86_64 0:2.8.8-28.fc44                           fedora                   51.5 KiB
 ibus-gtk2                                       x86_64 0:1.5.34-4.fc44                           updates                  44.0 KiB
 icoutils                                        x86_64 0:0.32.3-20.fc44                          fedora                  191.7 KiB
 image-builder                                   x86_64 0:79.0.0-1.fc44                           updates                  78.1 MiB
 incus                                           x86_64 0:6.23-3.fc44                             updates                  72.2 MiB
 ispc                                            x86_64 0:1.30.0-1.fc44                           fedora                  220.9 MiB
 javascriptcoregtk4.1                            x86_64 0:2.52.5-1.fc44                           updates                  32.2 MiB
 jemalloc                                        x86_64 0:5.3.0-14.fc44                           fedora                    1.1 MiB
 jitterentropy                                   x86_64 0:3.7.0-3.fc44                            updates                  87.3 KiB
 jxrlib                                          x86_64 0:1.1-33.fc44                             fedora                  763.4 KiB
 kate-libs                                       x86_64 0:26.08.0-1.fc44                          updates                   2.0 MiB
 kde-apps-rpm-macros                             noarch 6:4.14.38-53.fc44                         updates                 297.0   B
 kde-workspace-common                            noarch 1:4.11.22-47.fc44                         fedora                   18.2 KiB
 kde4-filesystem                                 x86_64 0:5-7.fc44                                fedora                    1.7 KiB
 kdelibs                                         x86_64 6:4.14.38-53.fc44                         updates                  38.5 MiB
 kdelibs-common                                  x86_64 6:4.14.38-53.fc44                         updates                   2.5 MiB
 kdelibs-ktexteditor                             x86_64 6:4.14.38-53.fc44                         updates                 288.8 KiB
 kdsoap                                          x86_64 0:2.2.0-9.fc44                            fedora                  380.9 KiB
 kdump-utils                                     x86_64 0:1.0.61-1.fc44                           updates                 294.6 KiB
 kernel-headers                                  x86_64 0:7.1.3-200.fc44                          updates                   6.9 MiB
 kf5-attica                                      x86_64 0:5.116.0-5.fc44                          fedora                  657.6 KiB
 kf5-frameworkintegration                        x86_64 0:5.116.0-11.fc44                         fedora                    1.7 MiB
 kf5-frameworkintegration-libs                   x86_64 0:5.116.0-11.fc44                         fedora                   71.3 KiB
 kf5-kactivities                                 x86_64 0:5.116.0-5.fc44                          fedora                  458.6 KiB
 kf5-kactivities-stats                           x86_64 0:5.116.0-5.fc44                          fedora                  355.8 KiB
 kf5-karchive                                    x86_64 0:5.116.0-5.fc44                          fedora                  589.4 KiB
 kf5-kauth                                       x86_64 0:5.116.0-5.fc44                          fedora                  411.7 KiB
 kf5-kbookmarks                                  x86_64 0:5.116.0-5.fc44                          fedora                  680.8 KiB
 kf5-kcodecs                                     x86_64 0:5.116.0-5.fc44                          fedora                  720.3 KiB
 kf5-kcompletion                                 x86_64 0:5.116.0-5.fc44                          fedora                  335.0 KiB
 kf5-kconfig-core                                x86_64 0:5.116.0-6.fc44                          fedora                    1.2 MiB
 kf5-kconfig-gui                                 x86_64 0:5.116.0-6.fc44                          fedora                  145.5 KiB
 kf5-kconfigwidgets                              x86_64 0:5.116.0-5.fc44                          fedora                    1.5 MiB
 kf5-kcoreaddons                                 x86_64 0:5.116.0-5.fc44                          fedora                    1.8 MiB
 kf5-kcrash                                      x86_64 0:5.116.0-5.fc44                          fedora                   75.5 KiB
 kf5-kdbusaddons                                 x86_64 0:5.116.0-5.fc44                          fedora                  257.0 KiB
 kf5-kdnssd                                      x86_64 0:5.116.0-5.fc44                          fedora                  220.4 KiB
 kf5-kdoctools                                   x86_64 0:5.116.0-5.fc44                          fedora                    2.1 MiB
 kf5-kglobalaccel                                x86_64 0:5.116.0-5.fc44                          fedora                  147.5 KiB
 kf5-kglobalaccel-libs                           x86_64 0:5.116.0-5.fc44                          fedora                  130.5 KiB
 kf5-kguiaddons                                  x86_64 0:5.116.0-5.fc44                          fedora                  377.4 KiB
 kf5-ki18n                                       x86_64 0:5.116.0-6.fc44                          fedora                   17.0 MiB
 kf5-kiconthemes                                 x86_64 0:5.116.0-5.fc44                          fedora                  543.6 KiB
 kf5-kinit                                       x86_64 0:5.116.0-5.fc44                          fedora                  551.6 KiB
 kf5-kio-core                                    x86_64 0:5.116.0-6.fc44                          fedora                    2.0 MiB
 kf5-kio-core-libs                               x86_64 0:5.116.0-6.fc44                          fedora                    1.5 MiB
 kf5-kio-doc                                     noarch 0:5.116.0-6.fc44                          fedora                   14.8 MiB
 kf5-kio-file-widgets                            x86_64 0:5.116.0-6.fc44                          fedora                  993.7 KiB
 kf5-kio-gui                                     x86_64 0:5.116.0-6.fc44                          fedora                  272.3 KiB
 kf5-kio-ntlm                                    x86_64 0:5.116.0-6.fc44                          fedora                   27.4 KiB
 kf5-kio-widgets                                 x86_64 0:5.116.0-6.fc44                          fedora                    1.6 MiB
 kf5-kio-widgets-libs                            x86_64 0:5.116.0-6.fc44                          fedora                    1.3 MiB
 kf5-kirigami2                                   x86_64 0:5.116.0-5.fc44                          fedora                    1.8 MiB
 kf5-kitemviews                                  x86_64 0:5.116.0-5.fc44                          fedora                  330.2 KiB
 kf5-kjobwidgets                                 x86_64 0:5.116.0-5.fc44                          fedora                  458.8 KiB
 kf5-knewstuff                                   x86_64 0:5.116.0-5.fc44                          fedora                    3.8 MiB
 kf5-knotifications                              x86_64 0:5.116.0-5.fc44                          fedora                  498.7 KiB
 kf5-kpackage                                    x86_64 0:5.116.0-5.fc44                          fedora                  739.9 KiB
 kf5-kservice                                    x86_64 0:5.116.0-5.fc44                          fedora                    1.0 MiB
 kf5-ktextwidgets                                x86_64 0:5.116.0-5.fc44                          fedora                    1.4 MiB
 kf5-kwallet                                     x86_64 0:5.116.0-5.fc44                          fedora                    1.5 MiB
 kf5-kwallet-libs                                x86_64 0:5.116.0-5.fc44                          fedora                  125.6 KiB
 kf5-kwayland                                    x86_64 0:5.116.0-11.fc44                         fedora                    2.0 MiB
 kf5-kwidgetsaddons                              x86_64 0:5.116.0-5.fc44                          fedora                    6.6 MiB
 kf5-kwindowsystem                               x86_64 0:5.116.0-5.fc44                          fedora                  538.1 KiB
 kf5-kxmlgui                                     x86_64 0:5.116.0-5.fc44                          fedora                    3.4 MiB
 kf5-qqc2-desktop-style                          x86_64 0:5.116.1-5.fc44                          fedora                  470.2 KiB
 kf5-solid                                       x86_64 0:5.116.0-6.fc44                          fedora                    1.8 MiB
 kf5-sonnet                                      x86_64 0:5.116.0-5.fc44                          fedora                   58.5 KiB
 kf5-sonnet-core                                 x86_64 0:5.116.0-5.fc44                          fedora                  558.7 KiB
 kf5-sonnet-ui                                   x86_64 0:5.116.0-5.fc44                          fedora                  943.8 KiB
 kf5-syndication                                 x86_64 1:5.116.0-5.fc44                          fedora                  616.9 KiB
 kf5-syntax-highlighting                         x86_64 0:5.116.0-5.fc44                          fedora                    2.4 MiB
 kompare-libs                                    x86_64 0:26.08.0-1.fc44                          updates                 472.1 KiB
 laszip                                          x86_64 0:3.5.0-3.fc44                            fedora                  749.4 KiB
 lcms2-devel                                     x86_64 0:2.16-7.fc44                             fedora                  135.7 KiB
 libGLEW                                         x86_64 0:2.2.0-12.fc44                           fedora                  760.2 KiB
 libX11-devel                                    x86_64 0:1.8.13-1.fc44                           fedora                    1.0 MiB
 libXau-devel                                    x86_64 0:1.0.12-4.fc44                           fedora                    7.3 KiB
 libXcomposite-devel                             x86_64 0:0.4.6-7.fc44                            fedora                    7.6 KiB
 libXcursor-devel                                x86_64 0:1.2.3-4.fc44                            fedora                   20.5 KiB
 libXdamage-devel                                x86_64 0:1.1.6-7.fc44                            fedora                    2.5 KiB
 libXext-devel                                   x86_64 0:1.3.6-5.fc44                            fedora                   97.7 KiB
 libXfixes-devel                                 x86_64 0:6.0.1-7.fc44                            fedora                    9.2 KiB
 libXft-devel                                    x86_64 0:2.3.8-10.fc44                           fedora                   29.1 KiB
 libXi-devel                                     x86_64 0:1.8.3-1.fc44                            updates                 132.2 KiB
 libXinerama-devel                               x86_64 0:1.1.5-10.fc44                           fedora                    6.9 KiB
 libXrandr-devel                                 x86_64 0:1.5.4-7.fc44                            fedora                   21.3 KiB
 libXrender-devel                                x86_64 0:0.9.12-4.fc44                           fedora                   50.1 KiB
 libXtst-devel                                   x86_64 0:1.2.5-4.fc44                            fedora                   11.2 KiB
 libaec                                          x86_64 0:1.1.5-1.fc44                            fedora                   94.3 KiB
 libarrow                                        x86_64 0:23.0.1-1.fc44                           fedora                   13.9 MiB
 libarrow-acero-libs                             x86_64 0:23.0.1-1.fc44                           fedora                    1.4 MiB
 libarrow-compute-libs                           x86_64 0:23.0.1-1.fc44                           fedora                   14.0 MiB
 libarrow-dataset-libs                           x86_64 0:23.0.1-1.fc44                           fedora                    1.5 MiB
 libarrow-doc                                    noarch 0:23.0.1-1.fc44                           fedora                  119.1 KiB
 libavc1394                                      x86_64 0:0.5.4-27.fc44                           fedora                  134.7 KiB
 libavdevice-free                                x86_64 0:8.1.2-4.fc44                            updates                 244.2 KiB
 libblkid-devel                                  x86_64 0:2.41.5-1.fc44                           updates                  44.9 KiB
 libbsd                                          x86_64 0:0.12.2-7.fc44                           fedora                  423.0 KiB
 libbtrfsutil                                    x86_64 0:7.1-1.fc44                              updates                  62.0 KiB
 libcaca                                         x86_64 0:0.99-0.82.beta20.fc44                   fedora                  869.7 KiB
 libcdio-paranoia                                x86_64 0:10.2+2.0.2-6.fc44                       fedora                  178.5 KiB
 libcloudproviders-devel                         x86_64 0:0.4.1-1.fc44                            updates                   1.3 MiB
 libconfig                                       x86_64 0:1.8.2-2.fc44                            fedora                  244.6 KiB
 libcpuid                                        x86_64 0:0.8.1-5.fc44                            fedora                  265.9 KiB
 libdatrie-devel                                 x86_64 0:0.2.14-2.fc44                           fedora                  563.4 KiB
 libdc1394                                       x86_64 0:2.2.7-9.fc44                            fedora                  354.8 KiB
 libdicom                                        x86_64 0:1.2.0-3.fc44                            fedora                  506.2 KiB
 libepoxy-devel                                  x86_64 0:1.5.10-12.fc44                          fedora                    1.6 MiB
 liberation-fonts-all                            noarch 1:2.1.5-15.fc44                           fedora                    0.0   B
 liberation-sans-fonts                           noarch 1:2.1.5-15.fc44                           fedora                    1.6 MiB
 liberation-serif-fonts                          noarch 1:2.1.5-15.fc44                           fedora                    1.5 MiB
 libewf                                          x86_64 0:20140608-33.fc44                        fedora                    1.5 MiB
 libffi-devel                                    x86_64 0:3.5.2-2.fc44                            fedora                   33.9 KiB
 libgadu                                         x86_64 0:1.12.2-31.fc44                          fedora                  257.4 KiB
 libgeotiff                                      x86_64 0:1.7.4-5.fc44                            fedora                  289.5 KiB
 libglvnd-core-devel                             x86_64 1:1.7.0-9.fc44                            fedora                   40.3 KiB
 libglvnd-devel                                  x86_64 1:1.7.0-9.fc44                            fedora                    2.1 MiB
 libgpod                                         x86_64 0:0.8.3-56.fc44                           fedora                  887.0 KiB
 libgta                                          x86_64 0:1.2.1-17.fc44                           fedora                   70.0 KiB
 libguestfs-appliance                            x86_64 1:1.60.1-1.fc44                           updates                   3.3 MiB
 libhandy                                        x86_64 0:1.8.3-10.fc44                           fedora                    1.4 MiB
 libharu                                         x86_64 0:2.4.5-2.fc44                            fedora                    1.7 MiB
 libicu-devel                                    x86_64 0:77.1-3.fc44                             updates                   5.0 MiB
 libidn                                          x86_64 0:1.44-1.fc44                             updates                 645.9 KiB
 libiec61883                                     x86_64 0:1.2.0-39.fc44                           fedora                   85.9 KiB
 libjpeg-turbo-utils                             x86_64 0:3.1.3-1.fc44                            fedora                  280.7 KiB
 libkexiv2-qt5                                   x86_64 0:25.08.3-3.fc44                          fedora                  371.8 KiB
 libklvanc                                       x86_64 0:1.6.0-4.fc44                            fedora                  140.0 KiB
 libkml                                          x86_64 0:1.3.0-58.fc44                           updates                   1.2 MiB
 libknet1                                        x86_64 0:1.35-1.fc44                             updates                 222.9 KiB
 libknet1-compress-bzip2-plugin                  x86_64 0:1.35-1.fc44                             updates                  11.2 KiB
 libknet1-compress-lz4-plugin                    x86_64 0:1.35-1.fc44                             updates                  22.4 KiB
 libknet1-compress-lzma-plugin                   x86_64 0:1.35-1.fc44                             updates                  11.2 KiB
 libknet1-compress-lzo2-plugin                   x86_64 0:1.35-1.fc44                             updates                  11.3 KiB
 libknet1-compress-plugins-all                   x86_64 0:1.35-1.fc44                             updates                   0.0   B
 libknet1-compress-zlib-plugin                   x86_64 0:1.35-1.fc44                             updates                  11.2 KiB
 libknet1-compress-zstd-plugin                   x86_64 0:1.35-1.fc44                             updates                  11.2 KiB
 libknet1-crypto-nss-plugin                      x86_64 0:1.35-1.fc44                             updates                  19.5 KiB
 libknet1-crypto-openssl-plugin                  x86_64 0:1.35-1.fc44                             updates                  19.3 KiB
 libknet1-crypto-plugins-all                     x86_64 0:1.35-1.fc44                             updates                   0.0   B
 libknet1-plugins-all                            x86_64 0:1.35-1.fc44                             updates                   0.0   B
 libkomparediff2                                 x86_64 0:26.08.0-1.fc44                          updates                 393.3 KiB
 liblas                                          x86_64 0:1.8.2-0.30.git0756b73.fc44              fedora                  964.9 KiB
 liblastfm-qt5                                   x86_64 0:1.1.0-21.fc44                           fedora                  464.2 KiB
 libldm                                          x86_64 0:0.2.5-3.fc44                            fedora                  136.5 KiB
 libmamba                                        x86_64 0:2.4.0-3.fc44                            fedora                    4.7 MiB
 libmanette                                      x86_64 0:0.2.13-2.fc44                           fedora                  367.2 KiB
 libmd                                           x86_64 0:1.2.0-1.fc44                            updates                 128.5 KiB
 libmount-devel                                  x86_64 0:2.41.5-1.fc44                           updates                  65.5 KiB
 libmygpo-qt5                                    x86_64 0:1.2.0-2.fc44                            fedora                  320.1 KiB
 libnet                                          x86_64 0:1.3-7.fc44                              fedora                  144.3 KiB
 libnice-gstreamer1                              x86_64 0:0.1.23-2.fc44                           fedora                   27.6 KiB
 libnma                                          x86_64 0:1.10.6-11.fc44                          fedora                  358.8 KiB
 libnma-common                                   noarch 0:1.10.6-11.fc44                          fedora                  770.8 KiB
 libnma-gtk4                                     x86_64 0:1.10.6-11.fc44                          fedora                  334.9 KiB
 libnozzle1                                      x86_64 0:1.35-1.fc44                             updates                  67.1 KiB
 liborc2                                         x86_64 0:2.2.2-2.fc44                            fedora                    1.9 MiB
 libotr                                          x86_64 0:4.1.1-25.fc44                           fedora                  372.7 KiB
 libpng-devel                                    x86_64 2:1.6.58-1.fc44                           updates                 905.9 KiB
 libportal                                       x86_64 0:0.10.0-1.fc44                           updates                 244.5 KiB
 libportal-gtk3                                  x86_64 0:0.10.0-1.fc44                           updates                  27.8 KiB
 libpq                                           x86_64 0:18.0-4.fc44                             fedora                    1.0 MiB
 libprojectM                                     x86_64 0:3.1.12-14.fc44                          fedora                   19.0 MiB
 libpurple                                       x86_64 0:2.14.14-4.fc44                          updates                  23.7 MiB
 libqhull_r                                      x86_64 1:8.0.2-8.fc44                            fedora                  491.2 KiB
 libqxt-qt5                                      x86_64 0:0.7.0-0.41.20130718giteaf6872f6ad4.fc44 fedora                    2.4 MiB
 libraw1394                                      x86_64 0:2.1.2-25.fc44                           fedora                  158.3 KiB
 librttopo                                       x86_64 0:1.1.0-19.fc44                           fedora                  520.5 KiB
 libseccomp-devel                                x86_64 0:2.6.1-2.fc44                            updates                 115.6 KiB
 libselinux-devel                                x86_64 0:3.11-1.fc44                             updates                 121.9 KiB
 libsepol-devel                                  x86_64 0:3.11-1.fc44                             updates                 120.7 KiB
 libspatialite                                   x86_64 0:5.1.0-12.fc44                           fedora                   15.0 MiB
 libspnav                                        x86_64 0:1.2-3.fc44                              fedora                   36.9 KiB
 libthai-devel                                   x86_64 0:0.1.30-2.fc44                           fedora                  651.3 KiB
 libusal                                         x86_64 0:1.1.11-63.fc44                          fedora                  452.1 KiB
 libvirt-dbus                                    x86_64 0:1.4.1-9.fc44                            fedora                  315.9 KiB
 libvirt-gconfig                                 x86_64 0:5.0.0-8.fc44                            fedora                  382.2 KiB
 libvirt-gobject                                 x86_64 0:5.0.0-8.fc44                            fedora                  222.9 KiB
 libwebp-tools                                   x86_64 0:1.6.0-3.fc44                            fedora                  282.1 KiB
 libxcb-devel                                    x86_64 0:1.17.0-7.fc44                           fedora                    2.6 MiB
 libxcrypt-devel                                 x86_64 0:4.5.2-3.fc44                            fedora                   31.0 KiB
 libxkbcommon-devel                              x86_64 0:1.13.1-2.fc44                           fedora                  393.4 KiB
 libxml2-devel                                   x86_64 0:2.12.10-6.fc44                          fedora                    3.4 MiB
 libzstd-devel                                   x86_64 0:1.5.7-5.fc44                            fedora                  217.6 KiB
 llvm21-filesystem                               x86_64 0:21.1.8-5.fc44                           updates                   0.0   B
 llvm21-libs                                     x86_64 0:21.1.8-5.fc44                           updates                 138.6 MiB
 lowdown-libs                                    x86_64 0:2.0.2-3.fc44                            fedora                  298.7 KiB
 lsscsi                                          x86_64 0:0.32-15.fc44                            fedora                  124.6 KiB
 lxc-libs                                        x86_64 0:6.0.6-1.fc44                            fedora                    2.5 MiB
 lxc-templates                                   x86_64 0:6.0.6-1.fc44                            fedora                   48.6 KiB
 lxcfs                                           x86_64 0:6.0.6-1.fc44                            fedora                  230.6 KiB
 lzo-devel                                       x86_64 0:2.10-16.fc44                            fedora                  212.2 KiB
 lzo-minilzo                                     x86_64 0:2.10-16.fc44                            fedora                   36.6 KiB
 m4                                              x86_64 0:1.4.21-1.fc44                           fedora                  881.1 KiB
 mac-robber                                      x86_64 0:1.02-32.fc44                            fedora                   33.0 KiB
 make                                            x86_64 1:4.4.1-12.fc44                           fedora                    1.8 MiB
 makedumpfile                                    x86_64 0:1.7.9-1.fc44                            updates                 834.9 KiB
 manifold                                        x86_64 0:3.5.2-1.fc44                            updates                   2.8 MiB
 materialx                                       x86_64 0:1.39.5-1.fc44                           updates                   4.4 MiB
 mathjax3                                        noarch 0:3.2.2-10.fc44                           fedora                   35.6 MiB
 mbedtls                                         x86_64 0:3.6.7-1.fc44                            updates                   1.4 MiB
 meanwhile                                       x86_64 0:1.1.1-11.fc44                           fedora                  288.6 KiB
 mesa-libGLU                                     x86_64 0:9.0.3-8.fc44                            fedora                  369.8 KiB
 miniupnpc                                       x86_64 0:2.3.3-4.fc44                            fedora                  127.8 KiB
 mobile-broadband-provider-info                  noarch 0:20240407-5.fc44                         fedora                  504.0 KiB
 muParser                                        x86_64 0:2.3.5-5.fc44                            fedora                  563.2 KiB
 nanosvg                                         x86_64 0:20221221-9.fc44                         fedora                   79.9 KiB
 ncurses-term                                    noarch 0:6.6-1.fc44                              fedora                    1.8 MiB
 netavark                                        x86_64 2:1.17.2-1.fc44                           fedora                    8.9 MiB
 netcdf                                          x86_64 0:4.9.3-2.fc44                            fedora                    2.5 MiB
 netpbm                                          x86_64 0:11.13.00-2.fc44                         fedora                  583.9 KiB
 netpbm-progs                                    x86_64 0:11.13.00-2.fc44                         fedora                    7.0 MiB
 nextcloud-client                                x86_64 0:34.0.2-1.fc44                           updates                  20.8 MiB
 nextcloud-client-libs                           x86_64 0:34.0.2-1.fc44                           updates                   4.1 MiB
 nix-core                                        x86_64 0:2.34.8-1.fc44                           updates                   3.1 MiB
 nix-filesystem                                  noarch 0:2.34.8-1.fc44                           updates                 164.0   B
 nix-libs                                        x86_64 0:2.34.8-1.fc44                           updates                  12.2 MiB
 nix-system                                      noarch 0:2.34.8-1.fc44                           updates                   1.1 KiB
 oidn-libs                                       x86_64 0:2.4.0-2.fc44                            fedora                  212.1 MiB
 oneapi-level-zero                               x86_64 0:1.28.6-1.fc44                           updates                   4.7 MiB
 onnx-libs                                       x86_64 0:1.17.0-12.fc44                          fedora                    3.7 MiB
 onnxruntime                                     x86_64 0:1.22.2-2.fc44                           fedora                   14.2 MiB
 openblas-openmp64                               x86_64 0:0.3.29-2.fc43                           fedora                   43.8 MiB
 opencascade-draw                                x86_64 0:7.9.3-2.fc44                            fedora                    8.0 MiB
 opencascade-foundation                          x86_64 0:7.9.3-2.fc44                            fedora                   62.7 MiB
 opencascade-modeling                            x86_64 0:7.9.3-2.fc44                            fedora                   46.8 MiB
 opencascade-ocaf                                x86_64 0:7.9.3-2.fc44                            fedora                    4.6 MiB
 opencascade-visualization                       x86_64 0:7.9.3-2.fc44                            fedora                    6.3 MiB
 openexr2-libs                                   x86_64 0:2.5.10-1.fc44                           updates                   4.3 MiB
 openldap-clients                                x86_64 0:2.6.14-1.fc44                           updates                 666.4 KiB
 openpgl                                         x86_64 0:0.7.1-3.fc44                            fedora                    1.9 MiB
 openshadinglanguage-libs                        x86_64 0:1.15.4.0-1.fc44                         updates                   3.8 MiB
 openslide                                       x86_64 0:4.0.0-14.fc44                           updates                 303.2 KiB
 openssl-devel                                   x86_64 1:3.5.8-1.fc44                            updates                   4.5 MiB
 openssl-perl                                    x86_64 1:3.5.8-1.fc44                            updates                  33.0 KiB
 openssl-pkcs11                                  x86_64 0:0.4.13-4.fc44                           fedora                  322.5 KiB
 opensubdiv                                      x86_64 0:3.7.0-3.fc44                            fedora                    1.8 MiB
 openvdb-libs                                    x86_64 0:13.0.0-3.fc44                           fedora                   32.3 MiB
 openvr-api                                      x86_64 0:2.12.14-2.fc44                          fedora                   70.3 KiB
 optipng                                         x86_64 0:7.9.1-3.fc44                            fedora                  183.3 KiB
 osbuild                                         x86_64 0:191-1.fc44                              updates                 909.5 KiB
 osbuild-depsolve-dnf                            x86_64 0:191-1.fc44                              updates                   4.3 KiB
 osbuild-initrd                                  x86_64 0:191-1.fc44                              updates                   1.7 MiB
 osbuild-luks2                                   x86_64 0:191-1.fc44                              updates                  11.8 KiB
 osbuild-lvm2                                    x86_64 0:191-1.fc44                              updates                  13.3 KiB
 osbuild-ostree                                  x86_64 0:191-1.fc44                              updates                  94.5 KiB
 osbuild-selinux                                 x86_64 0:191-1.fc44                              updates                  16.3 KiB
 ostree                                          x86_64 0:2026.4-1.fc44                           updates                 624.1 KiB
 pacemaker                                       x86_64 0:3.0.2-3.fc44                            updates                   1.3 MiB
 pacemaker-cli                                   x86_64 0:3.0.2-3.fc44                            updates                   1.1 MiB
 pacemaker-cluster-libs                          x86_64 0:3.0.2-3.fc44                            updates                 483.0 KiB
 pacemaker-libs                                  x86_64 0:3.0.2-3.fc44                            updates                   2.2 MiB
 pacemaker-schemas                               noarch 0:3.0.2-3.fc44                            updates                   1.2 MiB
 pango-devel                                     x86_64 0:1.57.1-1.fc44                           fedora                    1.5 MiB
 parallel                                        noarch 0:20260722-1.fc44                         updates                   1.2 MiB
 parquet-libs                                    x86_64 0:23.0.1-1.fc44                           fedora                    3.8 MiB
 partio-libs                                     x86_64 0:1.20.0-1.fc44                           fedora                  602.3 KiB
 pcre2-devel                                     x86_64 0:10.47-1.fc44.1                          fedora                    2.1 MiB
 pcs                                             noarch 0:0.12.2-2.fc44                           updates                   7.6 MiB
 perl-Algorithm-Diff                             noarch 0:1.2010-15.fc44                          fedora                  107.5 KiB
 perl-Archive-Tar                                noarch 0:3.12-1.fc44                             updates                 157.9 KiB
 perl-Clone                                      x86_64 0:0.48-1.fc44                             fedora                   46.8 KiB
 perl-Compress-Raw-Bzip2                         x86_64 0:2.218-1.fc44                            updates                  72.7 KiB
 perl-Compress-Raw-Lzma                          x86_64 0:2.221-1.fc44                            fedora                  145.8 KiB
 perl-Compress-Raw-Zlib                          x86_64 0:2.222-1.fc44                            fedora                  172.3 KiB
 perl-Data-Dump                                  noarch 0:1.25-14.fc44                            fedora                   50.2 KiB
 perl-Digest-HMAC                                noarch 0:1.05-4.fc44                             fedora                   29.5 KiB
 perl-Digest-SHA                                 x86_64 1:6.04-522.fc44                           fedora                  112.4 KiB
 perl-Encode-Locale                              noarch 0:1.05-33.fc44                            fedora                   19.0 KiB
 perl-English                                    noarch 0:1.11-525.fc44                           updates                   6.2 KiB
 perl-Error                                      noarch 1:0.17030-3.fc44                          fedora                   76.8 KiB
 perl-File-Find                                  noarch 0:1.44-525.fc44                           updates                  42.0 KiB
 perl-File-Listing                               noarch 0:6.16-7.fc44                             fedora                   41.2 KiB
 perl-File-Slurper                               noarch 0:0.014-9.fc44                            fedora                   28.7 KiB
 perl-Git                                        noarch 0:2.55.0-1.fc44                           updates                  64.4 KiB
 perl-HTML-Parser                                x86_64 0:3.85-1.fc44                             updates                 276.8 KiB
 perl-HTML-Tagset                                noarch 0:3.24-5.fc44                             fedora                   18.7 KiB
 perl-HTTP-Cookies                               noarch 0:6.11-7.fc44                             fedora                   73.4 KiB
 perl-HTTP-Date                                  noarch 0:6.08-1.fc44                             updates                  44.3 KiB
 perl-HTTP-Message                               noarch 0:7.03-1.fc44                             updates                 216.4 KiB
 perl-HTTP-Negotiate                             noarch 0:6.01-42.fc44                            fedora                   27.6 KiB
 perl-I18N-Langinfo                              x86_64 0:0.24-525.fc44                           updates                  34.6 KiB
 perl-IO-Compress                                noarch 0:2.223-1.fc44                            updates                   1.0 MiB
 perl-IO-Compress-Lzma                           noarch 0:2.217-1.fc44                            fedora                  217.1 KiB
 perl-IO-HTML                                    noarch 0:1.004-16.fc44                           fedora                   45.2 KiB
 perl-IO-Zlib                                    noarch 1:1.15-521.fc44                           fedora                   25.7 KiB
 perl-LWP-MediaTypes                             noarch 0:6.04-22.fc44                            fedora                   79.0 KiB
 perl-NTLM                                       noarch 0:1.09-42.fc44                            fedora                   31.2 KiB
 perl-Net-HTTP                                   noarch 0:6.24-2.fc44                             fedora                   76.1 KiB
 perl-Term-ReadLine                              noarch 0:1.17-525.fc44                           updates                  17.3 KiB
 perl-TermReadKey                                x86_64 0:2.38-27.fc44                            fedora                   63.9 KiB
 perl-Text-Diff                                  noarch 0:1.45-25.fc44                            fedora                   83.0 KiB
 perl-Thread-Queue                               noarch 0:3.14-521.fc44                           fedora                   28.9 KiB
 perl-Tie                                        noarch 0:4.6-525.fc44                            updates                  32.1 KiB
 perl-TimeDate                                   noarch 1:2.33-18.fc44                            fedora                   95.2 KiB
 perl-Try-Tiny                                   noarch 0:0.32-4.fc44                             fedora                   67.3 KiB
 perl-WWW-RobotRules                             noarch 0:6.02-43.fc44                            fedora                   24.3 KiB
 perl-debugger                                   noarch 0:1.60-525.fc44                           updates                 403.2 KiB
 perl-lib                                        x86_64 0:0.65-525.fc44                           updates                   8.5 KiB
 perl-libwww-perl                                noarch 0:6.83-1.fc44                             updates                 480.5 KiB
 perl-meta-notation                              noarch 0:5.42.3-525.fc44                         updates                   2.0 KiB
 perl-sigtrap                                    noarch 0:1.10-525.fc44                           updates                  11.1 KiB
 perl-subs                                       noarch 0:1.04-525.fc44                           updates                   2.1 KiB
 perl-threads                                    x86_64 1:2.43-521.fc44                           fedora                  114.9 KiB
 perl-threads-shared                             x86_64 0:1.70-521.fc44                           fedora                   83.5 KiB
 phonon-qt4                                      x86_64 0:4.10.3-29.fc44                          fedora                  713.6 KiB
 phonon-qt5                                      x86_64 0:4.12.0-11.fc44                          fedora                  606.6 KiB
 picosat-libs                                    x86_64 0:965-30.fc44                             updates                 177.8 KiB
 pixman-devel                                    x86_64 0:0.46.2-3.fc44                           fedora                   56.1 KiB
 plasma-breeze-qt5                               x86_64 0:6.7.4-2.fc44                            updates                 574.5 KiB
 plasma-integration-qt5                          x86_64 0:6.7.4-1.fc44                            updates                 398.3 KiB
 podofo0.10                                      x86_64 0:0.10.5-2.fc44                           fedora                    2.7 MiB
 polkit-qt                                       x86_64 0:0.112.0-34.fc44                         fedora                  261.2 KiB
 polkit-qt5-1                                    x86_64 0:0.201.1-1.fc44                          updates                 256.3 KiB
 polyclipping2                                   x86_64 0:2.0.1-2.fc44                            fedora                  413.3 KiB
 potrace                                         x86_64 0:1.16-16.fc44                            fedora                  250.1 KiB
 proj                                            x86_64 0:9.8.1-1.fc44                            updates                   4.7 MiB
 proj-data                                       noarch 0:9.8.1-1.fc44                            updates                  10.0 MiB
 protobuf                                        x86_64 0:3.19.6-20.fc44                          fedora                    3.3 MiB
 proton-vpn-daemon                               noarch 0:0.13.8-1.fc44                           protonvpn-fedora-stable 143.0 KiB
 proton-vpn-gtk-app                              noarch 0:4.18.1-1.fc44                           protonvpn-fedora-stable   3.6 MiB
 ptex-libs                                       x86_64 0:2.5.1-3.fc44                            fedora                  529.9 KiB
 pystring                                        x86_64 0:1.1.4-8.20251015gita09708a.fc44         fedora                   94.6 KiB
 python-pyqt6-rpm-macros                         noarch 0:6.11.0-8.fc44                           updates                 144.0   B
 python3-aiodns                                  noarch 0:4.0.4-1.fc44                            updates                 122.7 KiB
 python3-aiohappyeyeballs                        noarch 0:2.7.0-2.fc44                            updates                  88.4 KiB
 python3-aiohttp                                 x86_64 0:3.13.5-1.fc44                           updates                   4.1 MiB
 python3-aiosignal                               noarch 0:1.4.0-6.fc44                            fedora                   24.8 KiB
 python3-apsw                                    x86_64 0:3.51.2.0-1.fc44                         fedora                    6.1 MiB
 python3-archspec                                noarch 0:0.2.5-9.fc44                            fedora                  307.6 KiB
 python3-attrs                                   noarch 0:25.4.0-2.fc44                           fedora                  436.8 KiB
 python3-bcc                                     noarch 0:0.35.0-5.fc44                           fedora                  535.5 KiB
 python3-bcrypt                                  x86_64 0:4.3.0-14.fc44                           updates                 494.4 KiB
 python3-boltons                                 noarch 0:25.0.0-6.fc44                           fedora                    1.5 MiB
 python3-boolean.py                              noarch 0:5.0-10.fc44                             fedora                  635.8 KiB
 python3-brotli                                  x86_64 0:1.2.0-3.fc44                            fedora                  869.8 KiB
 python3-build                                   noarch 0:1.4.0-2.fc44                            fedora                  165.0 KiB
 python3-casttube                                noarch 0:0.2.1-21.fc44                           fedora                   26.8 KiB
 python3-cattrs                                  noarch 0:26.1.0-1.fc44                           updates                 633.2 KiB
 python3-chardet                                 noarch 0:6.0.0.post1-1.fc44                      fedora                   23.6 MiB
 python3-chromecast                              noarch 0:13.1.0-11.fc44                          fedora                  467.7 KiB
 python3-conda                                   noarch 0:25.11.1-3.fc44                          fedora                    5.0 MiB
 python3-conda-libmamba-solver                   noarch 0:25.11.0-2.fc44                          fedora                  458.2 KiB
 python3-conda-package-handling                  noarch 0:2.4.0-9.fc44                            fedora                  179.3 KiB
 python3-conda-package-streaming                 noarch 0:0.11.0-9.fc44                           fedora                  127.4 KiB
 python3-css-parser                              noarch 0:1.0.10-9.fc44                           fedora                    1.5 MiB
 python3-cython                                  x86_64 0:3.2.4-3.fc44                            fedora                   19.2 MiB
 python3-dbus-fast                               x86_64 0:2.45.1-2.fc44                           fedora                    2.6 MiB
 python3-defusedxml                              noarch 0:0.7.1-23.fc44                           fedora                  197.6 KiB
 python3-dns                                     noarch 0:2.8.0-3.fc44                            fedora                    3.5 MiB
 python3-dotenv                                  noarch 0:1.2.2-1.fc44                            updates                 149.4 KiB
 python3-feedparser                              noarch 0:6.0.12-3.fc44                           fedora                  458.4 KiB
 python3-fido2                                   noarch 0:2.2.1-1.fc44                            updates                   1.8 MiB
 python3-frozendict                              noarch 0:2.4.6-9.fc44                            fedora                  103.4 KiB
 python3-frozenlist                              x86_64 0:1.8.0-4.fc44                            fedora                  154.5 KiB
 python3-gnupg                                   noarch 0:0.5.4-5.fc44                            fedora                  289.0 KiB
 python3-html5-parser                            x86_64 0:0.4.12-10.fc44                          fedora                  498.1 KiB
 python3-html5lib                                noarch 1:1.1-33.fc44                             fedora                    1.5 MiB
 python3-ifaddr                                  noarch 0:0.2.0-5.fc44                            fedora                   65.7 KiB
 python3-importlib-metadata                      noarch 0:8.7.1-2.fc44                            fedora                  180.4 KiB
 python3-jaraco-classes                          noarch 0:3.4.0-11.fc44                           fedora                   40.7 KiB
 python3-jaraco-context                          noarch 0:6.1.0-2.fc44                            fedora                   36.4 KiB
 python3-jaraco-functools                        noarch 0:4.3.0-2.fc44                            fedora                   75.1 KiB
 python3-jeepney                                 noarch 0:0.9.0-8.fc44                            fedora                    1.8 MiB
 python3-jsonpatch                               noarch 0:1.33-12.fc44                            fedora                   74.5 KiB
 python3-jsonpointer                             noarch 0:2.4-9.fc44                              fedora                   45.8 KiB
 python3-jsonschema                              noarch 0:4.23.0-7.fc44                           fedora                  906.6 KiB
 python3-jsonschema-specifications               noarch 0:2024.10.1-7.fc44                        fedora                   46.2 KiB
 python3-keyring                                 noarch 0:25.7.0-3.fc44                           fedora                  305.5 KiB
 python3-ldap                                    x86_64 0:3.4.7-1.fc44                            updates                 970.3 KiB
 python3-lib389                                  noarch 0:3.2.2-2.fc44                            updates                   6.5 MiB
 python3-libmambapy                              x86_64 0:2.4.0-3.fc44                            fedora                    3.4 MiB
 python3-librepo                                 x86_64 0:1.21.0-1.fc44                           updates                 181.6 KiB
 python3-lxml-html-clean                         noarch 0:0.4.5-1.fc44                            updates                 110.2 KiB
 python3-markdown                                noarch 0:3.10.3-1.fc44                           updates                 784.2 KiB
 python3-mechanize                               noarch 0:0.4.10-10.fc44                          fedora                    1.1 MiB
 python3-menuinst                                noarch 0:2.3.1-4.fc44                            fedora                  739.5 KiB
 python3-more-itertools                          noarch 0:10.8.0-1.fc44                           updates                 777.2 KiB
 python3-msgpack                                 x86_64 0:1.1.2-2.fc44                            fedora                  319.8 KiB
 python3-multidict                               x86_64 0:6.6.4-3.fc44                            fedora                  331.2 KiB
 python3-netaddr                                 noarch 0:1.3.0-11.fc44                           fedora                   11.6 MiB
 python3-netifaces                               x86_64 0:0.11.0-16.fc44                          fedora                   41.4 KiB
 python3-numpy                                   x86_64 1:2.4.6-1.fc44                            updates                  41.7 MiB
 python3-numpy-f2py                              x86_64 1:2.4.6-1.fc44                            updates                   2.1 MiB
 python3-odfpy                                   noarch 0:1.4.1-18.fc44                           fedora                    1.4 MiB
 python3-osbuild                                 x86_64 0:191-1.fc44                              updates                   1.7 MiB
 python3-platformdirs                            noarch 0:4.9.1-1.fc44                            fedora                  236.5 KiB
 python3-pluggy                                  noarch 0:1.6.0-5.fc44                            fedora                  211.5 KiB
 python3-propcache                               x86_64 0:0.4.1-3.fc44                            fedora                  149.7 KiB
 python3-protobuf                                noarch 0:3.19.6-20.fc44                          fedora                    1.5 MiB
 python3-proton-core                             noarch 0:0.7.4-1.fc44                            protonvpn-fedora-stable 468.2 KiB
 python3-proton-keyring-linux                    noarch 0:0.2.3-1.fc44                            protonvpn-fedora-stable  70.0 KiB
 python3-proton-vpn-api-core                     x86_64 0:5.6.10-1.fc44                           protonvpn-fedora-stable  44.0 MiB
 python3-pyOpenSSL                               noarch 0:26.4.0-2.fc44                           updates                 711.5 KiB
 python3-pyasn1                                  noarch 0:0.6.4-1.fc44                            updates                 889.4 KiB
 python3-pyasn1-modules                          noarch 0:0.6.4-1.fc44                            updates                   1.7 MiB
 python3-pycares                                 x86_64 0:5.0.1-2.fc44                            fedora                  304.8 KiB
 python3-pychm                                   x86_64 0:0.8.6-21.fc44                           fedora                   81.0 KiB
 python3-pycosat                                 x86_64 0:0.6.6-12.fc44                           fedora                   33.6 KiB
 python3-pycurl                                  x86_64 0:7.45.7-2.fc44                           fedora                  447.1 KiB
 python3-pygments                                noarch 0:2.19.1-9.fc44                           fedora                   11.3 MiB
 python3-pynacl                                  x86_64 0:1.6.2-1.fc44                            fedora                  726.9 KiB
 python3-pyparsing                               noarch 0:3.1.2-15.fc44                           fedora                    1.0 MiB
 python3-pyproject-hooks                         noarch 0:1.2.0-8.fc44                            fedora                   69.1 KiB
 python3-pyqt6                                   x86_64 0:6.11.0-8.fc44                           updates                   5.8 MiB
 python3-pyqt6-base                              x86_64 0:6.11.0-8.fc44                           updates                  16.0 MiB
 python3-pyqt6-sip                               x86_64 0:13.11.1-1.fc44                          updates                 162.3 KiB
 python3-pyqt6-webengine                         x86_64 0:6.11.0-1.fc44                           updates                 676.7 KiB
 python3-referencing                             noarch 0:0.36.2-6.fc44                           fedora                  336.5 KiB
 python3-rpds-py                                 x86_64 0:0.29.0-4.fc44                           updates                 676.9 KiB
 python3-ruamel-yaml                             noarch 0:0.19.1-2.fc44                           fedora                    1.8 MiB
 python3-ruamel-yaml+oldlibyaml                  noarch 0:0.19.1-2.fc44                           fedora                    0.0   B
 python3-ruamel-yaml-clib                        x86_64 0:0.2.15-2.fc44                           fedora                  253.3 KiB
 python3-secretstorage                           noarch 0:3.5.0-2.fc44                            fedora                  130.6 KiB
 python3-send2trash                              noarch 0:1.8.3-7.fc44                            fedora                   69.4 KiB
 python3-setuptools                              noarch 0:80.10.2-3.fc44                          fedora                    7.5 MiB
 python3-sgmllib3k                               noarch 0:1.0.0-22.fc44                           fedora                   40.3 KiB
 python3-shtab                                   noarch 0:1.7.2-5.fc44                            fedora                  133.7 KiB
 python3-tabulate                                noarch 0:0.9.0-19.fc44                           fedora                  347.1 KiB
 python3-termcolor                               noarch 0:3.3.0-2.fc44                            fedora                   34.9 KiB
 python3-tornado                                 x86_64 0:6.5.7-1.fc44                            updates                   5.5 MiB
 python3-tqdm                                    noarch 0:4.69.0-2.fc44                           updates                 578.4 KiB
 python3-tzlocal                                 noarch 0:5.3.1-6.fc44                            fedora                  125.3 KiB
 python3-vtk                                     x86_64 0:9.5.2-12.fc44                           updates                  68.7 MiB
 python3-wcwidth                                 noarch 0:0.6.0-1.fc44                            fedora                  470.6 KiB
 python3-webencodings                            noarch 0:0.5.1-33.fc44                           fedora                   86.9 KiB
 python3-wxpython4                               x86_64 0:4.2.4-3.fc44                            fedora                   51.0 MiB
 python3-xxhash                                  x86_64 0:3.8.1-1.fc44                            updates                  73.7 KiB
 python3-yarl                                    x86_64 0:1.22.0-2.fc44                           fedora                  546.4 KiB
 python3-zeroconf                                x86_64 0:0.118.0-16.fc44                         fedora                   16.1 MiB
 python3-zipp                                    noarch 0:3.23.0-3.fc44                           fedora                   60.7 KiB
 python3-zstandard                               x86_64 0:0.25.0-2.fc44                           fedora                    2.3 MiB
 qemu-user-static-aarch64                        x86_64 2:10.2.2-1.fc44                           fedora                   15.2 MiB
 qemu-user-static-alpha                          x86_64 2:10.2.2-1.fc44                           fedora                    4.2 MiB
 qemu-user-static-arm                            x86_64 2:10.2.2-1.fc44                           fedora                   10.9 MiB
 qemu-user-static-hexagon                        x86_64 2:10.2.2-1.fc44                           fedora                    6.0 MiB
 qemu-user-static-hppa                           x86_64 2:10.2.2-1.fc44                           fedora                    4.2 MiB
 qemu-user-static-loongarch64                    x86_64 2:10.2.2-1.fc44                           fedora                    4.9 MiB
 qemu-user-static-m68k                           x86_64 2:10.2.2-1.fc44                           fedora                    4.4 MiB
 qemu-user-static-microblaze                     x86_64 2:10.2.2-1.fc44                           fedora                    8.3 MiB
 qemu-user-static-mips                           x86_64 2:10.2.2-1.fc44                           fedora                   31.4 MiB
 qemu-user-static-or1k                           x86_64 2:10.2.2-1.fc44                           fedora                    4.1 MiB
 qemu-user-static-ppc                            x86_64 2:10.2.2-1.fc44                           fedora                   15.3 MiB
 qemu-user-static-riscv                          x86_64 2:10.2.2-1.fc44                           fedora                   11.1 MiB
 qemu-user-static-s390x                          x86_64 2:10.2.2-1.fc44                           fedora                    4.6 MiB
 qemu-user-static-sh4                            x86_64 2:10.2.2-1.fc44                           fedora                    8.4 MiB
 qemu-user-static-sparc                          x86_64 2:10.2.2-1.fc44                           fedora                   13.0 MiB
 qemu-user-static-x86                            x86_64 2:10.2.2-1.fc44                           fedora                    9.7 MiB
 qemu-user-static-xtensa                         x86_64 2:10.2.2-1.fc44                           fedora                   14.7 MiB
 qt                                              x86_64 1:4.8.7-85.fc44                           updates                  17.8 MiB
 qt-common                                       noarch 1:4.8.7-85.fc44                           updates                   0.0   B
 qt-settings                                     noarch 0:44.0-1.fc44                             updates                   1.1 KiB
 qt-x11                                          x86_64 1:4.8.7-85.fc44                           updates                  37.4 MiB
 qt5-filesystem                                  x86_64 0:5.15.18-2.fc44                          fedora                    0.0   B
 qt5-qtbase                                      x86_64 0:5.15.18-2.fc44                          fedora                    9.9 MiB
 qt5-qtbase-common                               noarch 0:5.15.18-2.fc44                          fedora                   78.0   B
 qt5-qtbase-gui                                  x86_64 0:5.15.18-2.fc44                          fedora                   20.4 MiB
 qt5-qtdeclarative                               x86_64 0:5.15.18-2.fc44                          fedora                   14.8 MiB
 qt5-qtgraphicaleffects                          x86_64 0:5.15.18-2.fc44                          fedora                  659.7 KiB
 qt5-qtquickcontrols                             x86_64 0:5.15.18-2.fc44                          fedora                    4.9 MiB
 qt5-qtquickcontrols2                            x86_64 0:5.15.18-2.fc44                          fedora                    8.3 MiB
 qt5-qtspeech                                    x86_64 0:5.15.18-2.fc44                          fedora                   98.1 KiB
 qt5-qtsvg                                       x86_64 0:5.15.18-2.fc44                          fedora                  627.0 KiB
 qt5-qtwayland                                   x86_64 0:5.15.18-2.fc44                          fedora                    4.6 MiB
 qt5-qtx11extras                                 x86_64 0:5.15.18-2.fc44                          fedora                  114.7 KiB
 qtlockedfile-qt5                                x86_64 0:2.4-46.20150629git5a07df5.fc44          fedora                   77.2 KiB
 qtsingleapplication-qt5                         x86_64 0:2.6.1-53.fc44                           fedora                  101.5 KiB
 qtsinglecoreapplication-qt5                     x86_64 0:2.6.1-53.fc44                           fedora                   96.5 KiB
 quazip-qt6                                      x86_64 0:1.4-12.fc44                             fedora                  290.8 KiB
 raft                                            x86_64 0:0.22.1-5.fc44                           fedora                  242.0 KiB
 redhat-display-fonts                            noarch 0:4.1.0-3.fc44                            fedora                  963.9 KiB
 redhat-text-fonts                               noarch 0:4.1.0-3.fc44                            fedora                  788.2 KiB
 reproc                                          x86_64 0:14.2.4-7.20230609git1c07bdb.fc44        fedora                  105.4 KiB
 resource-agents                                 x86_64 0:4.18.0-1.fc44                           updates                   2.9 MiB
 rocblas                                         x86_64 0:7.1.1-7.fc44                            fedora                  973.7 MiB
 rocm-clang                                      x86_64 0:20-13.rocm7.1.1.fc44                    fedora                   68.6 MiB
 rocm-clang-devel                                x86_64 0:20-13.rocm7.1.1.fc44                    fedora                   26.1 MiB
 rocm-clang-libs                                 x86_64 0:20-13.rocm7.1.1.fc44                    fedora                   94.0 MiB
 rocm-clang-runtime-devel                        x86_64 0:20-13.rocm7.1.1.fc44                    fedora                    8.4 MiB
 rocm-comgr                                      x86_64 0:20-13.rocm7.1.1.fc44                    fedora                  131.4 MiB
 rocm-device-libs                                x86_64 0:20-13.rocm7.1.1.fc44                    fedora                    3.2 MiB
 rocm-hip                                        x86_64 0:7.1.1-3.fc44                            fedora                   27.0 MiB
 rocm-libc++                                     x86_64 0:20-13.rocm7.1.1.fc44                    fedora                    1.3 MiB
 rocm-libc++-devel                               x86_64 0:20-13.rocm7.1.1.fc44                    fedora                   15.0 MiB
 rocm-lld                                        x86_64 0:20-13.rocm7.1.1.fc44                    fedora                    5.9 MiB
 rocm-llvm                                       x86_64 0:20-13.rocm7.1.1.fc44                    fedora                   52.5 MiB
 rocm-llvm-devel                                 x86_64 0:20-13.rocm7.1.1.fc44                    fedora                   28.3 MiB
 rocm-llvm-filesystem                            x86_64 0:20-13.rocm7.1.1.fc44                    fedora                    0.0   B
 rocm-llvm-libs                                  x86_64 0:20-13.rocm7.1.1.fc44                    fedora                   91.5 MiB
 rocm-llvm-static                                x86_64 0:20-13.rocm7.1.1.fc44                    fedora                    1.9 GiB
 rocm-runtime                                    x86_64 0:7.1.1-6.fc44                            fedora                    3.3 MiB
 rocsolver                                       x86_64 0:7.1.1-4.fc44                            fedora                  942.3 MiB
 rpm-ostree                                      x86_64 0:2026.2-1.fc44                           updates                  13.9 MiB
 rpm-ostree-libs                                 x86_64 0:2026.2-1.fc44                           updates                  51.8 KiB
 ruby                                            x86_64 0:4.0.6-36.fc44                           updates                  97.9 KiB
 ruby-bundled-gems                               x86_64 0:4.0.6-36.fc44                           updates                   2.7 MiB
 ruby-default-gems                               noarch 0:4.0.6-36.fc44                           updates                  64.3 KiB
 ruby-libs                                       x86_64 0:4.0.6-36.fc44                           updates                  15.4 MiB
 rubygem-backports                               noarch 0:3.23.0-10.fc44                          fedora                  435.4 KiB
 rubygem-builder                                 noarch 0:3.3.0-4.fc44                            fedora                   27.5 KiB
 rubygem-childprocess                            noarch 0:4.1.0-13.fc44                           fedora                   97.7 KiB
 rubygem-diffy                                   noarch 0:3.4.2-7.fc44                            fedora                   27.8 KiB
 rubygem-ethon                                   noarch 0:0.17.0-1.fc44                           fedora                  122.1 KiB
 rubygem-excon                                   noarch 0:1.2.7-4.fc44                            fedora                  106.0 KiB
 rubygem-ffi                                     x86_64 0:1.17.0-7.fc44                           fedora                  456.1 KiB
 rubygem-fog-core                                noarch 0:2.6.0-5.fc44                            fedora                  117.6 KiB
 rubygem-fog-json                                noarch 0:1.2.0-17.fc44                           fedora                    3.6 KiB
 rubygem-fog-libvirt                             noarch 0:0.13.1-4.fc44                           fedora                   67.3 KiB
 rubygem-fog-xml                                 noarch 0:0.1.4-11.fc44                           fedora                    8.2 KiB
 rubygem-formatador                              noarch 0:1.2.3-2.fc44                            fedora                   10.2 KiB
 rubygem-io-console                              x86_64 0:0.8.2-36.fc44                           updates                  33.3 KiB
 rubygem-irb                                     noarch 0:1.16.0-36.fc44                          updates                 342.3 KiB
 rubygem-json                                    x86_64 0:2.19.9-1.fc44                           updates                 253.2 KiB
 rubygem-mime-types                              noarch 0:3.4.1-9.fc44                            fedora                   48.7 KiB
 rubygem-mime-types-data                         noarch 0:3.2023.0218.1-7.fc44                    fedora                    1.4 MiB
 rubygem-multi_json                              noarch 0:1.15.0-13.fc44                          fedora                   33.2 KiB
 rubygem-mustermann                              noarch 0:3.0.3-4.fc44                            fedora                  105.4 KiB
 rubygem-nio4r                                   x86_64 0:2.6.1-10.fc44                           fedora                  107.4 KiB
 rubygem-nokogiri                                x86_64 0:1.19.4-1.fc44                           updates                   1.1 MiB
 rubygem-psych                                   x86_64 0:5.3.1-36.fc44                           updates                 142.9 KiB
 rubygem-puma                                    x86_64 0:6.4.2-12.fc44                           fedora                  339.9 KiB
 rubygem-racc                                    x86_64 0:1.8.1-105.fc44                          fedora                  187.0 KiB
 rubygem-rack                                    noarch 1:3.2.3-5.fc44                            fedora                  286.6 KiB
 rubygem-rack-protection                         noarch 0:4.2.1-2.fc44                            fedora                   41.3 KiB
 rubygem-rack-session                            noarch 0:2.1.1-4.fc44                            fedora                   38.3 KiB
 rubygem-rackup                                  noarch 0:2.2.1-6.fc44                            fedora                   35.9 KiB
 rubygem-rbs                                     x86_64 0:3.10.0-36.fc44                          updates                   5.8 MiB
 rubygem-rdoc                                    noarch 0:7.0.4-36.fc44                           updates                   2.2 MiB
 rubygem-rexml                                   noarch 0:3.4.4-36.fc44                           updates                 461.4 KiB
 rubygem-ruby-libvirt                            x86_64 0:0.8.4-7.fc44                            fedora                  296.7 KiB
 rubygem-sinatra                                 noarch 1:4.2.1-5.fc44                            fedora                  130.9 KiB
 rubygem-tilt                                    noarch 0:2.2.0-8.fc44                            fedora                   72.4 KiB
 rubygem-xml-simple                              noarch 0:1.1.9-11.fc44                           fedora                   31.4 KiB
 rubygems                                        noarch 0:4.0.19-1.fc44                           updates                   1.8 MiB
 rubypick                                        noarch 0:1.1.1-24.fc44                           fedora                    4.4 KiB
 sg3_utils-libs                                  x86_64 0:1.48-10.fc44                            updates                 309.4 KiB
 shadow-utils-subid                              x86_64 2:4.19.0-7.fc44                           updates                  50.0 KiB
 simdjson                                        x86_64 0:3.12.3-3.fc44                           fedora                  240.2 KiB
 sleuthkit                                       x86_64 0:4.15.0-2.fc44                           updates                 922.7 KiB
 sleuthkit-libs                                  x86_64 0:4.15.0-2.fc44                           updates                   1.0 MiB
 slirp4netns                                     x86_64 0:1.3.1-4.fc44                            fedora                   93.1 KiB
 suitesparse                                     x86_64 0:7.11.0-2.fc44                           fedora                   45.9 MiB
 supermin                                        x86_64 0:5.3.5-8.fc44                            fedora                    2.2 MiB
 syslinux                                        x86_64 0:6.04-0.37.fc44                          updates                   1.0 MiB
 syslinux-extlinux                               x86_64 0:6.04-0.37.fc44                          updates                 209.3 KiB
 syslinux-extlinux-nonlinux                      noarch 0:6.04-0.37.fc44                          updates                 982.3 KiB
 syslinux-nonlinux                               noarch 0:6.04-0.37.fc44                          updates                   1.8 MiB
 sysprof-capture-devel                           x86_64 0:50.0-1.fc44                             fedora                  813.8 KiB
 systemd-devel                                   x86_64 0:259.8-1.fc44                            updates                 613.6 KiB
 tbb2020.3                                       x86_64 0:2020.3-8.fc44                           fedora                  275.2 KiB
 tlog                                            x86_64 0:14-7.fc44                               fedora                  279.7 KiB
 tracer-common                                   noarch 0:1.4-2.fc44                              fedora                   33.5 KiB
 turbojpeg                                       x86_64 0:3.1.3-1.fc44                            fedora                  947.9 KiB
 unixODBC                                        x86_64 0:2.3.14-3.fc44                           fedora                    1.0 MiB
 usd-libs                                        x86_64 0:26.03-4.fc44                            updates                  60.7 MiB
 utf8proc                                        x86_64 0:2.11.3-2.fc44                           fedora                  373.5 KiB
 vtk                                             x86_64 0:9.5.2-12.fc44                           updates                 211.5 MiB
 vtk-qt                                          x86_64 0:9.5.2-12.fc44                           updates                   1.1 MiB
 wayland-devel                                   x86_64 0:1.25.0-1.fc44                           updates                 711.9 KiB
 web-assets-filesystem                           noarch 0:5-25.fc44                               fedora                   34.0   B
 webkit2gtk4.1                                   x86_64 0:2.52.5-1.fc44                           updates                  91.2 MiB
 wslay                                           x86_64 0:1.1.1-8.fc44                            fedora                   24.5 KiB
 wxBase                                          x86_64 0:3.2.9-2.fc44                            fedora                    3.0 MiB
 wxGTK                                           x86_64 0:3.2.9-2.fc44                            fedora                   16.7 MiB
 wxGTK-gl                                        x86_64 0:3.2.9-2.fc44                            fedora                  102.4 KiB
 wxGTK-i18n                                      noarch 0:3.2.9-2.fc44                            fedora                    5.7 MiB
 wxGTK-webview                                   x86_64 0:3.2.9-2.fc44                            fedora                  199.7 KiB
 xerces-c                                        x86_64 0:3.3.0-9.fc44                            fedora                    3.9 MiB
 xorg-x11-proto-devel                            noarch 0:2025.1-2.fc44                           fedora                    1.8 MiB
 xz-devel                                        x86_64 1:5.8.2-2.fc44                            fedora                  258.8 KiB
 yaml-cpp                                        x86_64 0:0.8.0-5.fc44                            fedora                  338.0 KiB
 yyjson                                          x86_64 0:0.12.0-2.fc44                           fedora                  272.1 KiB
 z3-libs                                         x86_64 0:4.16.0-1.fc44                           fedora                   19.1 MiB
 zerofree                                        x86_64 0:1.1.1-17.fc44                           updates                  49.6 KiB
 zlib-ng-compat-devel                            x86_64 0:2.3.3-3.fc44                            fedora                  107.0 KiB
Installing weak dependencies:
 apr-util-lmdb                                   x86_64 0:1.6.5-1.fc44                            updates                  11.0 KiB
 apr-util-openssl                                x86_64 0:1.6.5-1.fc44                            updates                  19.3 KiB
 bcc-tools                                       x86_64 0:0.35.0-5.fc44                           fedora                    2.0 MiB
 blender                                         x86_64 1:5.2.0-1.fc44                            updates                 259.6 MiB
 bootupd                                         x86_64 0:0.2.35-1.fc44                           updates                   3.6 MiB
 breeze-gtk-gtk2                                 noarch 0:6.7.4-1.fc44                            updates                  61.1 KiB
 bsdunzip                                        x86_64 0:3.8.7-1.fc44                            updates                  80.6 KiB
 busybox                                         x86_64 1:1.37.0-7.fc44                           fedora                    1.4 MiB
 ccache                                          x86_64 0:4.12.3-1.fc44                           fedora                    2.1 MiB
 compiler-rt                                     x86_64 0:22.1.8-4.fc44                           updates                  41.3 MiB
 compiler-rt21                                   x86_64 0:21.1.8-5.fc44                           updates                  38.4 MiB
 criu-libs                                       x86_64 0:4.2.1-1.fc44                            updates                  89.4 KiB
 dnf5daemon-server                               x86_64 0:5.4.3.0-2.fc44                          updates                 830.8 KiB
 fuse-overlayfs                                  x86_64 0:1.17-1.fc44                             updates                 135.9 KiB
 gi-docgen-fonts                                 noarch 0:2026.1-3.fc44                           fedora                    0.0   B
 gstreamer1-plugins-good-qt                      x86_64 0:1.28.6-1.fc44                           updates                 194.0 KiB
 guestfs-tools                                   x86_64 0:1.56.0-1.fc44                           updates                  32.2 MiB
 ibus-qt                                         x86_64 0:1.3.4-19.fc44                           fedora                  443.9 KiB
 ispc-gpu                                        x86_64 0:1.30.0-1.fc44                           fedora                  277.8 KiB
 kate-krunner-plugin                             x86_64 0:6.7.4-2.fc44                            updates                  70.3 KiB
 kate-plugins                                    x86_64 0:26.08.0-1.fc44                          updates                  13.6 MiB
 kde-platform-plugin                             x86_64 1:4.11.22-47.fc44                         fedora                   52.1 KiB
 kernel-devel                                    x86_64 0:7.1.13-200.fc44                         updates                 212.8 MiB
 kf5-sonnet-hunspell                             x86_64 0:5.116.0-5.fc44                          fedora                   56.2 KiB
 libcanberra-gtk2                                x86_64 0:0.30-39.fc44                            fedora                   50.0 KiB
 libomp                                          x86_64 0:22.1.8-4.fc44                           updates                   2.9 MiB
 libomp-devel                                    x86_64 0:22.1.8-4.fc44                           updates                   2.9 MiB
 libomp21                                        x86_64 0:21.1.8-5.fc44                           updates                   2.8 MiB
 libomp21-devel                                  x86_64 0:21.1.8-5.fc44                           updates                   1.5 MiB
 mesa-demos                                      x86_64 0:9.0.0-11.fc44                           fedora                   24.0 MiB
 nix-legacy                                      noarch 0:2.34.8-1.fc44                           updates                 253.1 KiB
 oidn                                            x86_64 0:2.4.0-2.fc44                            fedora                  843.3 KiB
 oneapi-level-zero-zello_world                   x86_64 0:1.28.6-1.fc44                           updates                 120.7 KiB
 patch                                           x86_64 0:2.8-4.fc44                              fedora                  226.6 KiB
 pcs-web-ui                                      noarch 0:0.12.2-2.fc44                           updates                  10.0 MiB
 perl-Devel-Peek                                 x86_64 0:1.36-525.fc44                           updates                  43.4 KiB
 perl-IO-Compress-Brotli                         x86_64 0:0.019000-5.fc44                         fedora                   39.5 KiB
 perl-PerlIO-utf8_strict                         x86_64 0:0.010-12.fc44                           fedora                   41.7 KiB
 phonon-qt5-backend-vlc                          x86_64 0:0.12.0-8.fc44                           fedora                  276.4 KiB
 proj-data-ar                                    noarch 0:9.8.1-1.fc44                            updates                   6.1 MiB
 proj-data-at                                    noarch 0:9.8.1-1.fc44                            updates                  15.2 MiB
 proj-data-au                                    noarch 0:9.8.1-1.fc44                            updates                 117.9 MiB
 proj-data-be                                    noarch 0:9.8.1-1.fc44                            updates                 949.2 KiB
 proj-data-br                                    noarch 0:9.8.1-1.fc44                            updates                   1.0 MiB
 proj-data-ca                                    noarch 0:9.8.1-1.fc44                            updates                 105.7 MiB
 proj-data-ch                                    noarch 0:9.8.1-1.fc44                            updates                   2.1 MiB
 proj-data-cz                                    noarch 0:9.8.1-1.fc44                            updates                 299.5 KiB
 proj-data-de                                    noarch 0:9.8.1-1.fc44                            updates                  76.5 MiB
 proj-data-dk                                    noarch 0:9.8.1-1.fc44                            updates                  61.5 MiB
 proj-data-es                                    noarch 0:9.8.1-1.fc44                            updates                   1.0 MiB
 proj-data-eur                                   noarch 0:9.8.1-1.fc44                            updates                   1.0 MiB
 proj-data-fi                                    noarch 0:9.8.1-1.fc44                            updates                   2.1 MiB
 proj-data-fo                                    noarch 0:9.8.1-1.fc44                            updates                   1.5 KiB
 proj-data-fr                                    noarch 0:9.8.1-1.fc44                            updates                   1.9 MiB
 proj-data-hu                                    noarch 0:9.8.1-1.fc44                            updates                 132.5 KiB
 proj-data-is                                    noarch 0:9.8.1-1.fc44                            updates                   5.5 MiB
 proj-data-jp                                    noarch 0:9.8.1-1.fc44                            updates                   7.4 MiB
 proj-data-lv                                    noarch 0:9.8.1-1.fc44                            updates                  56.5 KiB
 proj-data-mx                                    noarch 0:9.8.1-1.fc44                            updates                 554.0 KiB
 proj-data-nc                                    noarch 0:9.8.1-1.fc44                            updates                   1.5 MiB
 proj-data-nl                                    noarch 0:9.8.1-1.fc44                            updates                   1.2 MiB
 proj-data-no                                    noarch 0:9.8.1-1.fc44                            updates                   9.8 MiB
 proj-data-nz                                    noarch 0:9.8.1-1.fc44                            updates                  13.7 MiB
 proj-data-pl                                    noarch 0:9.8.1-1.fc44                            updates                   2.3 MiB
 proj-data-pt                                    noarch 0:9.8.1-1.fc44                            updates                 511.7 KiB
 proj-data-se                                    noarch 0:9.8.1-1.fc44                            updates                   2.2 MiB
 proj-data-si                                    noarch 0:9.8.1-1.fc44                            updates                 264.7 KiB
 proj-data-sk                                    noarch 0:9.8.1-1.fc44                            updates                   1.2 MiB
 proj-data-uk                                    noarch 0:9.8.1-1.fc44                            updates                   4.8 MiB
 proj-data-us                                    noarch 0:9.8.1-1.fc44                            updates                 318.9 MiB
 proj-data-za                                    noarch 0:9.8.1-1.fc44                            updates                 295.7 KiB
 python3-aiohttp+speedups                        x86_64 0:3.13.5-1.fc44                           updates                   0.0   B
 python3-dotenv+cli                              noarch 0:1.2.2-1.fc44                            updates                 165.0   B
 python3-keyring+completion                      noarch 0:25.7.0-3.fc44                           fedora                    8.3 KiB
 python3-license-expression                      noarch 0:30.4.4-4.fc44                           fedora                    1.2 MiB
 python3-numexpr                                 x86_64 0:2.14.1-1.fc44                           fedora                  859.7 KiB
 python3-openimageio                             x86_64 1:3.1.15.0-1.fc44                         updates                   2.1 MiB
 python3-pip                                     noarch 0:26.0.1-3.fc44                           updates                  11.5 MiB
 python3-pyproj                                  x86_64 0:3.7.2-5.fc44                            fedora                    2.1 MiB
 python3-shapely                                 x86_64 0:2.1.2-10.fc44                           fedora                    3.4 MiB
 python3-tabulate+widechars                      noarch 0:0.9.0-19.fc44                           fedora                    0.0   B
 python3-tracer                                  noarch 0:1.4-2.fc44                              fedora                  412.0 KiB
 qemu-user-static                                x86_64 2:10.2.2-1.fc44                           fedora                   44.4 KiB
 qt5-qtimageformats                              x86_64 0:5.15.18-2.fc44                          fedora                  405.2 KiB
 qt5-qtspeech-speechd                            x86_64 0:5.15.18-2.fc44                          fedora                   40.8 KiB
 qt5-qttranslations                              noarch 0:5.15.18-2.fc44                          fedora                   14.7 MiB
 rocm-runtime-devel                              x86_64 0:7.1.1-6.fc44                            fedora                  683.4 KiB
 rubygem-bigdecimal                              x86_64 0:4.0.1-36.fc44                           updates                 157.5 KiB
 rubygem-bundler                                 noarch 0:4.0.16-36.fc44                          updates                   1.5 MiB

Transaction Summary:
 Installing:      1165 packages

Total size of inbound packages is 4 GiB. Need to download 4 GiB.
After this operation, 13 GiB extra will be used (install 13 GiB, remove 0 B).
[   1/1165] conda-0:25.11.1-3.fc44.noar 100% |  27.8 KiB/s |  15.7 KiB |  00m01s
[   2/1165] corectrl-0:1.5.2-7.fc44.x86 100% | 885.2 KiB/s | 957.8 KiB |  00m01s
[   3/1165] bleachbit-0:4.6.0-8.fc44.no 100% | 525.5 KiB/s | 748.3 KiB |  00m01s
[   4/1165] fish-0:4.6.0-1.fc44.x86_64  100% |   6.7 MiB/s |   5.1 MiB |  00m01s
[   5/1165] pidgin-otr-0:4.0.2-23.fc44. 100% |   1.6 MiB/s | 142.7 KiB |  00m00s
[   6/1165] libva-utils-0:2.23.0-2.fc44 100% |   1.1 MiB/s | 591.4 KiB |  00m01s
[   7/1165] tldr-0:3.4.4-1.fc44.noarch  100% | 886.4 KiB/s |  43.4 KiB |  00m00s
[   8/1165] clementine-0:1.4.1-10.fc44. 100% |   1.8 MiB/s |   4.4 MiB |  00m02s
[   9/1165] DisplayCAL-0:3.9.16-8.fc44. 100% |   1.5 MiB/s |  15.3 MiB |  00m11s
[  10/1165] kio-ftps-0:0.2-34.fc44.x86_ 100% | 579.9 KiB/s |  69.6 KiB |  00m00s
[  11/1165] kio_mtp-0:0.75-35.20141221g 100% | 623.9 KiB/s |  61.1 KiB |  00m00s
[  12/1165] gnome-boxes-0:50.0-1.fc44.x 100% |   2.1 MiB/s |   1.2 MiB |  00m01s
[  13/1165] google-chrome-stable-0:152. 100% |  13.1 MiB/s | 138.1 MiB |  00m11s
[  14/1165] cockpit-session-recording-0 100% | 849.8 KiB/s | 579.6 KiB |  00m01s
[  15/1165] fail2ban-systemd-0:1.1.0-16 100% | 207.3 KiB/s |   9.7 KiB |  00m00s
[  16/1165] google-noto-fonts-all-0:202 100% | 489.3 KiB/s |  26.9 KiB |  00m00s
[  17/1165] proton-vpn-gnome-desktop-0: 100% |  25.2 KiB/s |   7.1 KiB |  00m00s
[  18/1165] vagrant-libvirt-0:0.11.2-9. 100% | 282.2 KiB/s |  91.7 KiB |  00m00s
[  19/1165] vagrant-cachier-0:1.2.1-19. 100% | 369.6 KiB/s |  28.5 KiB |  00m00s
[  20/1165] vagrant-sshfs-0:1.3.7-13.fc 100% | 439.8 KiB/s |  38.7 KiB |  00m00s
[  21/1165] vagrant-hostmanager-0:1.8.1 100% | 289.3 KiB/s |  20.8 KiB |  00m00s
[  22/1165] vagrant-registration-0:1.3. 100% | 403.4 KiB/s |  25.4 KiB |  00m00s
[  23/1165] ffmpegthumbnailer-0:2.3.0-2 100% | 477.0 KiB/s |  30.1 KiB |  00m00s
[  24/1165] rsms-inter-fonts-0:4.1-3.fc 100% |   3.1 MiB/s |   2.9 MiB |  00m01s
[  25/1165] python3-chardet-0:6.0.0.pos 100% |   2.2 MiB/s | 682.9 KiB |  00m00s
[  26/1165] quazip-qt6-0:1.4-12.fc44.x8 100% |   1.5 MiB/s | 119.3 KiB |  00m00s
[  27/1165] python3-conda-0:25.11.1-3.f 100% |   3.3 MiB/s |   1.4 MiB |  00m00s
[  28/1165] python3-build-0:1.4.0-2.fc4 100% | 602.0 KiB/s |  73.4 KiB |  00m00s
[  29/1165] python3-chromecast-0:13.1.0 100% | 838.4 KiB/s | 153.4 KiB |  00m00s
[  30/1165] python3-protobuf-0:3.19.6-2 100% |   2.0 MiB/s | 311.1 KiB |  00m00s
[  31/1165] python3-send2trash-0:1.8.3- 100% | 461.7 KiB/s |  49.4 KiB |  00m00s
[  32/1165] ollama-0:0.12.11-4.fc44.x86 100% |   5.0 MiB/s |  52.1 MiB |  00m10s
[  33/1165] argyllcms-0:3.4.1-4.fc44.x8 100% |   5.6 MiB/s |   5.4 MiB |  00m01s
[  34/1165] python3-zeroconf-0:0.118.0- 100% |   6.6 MiB/s |   1.4 MiB |  00m00s
[  35/1165] ncurses-term-0:6.6-1.fc44.n 100% |   4.1 MiB/s | 994.3 KiB |  00m00s
[  36/1165] libotr-0:4.1.1-25.fc44.x86_ 100% |   1.9 MiB/s | 125.0 KiB |  00m00s
[  37/1165] python3-shtab-0:1.7.2-5.fc4 100% | 787.7 KiB/s |  44.9 KiB |  00m00s
[  38/1165] python3-termcolor-0:3.3.0-2 100% | 449.0 KiB/s |  21.6 KiB |  00m00s
[  39/1165] liberation-fonts-all-1:2.1. 100% | 107.8 KiB/s |   7.9 KiB |  00m00s
[  40/1165] libgpod-0:0.8.3-56.fc44.x86 100% |   3.0 MiB/s | 308.6 KiB |  00m00s
[  41/1165] liblastfm-qt5-0:1.1.0-21.fc 100% |   1.9 MiB/s | 166.2 KiB |  00m00s
[  42/1165] libmygpo-qt5-0:1.2.0-2.fc44 100% |   1.5 MiB/s |  98.3 KiB |  00m00s
[  43/1165] libqxt-qt5-0:0.7.0-0.41.201 100% |   5.4 MiB/s | 772.1 KiB |  00m00s
[  44/1165] protobuf-0:3.19.6-20.fc44.x 100% |   6.4 MiB/s |   1.0 MiB |  00m00s
[  45/1165] libprojectM-0:3.1.12-14.fc4 100% |   6.4 MiB/s |   3.3 MiB |  00m01s
[  46/1165] qt5-qtbase-0:5.15.18-2.fc44 100% |   9.2 MiB/s |   3.5 MiB |  00m00s
[  47/1165] qt5-qtx11extras-0:5.15.18-2 100% | 488.1 KiB/s |  34.2 KiB |  00m00s
[  48/1165] qtsingleapplication-qt5-0:2 100% | 635.0 KiB/s |  40.6 KiB |  00m00s
[  49/1165] qtsinglecoreapplication-qt5 100% | 452.4 KiB/s |  39.4 KiB |  00m00s
[  50/1165] hipblas-0:7.1.0-6.fc44.x86_ 100% |   1.3 MiB/s | 118.3 KiB |  00m00s
[  51/1165] python3-wxpython4-0:4.2.4-3 100% |   5.1 MiB/s |  10.0 MiB |  00m02s
[  52/1165] qt5-qtbase-gui-0:5.15.18-2. 100% |   7.0 MiB/s |   6.6 MiB |  00m01s
[  53/1165] kde4-filesystem-0:5-7.fc44. 100% | 166.1 KiB/s |  11.3 KiB |  00m00s
[  54/1165] genisoimage-0:1.1.11-63.fc4 100% |   2.8 MiB/s | 332.6 KiB |  00m00s
[  55/1165] libhandy-0:1.8.3-10.fc44.x8 100% |   2.5 MiB/s | 397.0 KiB |  00m00s
[  56/1165] libvirt-gconfig-0:5.0.0-8.f 100% |   1.4 MiB/s | 102.1 KiB |  00m00s
[  57/1165] libvirt-gobject-0:5.0.0-8.f 100% | 913.7 KiB/s |  72.2 KiB |  00m00s
[  58/1165] google-noto-fangsong-kss-ro 100% |   1.6 MiB/s | 154.6 KiB |  00m00s
[  59/1165] google-noto-fangsong-kss-ve 100% |   1.1 MiB/s | 113.3 KiB |  00m00s
[  60/1165] google-noto-kufi-arabic-fon 100% |   3.0 MiB/s | 444.0 KiB |  00m00s
[  61/1165] google-noto-kufi-arabic-vf- 100% | 819.4 KiB/s | 109.0 KiB |  00m00s
[  62/1165] google-noto-music-fonts-0:2 100% | 481.1 KiB/s |  56.3 KiB |  00m00s
[  63/1165] google-noto-naskh-arabic-fo 100% |   2.6 MiB/s | 314.0 KiB |  00m00s
[  64/1165] google-noto-naskh-arabic-ui 100% |   2.3 MiB/s | 273.1 KiB |  00m00s
[  65/1165] rocm-hip-0:7.1.1-3.fc44.x86 100% |   6.4 MiB/s |  10.2 MiB |  00m02s
[  66/1165] google-noto-naskh-arabic-ui 100% |   1.1 MiB/s | 115.0 KiB |  00m00s
[  67/1165] google-noto-nastaliq-urdu-v 100% |   1.7 MiB/s | 171.6 KiB |  00m00s
[  68/1165] google-noto-nastaliq-urdu-f 100% |   1.6 MiB/s | 204.2 KiB |  00m00s
[  69/1165] google-noto-rashi-hebrew-vf 100% | 449.2 KiB/s |  28.3 KiB |  00m00s
[  70/1165] google-noto-rashi-hebrew-fo 100% |   1.0 MiB/s |  81.9 KiB |  00m00s
[  71/1165] google-noto-sans-adlam-font 100% | 968.8 KiB/s |  70.7 KiB |  00m00s
[  72/1165] google-noto-sans-adlam-unjo 100% | 712.3 KiB/s |  44.9 KiB |  00m00s
[  73/1165] google-noto-sans-adlam-unjo 100% | 653.2 KiB/s |  36.6 KiB |  00m00s
[  74/1165] google-noto-sans-adlam-vf-f 100% | 744.6 KiB/s |  49.9 KiB |  00m00s
[  75/1165] google-noto-sans-anatolian- 100% |   1.4 MiB/s | 134.7 KiB |  00m00s
[  76/1165] google-noto-sans-arabic-fon 100% |   4.8 MiB/s |   1.7 MiB |  00m00s
[  77/1165] google-noto-sans-arabic-ui- 100% |   5.6 MiB/s |   2.0 MiB |  00m00s
[  78/1165] google-noto-sans-arabic-ui- 100% |   1.1 MiB/s | 127.5 KiB |  00m00s
[  79/1165] google-noto-sans-armenian-f 100% |   1.7 MiB/s | 270.2 KiB |  00m00s
[  80/1165] google-noto-sans-avestan-fo 100% | 193.4 KiB/s |  25.1 KiB |  00m00s
[  81/1165] google-noto-sans-balinese-v 100% | 562.8 KiB/s |  78.2 KiB |  00m00s
[  82/1165] google-noto-sans-bamum-font 100% |   1.2 MiB/s | 169.9 KiB |  00m00s
[  83/1165] google-noto-sans-bassa-vah- 100% | 448.1 KiB/s |  26.0 KiB |  00m00s
[  84/1165] google-noto-sans-bamum-vf-f 100% |   1.4 MiB/s | 106.0 KiB |  00m00s
[  85/1165] google-noto-sans-bassa-vah- 100% | 285.6 KiB/s |  20.9 KiB |  00m00s
[  86/1165] google-noto-sans-batak-font 100% | 342.3 KiB/s |  23.6 KiB |  00m00s
[  87/1165] google-noto-sans-bengali-ui 100% |   2.8 MiB/s | 716.7 KiB |  00m00s
[  88/1165] google-noto-sans-bengali-fo 100% |   2.9 MiB/s |   1.2 MiB |  00m00s
[  89/1165] google-noto-sans-bhaiksuki- 100% | 380.9 KiB/s |  88.0 KiB |  00m00s
[  90/1165] google-noto-sans-brahmi-fon 100% | 333.0 KiB/s |  35.0 KiB |  00m00s
[  91/1165] google-noto-sans-buginese-f 100% | 230.0 KiB/s |  17.5 KiB |  00m00s
[  92/1165] google-noto-sans-buhid-font 100% | 196.8 KiB/s |  16.1 KiB |  00m00s
[  93/1165] google-noto-sans-canadian-a 100% |   1.9 MiB/s | 323.9 KiB |  00m00s
[  94/1165] google-noto-sans-carian-fon 100% | 139.2 KiB/s |  20.3 KiB |  00m00s
[  95/1165] google-noto-sans-caucasian- 100% | 135.4 KiB/s |  22.9 KiB |  00m00s
[  96/1165] google-noto-sans-chakma-fon 100% | 318.5 KiB/s |  51.9 KiB |  00m00s
[  97/1165] google-noto-sans-cham-fonts 100% | 690.0 KiB/s | 102.1 KiB |  00m00s
[  98/1165] google-noto-sans-cham-vf-fo 100% | 272.1 KiB/s |  37.3 KiB |  00m00s
[  99/1165] google-noto-sans-chorasmian 100% |  68.7 KiB/s |  21.0 KiB |  00m00s
[ 100/1165] google-noto-sans-cherokee-f 100% | 902.9 KiB/s | 325.0 KiB |  00m00s
[ 101/1165] google-noto-sans-coptic-fon 100% |  91.5 KiB/s |  37.6 KiB |  00m00s
[ 102/1165] google-noto-sans-cuneiform- 100% | 790.4 KiB/s | 351.7 KiB |  00m00s
[ 103/1165] google-noto-sans-cypriot-fo 100% |  61.6 KiB/s |  21.8 KiB |  00m00s
[ 104/1165] google-noto-sans-cypro-mino 100% |  46.7 KiB/s |  19.9 KiB |  00m00s
[ 105/1165] google-noto-sans-deseret-fo 100% |  71.8 KiB/s |  24.1 KiB |  00m00s
[ 106/1165] google-noto-sans-devanagari 100% |   1.9 MiB/s |   1.6 MiB |  00m01s
[ 107/1165] google-noto-sans-devanagari 100% |   1.6 MiB/s |   1.6 MiB |  00m01s
[ 108/1165] google-noto-sans-duployan-f 100% |   2.2 MiB/s | 871.8 KiB |  00m00s
[ 109/1165] google-noto-sans-elbasan-fo 100% | 430.4 KiB/s |  23.7 KiB |  00m00s
[ 110/1165] google-noto-sans-elymaic-fo 100% | 324.2 KiB/s |  18.5 KiB |  00m00s
[ 111/1165] google-noto-sans-egyptian-h 100% |   1.4 MiB/s | 312.2 KiB |  00m00s
[ 112/1165] google-noto-sans-georgian-f 100% |   1.2 MiB/s | 545.7 KiB |  00m00s
[ 113/1165] google-noto-sans-glagolitic 100% | 211.6 KiB/s |  34.1 KiB |  00m00s
[ 114/1165] google-noto-sans-grantha-fo 100% |   1.0 MiB/s | 133.6 KiB |  00m00s
[ 115/1165] google-noto-sans-ethiopic-f 100% |   2.0 MiB/s |   1.9 MiB |  00m01s
[ 116/1165] google-noto-sans-gujarati-u 100% |   1.8 MiB/s |   1.4 MiB |  00m01s
[ 117/1165] google-noto-sans-gunjala-go 100% | 998.4 KiB/s |  95.8 KiB |  00m00s
[ 118/1165] google-noto-sans-gujarati-f 100% |   1.4 MiB/s |   1.4 MiB |  00m01s
[ 119/1165] google-noto-sans-gunjala-go 100% | 263.9 KiB/s |  59.1 KiB |  00m00s
[ 120/1165] google-noto-sans-gurmukhi-f 100% |   1.2 MiB/s | 494.7 KiB |  00m00s
[ 121/1165] google-noto-sans-hanifi-roh 100% | 122.7 KiB/s |  41.2 KiB |  00m00s
[ 122/1165] google-noto-sans-gurmukhi-u 100% | 923.6 KiB/s | 495.0 KiB |  00m01s
[ 123/1165] google-noto-sans-hanunoo-fo 100% | 123.0 KiB/s |  17.7 KiB |  00m00s
[ 124/1165] google-noto-sans-hanifi-roh 100% | 203.5 KiB/s |  30.5 KiB |  00m00s
[ 125/1165] google-noto-sans-hatran-fon 100% | 149.6 KiB/s |  15.7 KiB |  00m00s
[ 126/1165] google-noto-sans-hebrew-fon 100% | 853.5 KiB/s | 187.8 KiB |  00m00s
[ 127/1165] google-noto-sans-imperial-a 100% | 120.1 KiB/s |  17.4 KiB |  00m00s
[ 128/1165] google-noto-sans-indic-siya 100% | 150.9 KiB/s |  29.7 KiB |  00m00s
[ 129/1165] google-noto-sans-inscriptio 100% |  70.9 KiB/s |  16.5 KiB |  00m00s
[ 130/1165] google-noto-sans-inscriptio 100% |  67.0 KiB/s |  17.7 KiB |  00m00s
[ 131/1165] google-noto-sans-javanese-f 100% | 289.1 KiB/s |  87.9 KiB |  00m00s
[ 132/1165] google-noto-sans-javanese-v 100% | 297.6 KiB/s |  87.5 KiB |  00m00s
[ 133/1165] google-noto-sans-kaithi-fon 100% | 172.6 KiB/s |  41.4 KiB |  00m00s
[ 134/1165] google-noto-sans-kannada-fo 100% |   1.3 MiB/s |   1.2 MiB |  00m01s
[ 135/1165] google-noto-sans-kannada-ui 100% |   1.3 MiB/s |   1.3 MiB |  00m01s
[ 136/1165] google-noto-sans-kannada-ui 100% | 285.3 KiB/s |  82.2 KiB |  00m00s
[ 137/1165] google-noto-sans-kawi-fonts 100% | 175.6 KiB/s |  42.0 KiB |  00m00s
[ 138/1165] google-noto-sans-kawi-vf-fo 100% | 464.9 KiB/s |  41.8 KiB |  00m00s
[ 139/1165] google-noto-sans-kayah-li-f 100% | 269.4 KiB/s |  33.9 KiB |  00m00s
[ 140/1165] google-noto-sans-kayah-li-v 100% | 259.0 KiB/s |  21.8 KiB |  00m00s
[ 141/1165] google-noto-sans-kharoshthi 100% | 401.7 KiB/s |  32.5 KiB |  00m00s
[ 142/1165] google-noto-sans-khojki-fon 100% | 542.0 KiB/s |  46.1 KiB |  00m00s
[ 143/1165] google-noto-sans-khudawadi- 100% | 369.4 KiB/s |  23.6 KiB |  00m00s
[ 144/1165] google-noto-sans-khmer-font 100% |   1.7 MiB/s | 654.1 KiB |  00m00s
[ 145/1165] google-noto-sans-lao-fonts- 100% |   1.3 MiB/s | 291.7 KiB |  00m00s
[ 146/1165] google-noto-sans-lao-looped 100% | 480.4 KiB/s |  41.8 KiB |  00m00s
[ 147/1165] google-noto-sans-lepcha-fon 100% | 362.8 KiB/s |  26.5 KiB |  00m00s
[ 148/1165] google-noto-sans-lao-looped 100% |   1.7 MiB/s | 482.8 KiB |  00m00s
[ 149/1165] google-noto-sans-limbu-font 100% | 172.9 KiB/s |  21.1 KiB |  00m00s
[ 150/1165] google-noto-sans-linear-a-f 100% | 511.1 KiB/s |  41.9 KiB |  00m00s
[ 151/1165] google-noto-sans-linear-b-f 100% | 528.7 KiB/s |  45.5 KiB |  00m00s
[ 152/1165] google-noto-sans-lisu-fonts 100% | 306.1 KiB/s |  27.6 KiB |  00m00s
[ 153/1165] google-noto-sans-lisu-vf-fo 100% | 258.3 KiB/s |  19.4 KiB |  00m00s
[ 154/1165] google-noto-sans-lycian-fon 100% | 224.8 KiB/s |  15.7 KiB |  00m00s
[ 155/1165] google-noto-sans-lydian-fon 100% | 218.5 KiB/s |  16.0 KiB |  00m00s
[ 156/1165] google-noto-sans-mahajani-f 100% | 154.7 KiB/s |  25.7 KiB |  00m00s
[ 157/1165] google-noto-sans-malayalam- 100% |   1.5 MiB/s |   1.0 MiB |  00m01s
[ 158/1165] google-noto-sans-malayalam- 100% |   1.1 MiB/s |   1.0 MiB |  00m01s
[ 159/1165] google-noto-sans-malayalam- 100% | 281.8 KiB/s |  68.8 KiB |  00m00s
[ 160/1165] google-noto-sans-malayalam- 100% | 242.3 KiB/s |  68.6 KiB |  00m00s
[ 161/1165] google-noto-sans-mandaic-fo 100% | 150.5 KiB/s |  26.2 KiB |  00m00s
[ 162/1165] google-noto-sans-manichaean 100% | 200.7 KiB/s |  33.9 KiB |  00m00s
[ 163/1165] google-noto-sans-marchen-fo 100% | 306.2 KiB/s |  48.7 KiB |  00m00s
[ 164/1165] google-noto-sans-masaram-go 100% | 112.2 KiB/s |  26.8 KiB |  00m00s
[ 165/1165] google-noto-sans-mayan-nume 100% |  68.1 KiB/s |  15.0 KiB |  00m00s
[ 166/1165] google-noto-sans-medefaidri 100% | 246.7 KiB/s |  39.0 KiB |  00m00s
[ 167/1165] google-noto-sans-medefaidri 100% | 344.3 KiB/s |  75.0 KiB |  00m00s
[ 168/1165] google-noto-sans-meetei-may 100% | 400.7 KiB/s |  76.1 KiB |  00m00s
[ 169/1165] google-noto-sans-mende-kika 100% | 205.6 KiB/s |  30.2 KiB |  00m00s
[ 170/1165] google-noto-sans-meroitic-f 100% | 119.9 KiB/s |  28.4 KiB |  00m00s
[ 171/1165] google-noto-sans-miao-fonts 100% | 111.4 KiB/s |  27.1 KiB |  00m00s
[ 172/1165] google-noto-sans-modi-fonts 100% | 282.3 KiB/s |  36.1 KiB |  00m00s
[ 173/1165] google-noto-sans-mongolian- 100% | 807.8 KiB/s | 117.1 KiB |  00m00s
[ 174/1165] google-noto-sans-mro-fonts- 100% | 276.4 KiB/s |  17.1 KiB |  00m00s
[ 175/1165] google-noto-sans-multani-fo 100% | 307.8 KiB/s |  23.1 KiB |  00m00s
[ 176/1165] google-noto-sans-myanmar-vf 100% | 828.0 KiB/s | 111.8 KiB |  00m00s
[ 177/1165] google-noto-sans-nabataean- 100% | 158.2 KiB/s |  17.9 KiB |  00m00s
[ 178/1165] google-noto-sans-nag-mundar 100% | 311.7 KiB/s |  29.3 KiB |  00m00s
[ 179/1165] google-noto-sans-nag-mundar 100% | 289.7 KiB/s |  24.3 KiB |  00m00s
[ 180/1165] google-noto-sans-nandinagar 100% | 480.9 KiB/s |  97.1 KiB |  00m00s
[ 181/1165] google-noto-sans-new-tai-lu 100% | 278.3 KiB/s |  42.6 KiB |  00m00s
[ 182/1165] google-noto-sans-myanmar-fo 100% |   1.7 MiB/s |   1.5 MiB |  00m01s
[ 183/1165] google-noto-sans-new-tai-lu 100% | 394.3 KiB/s |  28.4 KiB |  00m00s
[ 184/1165] google-noto-sans-newa-fonts 100% | 749.4 KiB/s |  73.4 KiB |  00m00s
[ 185/1165] google-noto-sans-nko-unjoin 100% | 339.8 KiB/s |  28.9 KiB |  00m00s
[ 186/1165] google-noto-sans-nko-unjoin 100% | 353.7 KiB/s |  23.0 KiB |  00m00s
[ 187/1165] google-noto-sans-nushu-font 100% | 730.8 KiB/s |  71.6 KiB |  00m00s
[ 188/1165] google-noto-sans-ogham-font 100% | 206.3 KiB/s |  15.1 KiB |  00m00s
[ 189/1165] google-noto-sans-ol-chiki-f 100% | 509.8 KiB/s |  36.2 KiB |  00m00s
[ 190/1165] google-noto-sans-old-hungar 100% | 517.1 KiB/s |  35.7 KiB |  00m00s
[ 191/1165] google-noto-sans-old-italic 100% | 225.8 KiB/s |  17.6 KiB |  00m00s
[ 192/1165] google-noto-sans-old-north- 100% | 161.5 KiB/s |  17.1 KiB |  00m00s
[ 193/1165] google-noto-sans-old-permic 100% | 164.0 KiB/s |  18.4 KiB |  00m00s
[ 194/1165] google-noto-sans-old-persia 100% | 214.2 KiB/s |  18.6 KiB |  00m00s
[ 195/1165] google-noto-sans-old-sogdia 100% | 260.5 KiB/s |  21.1 KiB |  00m00s
[ 196/1165] google-noto-sans-old-south- 100% | 170.7 KiB/s |  15.9 KiB |  00m00s
[ 197/1165] google-noto-sans-old-turkic 100% | 200.5 KiB/s |  21.5 KiB |  00m00s
[ 198/1165] google-noto-sans-osage-font 100% | 182.6 KiB/s |  23.9 KiB |  00m00s
[ 199/1165] google-noto-sans-oriya-font 100% |   1.4 MiB/s | 410.2 KiB |  00m00s
[ 200/1165] google-noto-sans-osmanya-fo 100% | 232.0 KiB/s |  22.3 KiB |  00m00s
[ 201/1165] google-noto-sans-palmyrene- 100% | 276.7 KiB/s |  19.4 KiB |  00m00s
[ 202/1165] google-noto-sans-pau-cin-ha 100% | 298.3 KiB/s |  18.2 KiB |  00m00s
[ 203/1165] google-noto-sans-phagspa-fo 100% | 395.0 KiB/s |  28.0 KiB |  00m00s
[ 204/1165] google-noto-sans-phoenician 100% | 348.1 KiB/s |  17.1 KiB |  00m00s
[ 205/1165] google-noto-sans-pahawh-hmo 100% |  75.6 KiB/s |  23.1 KiB |  00m00s
[ 206/1165] google-noto-sans-psalter-pa 100% | 206.2 KiB/s |  28.0 KiB |  00m00s
[ 207/1165] google-noto-sans-rejang-fon 100% | 145.8 KiB/s |  17.3 KiB |  00m00s
[ 208/1165] google-noto-sans-runic-font 100% | 121.0 KiB/s |  18.6 KiB |  00m00s
[ 209/1165] google-noto-sans-samaritan- 100% | 153.9 KiB/s |  19.7 KiB |  00m00s
[ 210/1165] google-noto-sans-saurashtra 100% | 268.9 KiB/s |  33.1 KiB |  00m00s
[ 211/1165] google-noto-sans-sharada-fo 100% | 330.1 KiB/s |  39.3 KiB |  00m00s
[ 212/1165] google-noto-sans-shavian-fo 100% | 176.3 KiB/s |  20.5 KiB |  00m00s
[ 213/1165] google-noto-sans-siddham-fo 100% | 503.1 KiB/s |  68.4 KiB |  00m00s
[ 214/1165] google-noto-sans-signwritin 100% | 914.3 KiB/s |   1.2 MiB |  00m01s
[ 215/1165] rocblas-0:7.1.1-7.fc44.x86_ 100% |  14.1 MiB/s | 275.8 MiB |  00m20s
[ 216/1165] google-noto-sans-sinhala-fo 100% |   1.1 MiB/s |   2.1 MiB |  00m02s
[ 217/1165] google-noto-sans-sogdian-fo 100% | 687.0 KiB/s |  48.8 KiB |  00m00s
[ 218/1165] google-noto-sans-sora-sompe 100% | 432.8 KiB/s |  28.6 KiB |  00m00s
[ 219/1165] google-noto-sans-sora-sompe 100% | 349.3 KiB/s |  22.4 KiB |  00m00s
[ 220/1165] google-noto-sans-soyombo-fo 100% | 461.6 KiB/s |  38.8 KiB |  00m00s
[ 221/1165] google-noto-sans-sundanese- 100% | 597.4 KiB/s |  38.8 KiB |  00m00s
[ 222/1165] google-noto-sans-sundanese- 100% | 369.9 KiB/s |  23.3 KiB |  00m00s
[ 223/1165] google-noto-sans-sunuwar-fo 100% | 179.2 KiB/s |  21.5 KiB |  00m00s
[ 224/1165] google-noto-sans-syloti-nag 100% | 220.5 KiB/s |  22.9 KiB |  00m00s
[ 225/1165] google-noto-sans-symbols-fo 100% |   5.2 MiB/s | 579.1 KiB |  00m00s
[ 226/1165] google-noto-sans-syriac-eas 100% | 630.6 KiB/s |  68.1 KiB |  00m00s
[ 227/1165] google-noto-sans-syriac-eas 100% | 758.2 KiB/s |  43.2 KiB |  00m00s
[ 228/1165] google-noto-sans-syriac-fon 100% | 746.6 KiB/s |  76.2 KiB |  00m00s
[ 229/1165] google-noto-sans-syriac-wes 100% |   1.2 MiB/s |  81.0 KiB |  00m00s
[ 230/1165] google-noto-sans-tagalog-fo 100% | 394.6 KiB/s |  17.4 KiB |  00m00s
[ 231/1165] google-noto-sans-syriac-wes 100% | 678.2 KiB/s |  52.2 KiB |  00m00s
[ 232/1165] google-noto-sans-tagbanwa-f 100% | 312.6 KiB/s |  16.9 KiB |  00m00s
[ 233/1165] google-noto-sans-tai-le-fon 100% | 404.3 KiB/s |  23.9 KiB |  00m00s
[ 234/1165] google-noto-sans-tai-tham-f 100% |   1.6 MiB/s | 140.4 KiB |  00m00s
[ 235/1165] google-noto-sans-tai-tham-v 100% | 562.8 KiB/s |  72.0 KiB |  00m00s
[ 236/1165] google-noto-sans-tai-viet-f 100% | 485.4 KiB/s |  28.6 KiB |  00m00s
[ 237/1165] google-noto-sans-takri-font 100% | 447.8 KiB/s |  23.3 KiB |  00m00s
[ 238/1165] google-noto-sans-tamil-supp 100% | 398.5 KiB/s |  21.5 KiB |  00m00s
[ 239/1165] google-noto-sans-sinhala-ui 100% |   1.4 MiB/s |   2.2 MiB |  00m02s
[ 240/1165] google-noto-sans-tamil-ui-f 100% |   5.5 MiB/s | 667.9 KiB |  00m00s
[ 241/1165] google-noto-sans-tamil-ui-v 100% |   1.0 MiB/s |  50.1 KiB |  00m00s
[ 242/1165] google-noto-sans-tangsa-fon 100% | 852.3 KiB/s |  57.1 KiB |  00m00s
[ 243/1165] google-noto-sans-tangsa-vf- 100% | 661.7 KiB/s |  36.4 KiB |  00m00s
[ 244/1165] google-noto-sans-telugu-ui- 100% |  10.9 MiB/s |   1.7 MiB |  00m00s
[ 245/1165] google-noto-sans-tamil-font 100% |   1.3 MiB/s | 667.4 KiB |  00m00s
[ 246/1165] google-noto-sans-telugu-ui- 100% |   1.2 MiB/s |  87.6 KiB |  00m00s
[ 247/1165] google-noto-sans-thaana-fon 100% | 900.1 KiB/s |  95.4 KiB |  00m00s
[ 248/1165] google-noto-sans-thai-fonts 100% |   2.7 MiB/s | 284.2 KiB |  00m00s
[ 249/1165] google-noto-sans-thai-loope 100% | 501.0 KiB/s |  41.1 KiB |  00m00s
[ 250/1165] google-noto-sans-tifinagh-a 100% | 813.9 KiB/s |  45.6 KiB |  00m00s
[ 251/1165] google-noto-sans-tifinagh-a 100% | 701.8 KiB/s |  45.6 KiB |  00m00s
[ 252/1165] google-noto-sans-tifinagh-a 100% | 801.1 KiB/s |  45.7 KiB |  00m00s
[ 253/1165] google-noto-sans-thai-loope 100% |   1.3 MiB/s | 452.3 KiB |  00m00s
[ 254/1165] google-noto-sans-tifinagh-a 100% | 861.5 KiB/s |  45.7 KiB |  00m00s
[ 255/1165] google-noto-sans-tifinagh-a 100% | 650.5 KiB/s |  45.5 KiB |  00m00s
[ 256/1165] google-noto-sans-tifinagh-a 100% | 833.5 KiB/s |  45.8 KiB |  00m00s
[ 257/1165] google-noto-sans-tifinagh-f 100% | 660.3 KiB/s |  45.6 KiB |  00m00s
[ 258/1165] google-noto-sans-tifinagh-g 100% |   1.0 MiB/s |  45.5 KiB |  00m00s
[ 259/1165] google-noto-sans-tifinagh-h 100% | 667.8 KiB/s |  45.4 KiB |  00m00s
[ 260/1165] google-noto-sans-tifinagh-r 100% | 701.4 KiB/s |  45.6 KiB |  00m00s
[ 261/1165] google-noto-sans-telugu-fon 100% |   2.0 MiB/s |   1.8 MiB |  00m01s
[ 262/1165] google-noto-sans-tifinagh-t 100% | 811.0 KiB/s |  46.2 KiB |  00m00s
[ 263/1165] google-noto-sans-tifinagh-s 100% | 557.9 KiB/s |  45.8 KiB |  00m00s
[ 264/1165] google-noto-sans-tirhuta-fo 100% | 998.9 KiB/s |  61.9 KiB |  00m00s
[ 265/1165] google-noto-sans-ugaritic-f 100% | 261.0 KiB/s |  16.4 KiB |  00m00s
[ 266/1165] google-noto-sans-vai-fonts- 100% | 622.1 KiB/s |  51.0 KiB |  00m00s
[ 267/1165] google-noto-sans-vithkuqi-f 100% | 725.7 KiB/s |  48.6 KiB |  00m00s
[ 268/1165] google-noto-sans-vithkuqi-v 100% | 938.9 KiB/s |  45.1 KiB |  00m00s
[ 269/1165] google-noto-sans-zanabazar- 100% | 502.9 KiB/s |  21.6 KiB |  00m00s
[ 270/1165] google-noto-sans-wancho-fon 100% | 404.9 KiB/s |  23.1 KiB |  00m00s
[ 271/1165] google-noto-sans-warang-cit 100% | 443.0 KiB/s |  27.5 KiB |  00m00s
[ 272/1165] google-noto-serif-ahom-font 100% | 482.6 KiB/s |  24.1 KiB |  00m00s
[ 273/1165] google-noto-serif-balinese- 100% | 615.2 KiB/s |  38.1 KiB |  00m00s
[ 274/1165] google-noto-serif-armenian- 100% |   1.2 MiB/s | 294.4 KiB |  00m00s
[ 275/1165] google-noto-serif-bengali-f 100% |   7.4 MiB/s |   2.6 MiB |  00m00s
[ 276/1165] google-noto-serif-dives-aku 100% | 636.3 KiB/s | 106.3 KiB |  00m00s
[ 277/1165] google-noto-serif-dogra-fon 100% | 529.4 KiB/s |  27.5 KiB |  00m00s
[ 278/1165] google-noto-serif-georgian- 100% |   4.3 MiB/s | 672.4 KiB |  00m00s
[ 279/1165] google-noto-serif-grantha-f 100% |   1.9 MiB/s | 134.3 KiB |  00m00s
[ 280/1165] google-noto-serif-gujarati- 100% |   4.5 MiB/s | 412.1 KiB |  00m00s
[ 281/1165] google-noto-serif-gurmukhi- 100% |   2.3 MiB/s | 149.2 KiB |  00m00s
[ 282/1165] google-noto-serif-hebrew-fo 100% |   3.3 MiB/s | 245.2 KiB |  00m00s
[ 283/1165] google-noto-serif-hentaigan 100% |   5.7 MiB/s | 562.1 KiB |  00m00s
[ 284/1165] google-noto-serif-hentaigan 100% |   3.4 MiB/s | 261.5 KiB |  00m00s
[ 285/1165] google-noto-serif-kannada-f 100% |   4.0 MiB/s | 390.4 KiB |  00m00s
[ 286/1165] google-noto-serif-khitan-sm 100% |   2.2 MiB/s | 194.3 KiB |  00m00s
[ 287/1165] google-noto-serif-devanagar 100% |   1.6 MiB/s |   1.9 MiB |  00m01s
[ 288/1165] google-noto-serif-ethiopic- 100% |   2.7 MiB/s |   2.4 MiB |  00m01s
[ 289/1165] google-noto-serif-khojki-vf 100% | 839.3 KiB/s |  83.1 KiB |  00m00s
[ 290/1165] google-noto-serif-khojki-fo 100% | 900.9 KiB/s | 111.7 KiB |  00m00s
[ 291/1165] google-noto-serif-khmer-fon 100% |   6.5 MiB/s | 963.9 KiB |  00m00s
[ 292/1165] google-noto-serif-makasar-f 100% | 220.0 KiB/s |  17.2 KiB |  00m00s
[ 293/1165] google-noto-serif-malayalam 100% |   2.3 MiB/s | 288.3 KiB |  00m00s
[ 294/1165] google-noto-serif-lao-fonts 100% |   2.3 MiB/s | 347.7 KiB |  00m00s
[ 295/1165] google-noto-serif-malayalam 100% | 824.5 KiB/s |  59.4 KiB |  00m00s
[ 296/1165] google-noto-serif-np-hmong- 100% | 432.7 KiB/s |  46.3 KiB |  00m00s
[ 297/1165] google-noto-serif-np-hmong- 100% | 331.4 KiB/s |  35.8 KiB |  00m00s
[ 298/1165] google-noto-serif-old-uyghu 100% | 362.4 KiB/s |  29.7 KiB |  00m00s
[ 299/1165] google-noto-serif-myanmar-f 100% |   8.0 MiB/s |   1.7 MiB |  00m00s
[ 300/1165] google-noto-serif-ottoman-s 100% | 391.1 KiB/s |  19.9 KiB |  00m00s
[ 301/1165] google-noto-serif-oriya-fon 100% |   1.3 MiB/s | 212.5 KiB |  00m00s
[ 302/1165] google-noto-serif-sinhala-f 100% |   7.1 MiB/s |   2.1 MiB |  00m00s
[ 303/1165] google-noto-serif-telugu-fo 100% |   3.1 MiB/s | 601.5 KiB |  00m00s
[ 304/1165] google-noto-serif-tamil-fon 100% |   3.0 MiB/s |   1.4 MiB |  00m00s
[ 305/1165] google-noto-serif-thai-font 100% |   3.1 MiB/s | 369.6 KiB |  00m00s
[ 306/1165] google-noto-serif-tibetan-v 100% |   4.7 MiB/s | 402.7 KiB |  00m00s
[ 307/1165] google-noto-serif-todhri-fo 100% | 420.0 KiB/s |  19.7 KiB |  00m00s
[ 308/1165] google-noto-serif-tangut-fo 100% |   1.9 MiB/s |   1.3 MiB |  00m01s
[ 309/1165] google-noto-serif-toto-font 100% | 454.7 KiB/s |  23.6 KiB |  00m00s
[ 310/1165] google-noto-serif-toto-vf-f 100% | 371.4 KiB/s |  19.3 KiB |  00m00s
[ 311/1165] google-noto-serif-vithkuqi- 100% | 907.9 KiB/s |  48.1 KiB |  00m00s
[ 312/1165] google-noto-serif-vithkuqi- 100% | 663.2 KiB/s |  42.4 KiB |  00m00s
[ 313/1165] google-noto-serif-yezidi-fo 100% | 754.7 KiB/s |  34.0 KiB |  00m00s
[ 314/1165] google-noto-serif-yezidi-vf 100% | 452.8 KiB/s |  25.4 KiB |  00m00s
[ 315/1165] google-noto-traditional-nus 100% |   2.5 MiB/s | 189.6 KiB |  00m00s
[ 316/1165] google-noto-serif-tibetan-f 100% |   3.3 MiB/s |   1.6 MiB |  00m00s
[ 317/1165] google-noto-znamenny-musica 100% | 536.9 KiB/s |  27.4 KiB |  00m00s
[ 318/1165] rubygem-diffy-0:3.4.2-7.fc4 100% | 374.2 KiB/s |  18.7 KiB |  00m00s
[ 319/1165] google-noto-traditional-nus 100% |   1.3 MiB/s | 128.6 KiB |  00m00s
[ 320/1165] rubygem-fog-libvirt-0:0.13. 100% | 483.0 KiB/s |  38.6 KiB |  00m00s
[ 321/1165] rubygem-xml-simple-0:1.1.9- 100% | 206.4 KiB/s |  15.9 KiB |  00m00s
[ 322/1165] ffmpegthumbnailer-libs-0:2. 100% |   1.1 MiB/s | 107.0 KiB |  00m00s
[ 323/1165] python3-archspec-0:0.2.5-9. 100% |   1.3 MiB/s |  99.2 KiB |  00m00s
[ 324/1165] python3-conda-libmamba-solv 100% |   1.3 MiB/s | 144.5 KiB |  00m00s
[ 325/1165] python3-conda-package-handl 100% |   1.3 MiB/s |  70.7 KiB |  00m00s
[ 326/1165] python3-boltons-0:25.0.0-6. 100% |   3.0 MiB/s | 435.7 KiB |  00m00s
[ 327/1165] python3-frozendict-0:2.4.6- 100% | 415.0 KiB/s |  39.4 KiB |  00m00s
[ 328/1165] python3-jsonpatch-0:1.33-12 100% | 335.1 KiB/s |  31.8 KiB |  00m00s
[ 329/1165] python3-menuinst-0:2.3.1-4. 100% |   1.7 MiB/s | 141.1 KiB |  00m00s
[ 330/1165] python3-platformdirs-0:4.9. 100% | 856.8 KiB/s |  59.1 KiB |  00m00s
[ 331/1165] python3-pycosat-0:0.6.6-12. 100% | 308.6 KiB/s |  20.7 KiB |  00m00s
[ 332/1165] python3-pluggy-0:1.6.0-5.fc 100% | 811.0 KiB/s |  61.6 KiB |  00m00s
[ 333/1165] python3-ruamel-yaml-0:0.19. 100% |   2.6 MiB/s | 319.6 KiB |  00m00s
[ 334/1165] argyllcms-data-0:3.4.1-4.fc 100% |   2.5 MiB/s | 215.3 KiB |  00m00s
[ 335/1165] python3-pyproject-hooks-0:1 100% | 626.4 KiB/s |  31.3 KiB |  00m00s
[ 336/1165] python3-casttube-0:0.2.1-21 100% | 383.5 KiB/s |  20.3 KiB |  00m00s
[ 337/1165] python3-zstandard-0:0.25.0- 100% |   1.9 MiB/s | 703.8 KiB |  00m00s
[ 338/1165] python3-setuptools-0:80.10. 100% |   3.4 MiB/s |   1.8 MiB |  00m01s
[ 339/1165] wxBase-0:3.2.9-2.fc44.x86_6 100% |   4.8 MiB/s |   1.0 MiB |  00m00s
[ 340/1165] wxGTK-gl-0:3.2.9-2.fc44.x86 100% | 781.1 KiB/s |  39.8 KiB |  00m00s
[ 341/1165] python3-ifaddr-0:0.2.0-5.fc 100% | 637.7 KiB/s |  33.8 KiB |  00m00s
[ 342/1165] liberation-sans-fonts-1:2.1 100% |   4.6 MiB/s | 611.2 KiB |  00m00s
[ 343/1165] liberation-serif-fonts-1:2. 100% |   3.3 MiB/s | 611.0 KiB |  00m00s
[ 344/1165] bitstream-vera-sans-fonts-0 100% |   1.6 MiB/s | 124.2 KiB |  00m00s
[ 345/1165] bitstream-vera-sans-mono-fo 100% |   1.3 MiB/s |  98.8 KiB |  00m00s
[ 346/1165] avahi-compat-libdns_sd-0:0. 100% | 352.0 KiB/s |  26.0 KiB |  00m00s
[ 347/1165] qt5-filesystem-0:5.15.18-2. 100% | 239.0 KiB/s |  10.0 KiB |  00m00s
[ 348/1165] qt5-qtbase-common-0:5.15.18 100% | 163.1 KiB/s |   9.8 KiB |  00m00s
[ 349/1165] qtlockedfile-qt5-0:2.4-46.2 100% | 644.8 KiB/s |  33.5 KiB |  00m00s
[ 350/1165] hipcc-0:20-13.rocm7.1.1.fc4 100% |   1.4 MiB/s | 134.2 KiB |  00m00s
[ 351/1165] wxGTK-0:3.2.9-2.fc44.x86_64 100% |   2.8 MiB/s |   5.0 MiB |  00m02s
[ 352/1165] rocm-runtime-0:7.1.1-6.fc44 100% |   2.4 MiB/s | 669.9 KiB |  00m00s
[ 353/1165] libusal-0:1.1.11-63.fc44.x8 100% |   1.4 MiB/s | 136.6 KiB |  00m00s
[ 354/1165] rubygem-fog-core-0:2.6.0-5. 100% | 543.6 KiB/s |  61.4 KiB |  00m00s
[ 355/1165] rubygem-fog-json-0:1.2.0-17 100% | 114.6 KiB/s |  10.5 KiB |  00m00s
[ 356/1165] rubygem-fog-xml-0:0.1.4-11. 100% | 192.5 KiB/s |  12.5 KiB |  00m00s
[ 357/1165] rubygem-ruby-libvirt-0:0.8. 100% |   1.0 MiB/s |  99.5 KiB |  00m00s
[ 358/1165] python3-libmambapy-0:2.4.0- 100% |   2.9 MiB/s | 934.9 KiB |  00m00s
[ 359/1165] python3-msgpack-0:1.1.2-2.f 100% |   1.3 MiB/s | 107.4 KiB |  00m00s
[ 360/1165] python3-conda-package-strea 100% | 683.3 KiB/s |  51.2 KiB |  00m00s
[ 361/1165] python3-jsonpointer-0:2.4-9 100% | 367.2 KiB/s |  21.7 KiB |  00m00s
[ 362/1165] python3-ruamel-yaml+oldliby 100% | 106.0 KiB/s |   9.5 KiB |  00m00s
[ 363/1165] wxGTK-i18n-0:3.2.9-2.fc44.n 100% |   2.1 MiB/s | 987.3 KiB |  00m00s
[ 364/1165] rocm-device-libs-0:20-13.ro 100% |   2.2 MiB/s | 503.5 KiB |  00m00s
[ 365/1165] rubygem-builder-0:3.3.0-4.f 100% | 209.4 KiB/s |  18.0 KiB |  00m00s
[ 366/1165] rubygem-excon-0:1.2.7-4.fc4 100% | 389.8 KiB/s |  43.3 KiB |  00m00s
[ 367/1165] rubygem-formatador-0:1.2.3- 100% | 106.0 KiB/s |  12.8 KiB |  00m00s
[ 368/1165] rubygem-mime-types-0:3.4.1- 100% | 203.7 KiB/s |  24.8 KiB |  00m00s
[ 369/1165] rubygem-multi_json-0:1.15.0 100% | 237.9 KiB/s |  20.5 KiB |  00m00s
[ 370/1165] libmamba-0:2.4.0-3.fc44.x86 100% |   2.1 MiB/s |   1.5 MiB |  00m01s
[ 371/1165] python3-ruamel-yaml-clib-0: 100% | 584.5 KiB/s | 102.9 KiB |  00m00s
[ 372/1165] rocm-comgr-0:20-13.rocm7.1. 100% |   6.3 MiB/s |  32.6 MiB |  00m05s
[ 373/1165] rocm-lld-0:20-13.rocm7.1.1. 100% |   5.1 MiB/s |   1.6 MiB |  00m00s
[ 374/1165] rocm-clang-devel-0:20-13.ro 100% |   2.9 MiB/s |   2.7 MiB |  00m01s
[ 375/1165] rubygem-mime-types-data-0:3 100% |   1.2 MiB/s | 139.1 KiB |  00m00s
[ 376/1165] reproc-0:14.2.4-7.20230609g 100% | 489.5 KiB/s |  46.0 KiB |  00m00s
[ 377/1165] simdjson-0:3.12.3-3.fc44.x8 100% |   1.2 MiB/s |  99.1 KiB |  00m00s
[ 378/1165] yaml-cpp-0:0.8.0-5.fc44.x86 100% |   1.3 MiB/s | 134.3 KiB |  00m00s
[ 379/1165] rocm-clang-0:20-13.rocm7.1. 100% |   2.6 MiB/s |  15.9 MiB |  00m06s
[ 380/1165] rocm-clang-libs-0:20-13.roc 100% |   5.0 MiB/s |  23.1 MiB |  00m05s
[ 381/1165] rocm-llvm-libs-0:20-13.rocm 100% |   6.0 MiB/s |  21.2 MiB |  00m04s
[ 382/1165] rocm-llvm-devel-0:20-13.roc 100% |   4.6 MiB/s |   4.3 MiB |  00m01s
[ 383/1165] rocm-clang-runtime-devel-0: 100% |   2.9 MiB/s | 680.5 KiB |  00m00s
[ 384/1165] rocm-libc++-devel-0:20-13.r 100% |   3.7 MiB/s |   1.5 MiB |  00m00s
[ 385/1165] rocm-libc++-0:20-13.rocm7.1 100% |   2.3 MiB/s | 373.6 KiB |  00m00s
[ 386/1165] rocm-llvm-filesystem-0:20-1 100% | 413.8 KiB/s |  25.7 KiB |  00m00s
[ 387/1165] rocm-llvm-0:20-13.rocm7.1.1 100% |   5.9 MiB/s |  13.5 MiB |  00m02s
[ 388/1165] android-tools-1:37.0.0-4.fc 100% |   1.4 MiB/s |   2.8 MiB |  00m02s
[ 389/1165] calibre-0:9.13.0-1.fc44.x86 100% |   7.3 MiB/s |  28.4 MiB |  00m04s
[ 390/1165] hyphen-0:2.8.8-28.fc44.x86_ 100% |  74.8 KiB/s |  29.6 KiB |  00m00s
[ 391/1165] libjpeg-turbo-utils-0:3.1.3 100% | 459.7 KiB/s | 113.5 KiB |  00m00s
[ 392/1165] libwebp-tools-0:1.6.0-3.fc4 100% | 557.5 KiB/s | 107.6 KiB |  00m00s
[ 393/1165] mathjax3-0:3.2.2-10.fc44.no 100% |   2.2 MiB/s |   2.1 MiB |  00m01s
[ 394/1165] optipng-0:7.9.1-3.fc44.x86_ 100% | 744.2 KiB/s |  80.4 KiB |  00m00s
[ 395/1165] podofo0.10-0:0.10.5-2.fc44. 100% |   3.9 MiB/s |   1.0 MiB |  00m00s
[ 396/1165] python3-apsw-0:3.51.2.0-1.f 100% |   2.7 MiB/s |   1.3 MiB |  00m00s
[ 397/1165] python3-css-parser-0:1.0.10 100% |   1.8 MiB/s | 378.4 KiB |  00m00s
[ 398/1165] python3-dns-0:2.8.0-3.fc44. 100% |   2.5 MiB/s | 692.3 KiB |  00m00s
[ 399/1165] python3-feedparser-0:6.0.12 100% | 732.7 KiB/s | 161.9 KiB |  00m00s
[ 400/1165] python3-html5-parser-0:0.4. 100% | 724.3 KiB/s | 182.5 KiB |  00m00s
[ 401/1165] python3-jeepney-0:0.9.0-8.f 100% |   2.4 MiB/s | 333.3 KiB |  00m00s
[ 402/1165] python3-mechanize-0:0.4.10- 100% |   2.6 MiB/s | 275.3 KiB |  00m00s
[ 403/1165] python3-netifaces-0:0.11.0- 100% | 228.1 KiB/s |  23.7 KiB |  00m00s
[ 404/1165] python3-odfpy-0:1.4.1-18.fc 100% |   2.8 MiB/s | 306.5 KiB |  00m00s
[ 405/1165] python3-pychm-0:0.8.6-21.fc 100% | 297.1 KiB/s |  38.0 KiB |  00m00s
[ 406/1165] python3-pygments-0:2.19.1-9 100% |   4.1 MiB/s |   2.7 MiB |  00m01s
[ 407/1165] python3-tzlocal-0:5.3.1-6.f 100% | 229.3 KiB/s |  52.3 KiB |  00m00s
[ 408/1165] freeglut-0:3.8.0-2.fc44.x86 100% | 776.8 KiB/s | 153.8 KiB |  00m00s
[ 409/1165] web-assets-filesystem-0:5-2 100% |  30.7 KiB/s |   7.8 KiB |  00m00s
[ 410/1165] python3-sgmllib3k-0:1.0.0-2 100% |  93.6 KiB/s |  22.8 KiB |  00m00s
[ 411/1165] python3-html5lib-1:1.1-33.f 100% |   1.2 MiB/s | 295.6 KiB |  00m00s
[ 412/1165] python3-defusedxml-0:0.7.1- 100% | 218.5 KiB/s |  59.0 KiB |  00m00s
[ 413/1165] chmlib-0:0.40-48.fc44.x86_6 100% | 184.0 KiB/s |  51.0 KiB |  00m00s
[ 414/1165] python3-webencodings-0:0.5. 100% | 174.9 KiB/s |  32.0 KiB |  00m00s
[ 415/1165] distrobox-0:1.8.2.5-1.fc44. 100% | 145.5 KiB/s | 246.3 KiB |  00m02s
[ 416/1165] fastfetch-0:2.66.0-1.fc44.x 100% | 386.4 KiB/s | 591.6 KiB |  00m02s
[ 417/1165] yyjson-0:0.12.0-2.fc44.x86_ 100% |  88.8 KiB/s | 121.8 KiB |  00m01s
[ 418/1165] rocm-llvm-static-0:20-13.ro 100% |   7.3 MiB/s | 282.1 MiB |  00m39s
[ 419/1165] gtk3-devel-0:3.24.52-2.fc44 100% |   1.1 MiB/s |   4.3 MiB |  00m04s
[ 420/1165] dbus-glib-0:0.112-13.fc44.x 100% |   1.1 MiB/s | 132.9 KiB |  00m00s
[ 421/1165] pidgin-0:2.14.14-4.fc44.x86 100% | 904.2 KiB/s |   1.5 MiB |  00m02s
[ 422/1165] gtk2-0:2.24.33-25.fc44.x86_ 100% |   6.9 MiB/s |   3.4 MiB |  00m00s
[ 423/1165] gtkspell-0:2.0.16-34.fc44.x 100% | 113.1 KiB/s |  50.6 KiB |  00m00s
[ 424/1165] enchant-1:1.6.0-41.fc44.x86 100% | 415.8 KiB/s |  64.0 KiB |  00m00s
[ 425/1165] libpurple-0:2.14.14-4.fc44. 100% |   9.4 MiB/s |   4.5 MiB |  00m00s
[ 426/1165] farstream02-0:0.2.9-20.fc44 100% |   1.6 MiB/s | 230.0 KiB |  00m00s
[ 427/1165] meanwhile-0:1.1.1-11.fc44.x 100% | 970.3 KiB/s | 108.7 KiB |  00m00s
[ 428/1165] libgadu-0:1.12.2-31.fc44.x8 100% | 467.7 KiB/s | 109.0 KiB |  00m00s
[ 429/1165] strace-0:7.2-1.fc44.x86_64  100% |   4.8 MiB/s |   1.6 MiB |  00m00s
[ 430/1165] jemalloc-0:5.3.0-14.fc44.x8 100% |   1.4 MiB/s | 297.0 KiB |  00m00s
[ 431/1165] zsh-0:5.9-21.fc44.x86_64    100% |   4.7 MiB/s |   3.3 MiB |  00m01s
[ 432/1165] uv-0:0.12.3-1.fc44.x86_64   100% |   2.2 MiB/s |  12.3 MiB |  00m06s
[ 433/1165] gh-0:2.97.0-2.fc44.x86_64   100% |   2.5 MiB/s |  11.8 MiB |  00m05s
[ 434/1165] git-lfs-0:3.7.1-6.fc44.x86_ 100% |   3.2 MiB/s |   4.5 MiB |  00m01s
[ 435/1165] rocsolver-0:7.1.1-4.fc44.x8 100% |  11.9 MiB/s | 831.1 MiB |  01m10s
[ 436/1165] miniupnpc-0:2.3.3-4.fc44.x8 100% | 610.7 KiB/s |  60.5 KiB |  00m00s
[ 437/1165] turbojpeg-0:3.1.3-1.fc44.x8 100% |   2.8 MiB/s | 297.0 KiB |  00m00s
[ 438/1165] wslay-0:1.1.1-8.fc44.x86_64 100% | 296.9 KiB/s |  20.5 KiB |  00m00s
[ 439/1165] godot-0:4.7.2-1.fc44.x86_64 100% |   5.2 MiB/s |  61.6 MiB |  00m12s
[ 440/1165] harfbuzz-vector-0:14.1.0-2. 100% | 495.1 KiB/s |  57.4 KiB |  00m00s
[ 441/1165] nix-0:2.34.8-1.fc44.x86_64  100% | 108.8 KiB/s |  14.0 KiB |  00m00s
[ 442/1165] harfbuzz-raster-0:14.1.0-2. 100% | 148.3 KiB/s | 107.2 KiB |  00m01s
[ 443/1165] nix-core-0:2.34.8-1.fc44.x8 100% |   4.0 MiB/s |   1.1 MiB |  00m00s
[ 444/1165] gc-0:8.2.6-6.fc44.x86_64    100% |   1.7 MiB/s | 114.3 KiB |  00m00s
[ 445/1165] nix-system-0:2.34.8-1.fc44. 100% | 137.5 KiB/s |  17.3 KiB |  00m00s
[ 446/1165] nix-filesystem-0:2.34.8-1.f 100% | 109.3 KiB/s |  14.3 KiB |  00m00s
[ 447/1165] blake3-0:1.8.3-3.fc44.x86_6 100% | 720.6 KiB/s |  38.9 KiB |  00m00s
[ 448/1165] boost-context-0:1.90.0-7.fc 100% | 157.5 KiB/s |  15.0 KiB |  00m00s
[ 449/1165] boost-iostreams-0:1.90.0-7. 100% | 729.4 KiB/s |  40.8 KiB |  00m00s
[ 450/1165] boost-url-0:1.90.0-7.fc44.x 100% |   1.3 MiB/s | 126.4 KiB |  00m00s
[ 451/1165] libcpuid-0:0.8.1-5.fc44.x86 100% | 649.8 KiB/s |  63.7 KiB |  00m00s
[ 452/1165] nix-libs-0:2.34.8-1.fc44.x8 100% |   6.2 MiB/s |   3.7 MiB |  00m01s
[ 453/1165] lowdown-libs-0:2.0.2-3.fc44 100% |   2.2 MiB/s | 172.4 KiB |  00m00s
[ 454/1165] boost-random-0:1.90.0-7.fc4 100% | 393.9 KiB/s |  22.8 KiB |  00m00s
[ 455/1165] nix-daemon-0:2.34.8-1.fc44. 100% | 167.8 KiB/s |  18.5 KiB |  00m00s
[ 456/1165] boost-charconv-0:1.90.0-7.f 100% |   1.3 MiB/s |  89.1 KiB |  00m00s
[ 457/1165] boost-locale-0:1.90.0-7.fc4 100% |   2.7 MiB/s | 245.5 KiB |  00m00s
[ 458/1165] boost-log-0:1.90.0-7.fc44.x 100% |   4.3 MiB/s | 519.2 KiB |  00m00s
[ 459/1165] boost-nowide-0:1.90.0-7.fc4 100% | 381.8 KiB/s |  18.7 KiB |  00m00s
[ 460/1165] gmp-c++-1:6.3.0-5.fc44.x86_ 100% | 334.8 KiB/s |  19.4 KiB |  00m00s
[ 461/1165] libGLEW-0:2.2.0-12.fc44.x86 100% |   2.9 MiB/s | 170.8 KiB |  00m00s
[ 462/1165] libqhull_r-1:8.0.2-8.fc44.x 100% |   2.7 MiB/s | 206.7 KiB |  00m00s
[ 463/1165] nanosvg-0:20221221-9.fc44.x 100% | 877.6 KiB/s |  46.5 KiB |  00m00s
[ 464/1165] opencascade-foundation-0:7. 100% |   6.5 MiB/s |  12.5 MiB |  00m02s
[ 465/1165] prusa-slicer-0:2.9.6-1.fc44 100% |  12.9 MiB/s |  44.3 MiB |  00m03s
[ 466/1165] opencascade-modeling-0:7.9. 100% |   9.0 MiB/s |  14.5 MiB |  00m02s
[ 467/1165] wxGTK-webview-0:3.2.9-2.fc4 100% | 647.7 KiB/s |  75.8 KiB |  00m00s
[ 468/1165] opencascade-ocaf-0:7.9.3-2. 100% |   1.4 MiB/s |   1.2 MiB |  00m01s
[ 469/1165] boost-serialization-0:1.90. 100% |   1.7 MiB/s | 138.0 KiB |  00m00s
[ 470/1165] opencascade-visualization-0 100% |   7.0 MiB/s |   2.1 MiB |  00m00s
[ 471/1165] z3-libs-0:4.16.0-1.fc44.x86 100% |  11.9 MiB/s |   7.3 MiB |  00m01s
[ 472/1165] opencascade-draw-0:7.9.3-2. 100% |  10.1 MiB/s |   2.5 MiB |  00m00s
[ 473/1165] kate-0:26.08.0-1.fc44.x86_6 100% |  12.5 MiB/s |   7.2 MiB |  00m01s
[ 474/1165] kio-extras-kf5-0:24.02.2-9. 100% |   7.0 MiB/s |   1.7 MiB |  00m00s
[ 475/1165] kdsoap-0:2.2.0-9.fc44.x86_6 100% |   2.3 MiB/s | 136.1 KiB |  00m00s
[ 476/1165] kf5-kactivities-0:5.116.0-5 100% |   2.1 MiB/s | 140.8 KiB |  00m00s
[ 477/1165] kf5-kactivities-stats-0:5.1 100% |   1.4 MiB/s | 109.9 KiB |  00m00s
[ 478/1165] kf5-karchive-0:5.116.0-5.fc 100% |   2.2 MiB/s | 168.6 KiB |  00m00s
[ 479/1165] kf5-kconfig-core-0:5.116.0- 100% |   2.2 MiB/s | 355.3 KiB |  00m00s
[ 480/1165] kf5-kconfig-gui-0:5.116.0-6 100% | 608.7 KiB/s |  57.2 KiB |  00m00s
[ 481/1165] kate-libs-0:26.08.0-1.fc44. 100% | 567.1 KiB/s | 835.9 KiB |  00m01s
[ 482/1165] kf5-kcoreaddons-0:5.116.0-5 100% |   3.0 MiB/s | 503.8 KiB |  00m00s
[ 483/1165] kf5-kdnssd-0:5.116.0-5.fc44 100% | 763.6 KiB/s | 115.3 KiB |  00m00s
[ 484/1165] kf5-kdbusaddons-0:5.116.0-5 100% | 645.9 KiB/s |  99.5 KiB |  00m00s
[ 485/1165] kf5-kio-core-libs-0:5.116.0 100% |   3.3 MiB/s | 505.9 KiB |  00m00s
[ 486/1165] kf5-ki18n-0:5.116.0-6.fc44. 100% |   6.8 MiB/s |   1.7 MiB |  00m00s
[ 487/1165] kf5-kio-file-widgets-0:5.11 100% |   3.3 MiB/s | 322.1 KiB |  00m00s
[ 488/1165] kf5-kio-gui-0:5.116.0-6.fc4 100% |   1.0 MiB/s |  99.5 KiB |  00m00s
[ 489/1165] kf5-kio-widgets-libs-0:5.11 100% |   3.9 MiB/s | 432.2 KiB |  00m00s
[ 490/1165] kf5-solid-0:5.116.0-6.fc44. 100% |   4.9 MiB/s | 416.8 KiB |  00m00s
[ 491/1165] kf5-syntax-highlighting-0:5 100% |   8.2 MiB/s |   1.7 MiB |  00m00s
[ 492/1165] libkexiv2-qt5-0:25.08.3-3.f 100% |   1.0 MiB/s | 141.7 KiB |  00m00s
[ 493/1165] phonon-qt5-0:4.12.0-11.fc44 100% |   2.0 MiB/s | 196.3 KiB |  00m00s
[ 494/1165] qt5-qtsvg-0:5.15.18-2.fc44. 100% |   1.8 MiB/s | 186.6 KiB |  00m00s
[ 495/1165] kf5-kauth-0:5.116.0-5.fc44. 100% |   1.6 MiB/s | 152.2 KiB |  00m00s
[ 496/1165] kf5-kcrash-0:5.116.0-5.fc44 100% | 234.1 KiB/s |  36.8 KiB |  00m00s
[ 497/1165] qt5-qtdeclarative-0:5.15.18 100% |  11.2 MiB/s |   4.4 MiB |  00m00s
[ 498/1165] kf5-kservice-0:5.116.0-5.fc 100% |   2.2 MiB/s | 384.5 KiB |  00m00s
[ 499/1165] kf5-kbookmarks-0:5.116.0-5. 100% |   1.7 MiB/s | 187.6 KiB |  00m00s
[ 500/1165] kf5-kcompletion-0:5.116.0-5 100% |   1.7 MiB/s | 146.9 KiB |  00m00s
[ 501/1165] kf5-kconfigwidgets-0:5.116. 100% |   4.9 MiB/s | 471.2 KiB |  00m00s
[ 502/1165] kf5-kguiaddons-0:5.116.0-5. 100% |   1.4 MiB/s | 116.4 KiB |  00m00s
[ 503/1165] kf5-kiconthemes-0:5.116.0-5 100% |   1.7 MiB/s | 189.8 KiB |  00m00s
[ 504/1165] kf5-kio-widgets-0:5.116.0-6 100% |   3.1 MiB/s | 364.3 KiB |  00m00s
[ 505/1165] kf5-kitemviews-0:5.116.0-5. 100% |   1.6 MiB/s | 141.9 KiB |  00m00s
[ 506/1165] kf5-kjobwidgets-0:5.116.0-5 100% |   1.8 MiB/s | 149.3 KiB |  00m00s
[ 507/1165] kf5-kxmlgui-0:5.116.0-5.fc4 100% |   4.2 MiB/s | 769.0 KiB |  00m00s
[ 508/1165] kf5-kwidgetsaddons-0:5.116. 100% |   7.3 MiB/s |   1.6 MiB |  00m00s
[ 509/1165] kf5-kio-core-0:5.116.0-6.fc 100% |   4.7 MiB/s | 584.8 KiB |  00m00s
[ 510/1165] kf5-kwindowsystem-0:5.116.0 100% |   2.1 MiB/s | 212.3 KiB |  00m00s
[ 511/1165] kf5-kcodecs-0:5.116.0-5.fc4 100% |   2.1 MiB/s | 202.8 KiB |  00m00s
[ 512/1165] qt5-qtwayland-0:5.15.18-2.f 100% |   7.4 MiB/s |   1.1 MiB |  00m00s
[ 513/1165] kf5-kinit-0:5.116.0-5.fc44. 100% |   2.4 MiB/s | 198.2 KiB |  00m00s
[ 514/1165] kf5-kglobalaccel-libs-0:5.1 100% | 706.4 KiB/s |  55.1 KiB |  00m00s
[ 515/1165] kf5-ktextwidgets-0:5.116.0- 100% |   2.4 MiB/s | 329.4 KiB |  00m00s
[ 516/1165] kf5-kdoctools-0:5.116.0-5.f 100% |   5.3 MiB/s | 821.2 KiB |  00m00s
[ 517/1165] kf5-kio-ntlm-0:5.116.0-6.fc 100% | 152.2 KiB/s |  19.5 KiB |  00m00s
[ 518/1165] kf5-kio-doc-0:5.116.0-6.fc4 100% |   6.5 MiB/s |   2.7 MiB |  00m00s
[ 519/1165] kf5-knotifications-0:5.116. 100% |   1.1 MiB/s | 189.5 KiB |  00m00s
[ 520/1165] kf5-kwallet-libs-0:5.116.0- 100% | 316.1 KiB/s |  50.3 KiB |  00m00s
[ 521/1165] kf5-sonnet-core-0:5.116.0-5 100% | 970.6 KiB/s | 169.9 KiB |  00m00s
[ 522/1165] kf5-sonnet-ui-0:5.116.0-5.f 100% |   1.2 MiB/s | 183.4 KiB |  00m00s
[ 523/1165] qt5-qtspeech-0:5.15.18-2.fc 100% | 251.1 KiB/s |  43.2 KiB |  00m00s
[ 524/1165] kf5-kglobalaccel-0:5.116.0- 100% | 817.1 KiB/s |  71.9 KiB |  00m00s
[ 525/1165] dbusmenu-qt5-0:0.9.3-0.40.2 100% |   1.1 MiB/s |  81.6 KiB |  00m00s
[ 526/1165] kf5-kwallet-0:5.116.0-5.fc4 100% |   1.5 MiB/s | 270.7 KiB |  00m00s
[ 527/1165] kio-extras-devel-0:26.08.0- 100% |  30.0 KiB/s |  15.2 KiB |  00m01s
[ 528/1165] kio-extras-kf5-devel-0:24.0 100% | 229.2 KiB/s |  12.8 KiB |  00m00s
[ 529/1165] kio-extras-kf5-info-0:24.02 100% | 312.3 KiB/s |  21.6 KiB |  00m00s
[ 530/1165] kio-extras-info-0:26.08.0-1 100% |  64.7 KiB/s |  35.5 KiB |  00m01s
[ 531/1165] kio_gopher-0:0.1.99-18.fc44 100% |   1.7 MiB/s | 123.3 KiB |  00m00s
[ 532/1165] kio-snapshot-0:1.0.0-1.fc44 100% | 202.9 KiB/s |  69.0 KiB |  00m00s
[ 533/1165] kmousetool-0:26.08.0-1.fc44 100% | 529.7 KiB/s | 295.5 KiB |  00m01s
[ 534/1165] krename-1:5.0.60~20260502.1 100% | 712.2 KiB/s | 564.7 KiB |  00m01s
[ 535/1165] krusader-0:2.9.0-4.fc44.x86 100% |   6.4 MiB/s |   4.1 MiB |  00m01s
[ 536/1165] ktimer-0:26.08.0-1.fc44.x86 100% | 978.4 KiB/s | 571.4 KiB |  00m01s
[ 537/1165] kcron-0:26.08.0-1.fc44.x86_ 100% |   1.2 MiB/s | 992.4 KiB |  00m01s
[ 538/1165] kclock-0:26.08.0-1.fc44.x86 100% |   1.4 MiB/s | 672.2 KiB |  00m00s
[ 539/1165] kompare-0:26.08.0-1.fc44.x8 100% |   1.6 MiB/s | 920.3 KiB |  00m01s
[ 540/1165] kompare-libs-0:26.08.0-1.fc 100% | 643.4 KiB/s | 138.3 KiB |  00m00s
[ 541/1165] ksystemlog-0:26.08.0-1.fc44 100% |   2.1 MiB/s |   2.1 MiB |  00m01s
[ 542/1165] nextcloud-client-dolphin-0: 100% | 253.5 KiB/s |  43.1 KiB |  00m00s
[ 543/1165] nextcloud-client-libs-0:34. 100% |   2.2 MiB/s |   1.3 MiB |  00m01s
[ 544/1165] nextcloud-client-0:34.0.2-1 100% |   3.5 MiB/s |   4.0 MiB |  00m01s
[ 545/1165] openssl-pkcs11-0:0.4.13-4.f 100% | 116.3 KiB/s | 109.3 KiB |  00m01s
[ 546/1165] containers-common-extra-5:0 100% |  67.7 KiB/s |  10.6 KiB |  00m00s
[ 547/1165] containers-common-5:0.67.0- 100% | 454.7 KiB/s | 102.8 KiB |  00m00s
[ 548/1165] buildah-2:1.43.2-1.fc44.x86 100% |   8.1 MiB/s |  10.0 MiB |  00m01s
[ 549/1165] flatpak-builder-0:1.4.10-1. 100% |   1.3 MiB/s | 239.2 KiB |  00m00s
[ 550/1165] skopeo-1:1.22.2-2.fc44.x86_ 100% |  12.0 MiB/s |   7.8 MiB |  00m01s
[ 551/1165] ansible-collection-communit 100% |   6.1 MiB/s |   1.6 MiB |  00m00s
[ 552/1165] incus-agent-0:6.23-3.fc44.x 100% |  11.6 MiB/s |   5.8 MiB |  00m01s
[ 553/1165] incus-client-0:6.23-3.fc44. 100% |   9.9 MiB/s |   7.9 MiB |  00m01s
[ 554/1165] microsoft-edge-stable-0:152 100% |   4.5 MiB/s | 189.1 MiB |  00m42s
[ 555/1165] netavark-2:1.17.2-1.fc44.x8 100% | 668.0 KiB/s |   3.0 MiB |  00m05s
[ 556/1165] incus-tools-0:6.23-3.fc44.x 100% |  12.2 MiB/s |  22.5 MiB |  00m02s
[ 557/1165] cowsql-0:1.15.9-5.fc44.x86_ 100% | 429.4 KiB/s |  91.9 KiB |  00m00s
[ 558/1165] lxcfs-0:6.0.6-1.fc44.x86_64 100% | 292.9 KiB/s |  98.4 KiB |  00m00s
[ 559/1165] raft-0:0.22.1-5.fc44.x86_64 100% | 225.9 KiB/s | 115.6 KiB |  00m01s
[ 560/1165] lxc-templates-0:6.0.6-1.fc4 100% |  43.0 KiB/s |  21.4 KiB |  00m00s
[ 561/1165] incus-0:6.23-3.fc44.x86_64  100% |   8.3 MiB/s |  20.9 MiB |  00m03s
[ 562/1165] hexedit-0:1.6-10.fc44.x86_6 100% | 455.2 KiB/s |  43.2 KiB |  00m00s
[ 563/1165] hivex-libs-0:1.3.24-13.fc44 100% | 441.2 KiB/s |  45.0 KiB |  00m00s
[ 564/1165] libconfig-0:1.8.2-2.fc44.x8 100% | 603.5 KiB/s |  77.2 KiB |  00m00s
[ 565/1165] lxc-libs-0:6.0.6-1.fc44.x86 100% | 244.6 KiB/s |   1.0 MiB |  00m04s
[ 566/1165] libguestfs-appliance-1:1.60 100% |   9.4 MiB/s |   3.3 MiB |  00m00s
[ 567/1165] gdisk-0:1.0.10-5.fc44.x86_6 100% | 801.4 KiB/s | 277.3 KiB |  00m00s
[ 568/1165] libguestfs-1:1.60.1-1.fc44. 100% | 703.2 KiB/s |   1.2 MiB |  00m02s
[ 569/1165] lsscsi-0:0.32-15.fc44.x86_6 100% | 450.8 KiB/s |  65.8 KiB |  00m00s
[ 570/1165] libguestfs-xfs-1:1.60.1-1.f 100% | 126.5 KiB/s |  14.0 KiB |  00m00s
[ 571/1165] libguestfs-ufs-1:1.60.1-1.f 100% | 120.4 KiB/s |  14.1 KiB |  00m00s
[ 572/1165] libguestfs-rsync-1:1.60.1-1 100% | 132.7 KiB/s |  14.1 KiB |  00m00s
[ 573/1165] libguestfs-rescue-1:1.60.1- 100% | 388.0 KiB/s |  42.3 KiB |  00m00s
[ 574/1165] libguestfs-man-pages-uk-1:1 100% |   3.3 MiB/s | 666.4 KiB |  00m00s
[ 575/1165] libguestfs-man-pages-ja-1:1 100% |   2.7 MiB/s | 549.3 KiB |  00m00s
[ 576/1165] libguestfs-inspect-icons-1: 100% | 117.4 KiB/s |  13.7 KiB |  00m00s
[ 577/1165] libguestfs-hfsplus-1:1.60.1 100% | 136.9 KiB/s |  14.1 KiB |  00m00s
[ 578/1165] supermin-0:5.3.5-8.fc44.x86 100% |   1.1 MiB/s | 714.3 KiB |  00m01s
[ 579/1165] libguestfs-gfs2-1:1.60.1-1. 100% | 131.3 KiB/s |  14.1 KiB |  00m00s
[ 580/1165] libguestfs-forensics-1:1.60 100% | 130.8 KiB/s |  14.1 KiB |  00m00s
[ 581/1165] icoutils-0:0.32.3-20.fc44.x 100% | 816.1 KiB/s |  77.5 KiB |  00m00s
[ 582/1165] gfs2-utils-0:3.6.1-3.fc44.x 100% |   1.3 MiB/s | 286.3 KiB |  00m00s
[ 583/1165] netpbm-0:11.13.00-2.fc44.x8 100% |   1.3 MiB/s | 191.1 KiB |  00m00s
[ 584/1165] libguestfs-bash-completion- 100% | 149.4 KiB/s |  16.4 KiB |  00m00s
[ 585/1165] libguestfs-devel-1:1.60.1-1 100% | 289.6 KiB/s | 277.8 KiB |  00m01s
[ 586/1165] catatonit-0:0.2.1-5.fc44.x8 100% | 990.8 KiB/s | 331.9 KiB |  00m00s
[ 587/1165] conmon-2:2.2.1-2.fc44.x86_6 100% | 184.3 KiB/s |  56.4 KiB |  00m00s
[ 588/1165] podman-5:5.8.4-1.fc44.x86_6 100% |  11.2 MiB/s |  15.3 MiB |  00m01s
[ 589/1165] podmansh-5:5.8.4-1.fc44.x86 100% |  41.3 KiB/s |  14.0 KiB |  00m00s
[ 590/1165] podman-machine-5:5.8.4-1.fc 100% | 106.4 KiB/s |  12.1 KiB |  00m00s
[ 591/1165] podman-docker-5:5.8.4-1.fc4 100% | 504.5 KiB/s |  89.8 KiB |  00m00s
[ 592/1165] bats-0:1.13.0-3.fc44.noarch 100% | 574.7 KiB/s |  69.0 KiB |  00m00s
[ 593/1165] slirp4netns-0:1.3.1-4.fc44. 100% | 364.7 KiB/s |  47.4 KiB |  00m00s
[ 594/1165] podman-tests-5:5.8.4-1.fc44 100% |  11.6 MiB/s |  11.0 MiB |  00m01s
[ 595/1165] podman-compose-0:1.6.0-1.fc 100% | 751.0 KiB/s | 184.0 KiB |  00m00s
[ 596/1165] podman-sequoia-0:0.3.2-2.fc 100% |   3.2 MiB/s |   2.4 MiB |  00m01s
[ 597/1165] podman-remote-5:5.8.4-1.fc4 100% |   9.7 MiB/s |   9.5 MiB |  00m01s
[ 598/1165] netpbm-progs-0:11.13.00-2.f 100% | 629.0 KiB/s |   2.5 MiB |  00m04s
[ 599/1165] cockpit-image-builder-0:106 100% |   2.9 MiB/s | 626.5 KiB |  00m00s
[ 600/1165] osbuild-0:191-1.fc44.x86_64 100% |   2.2 MiB/s | 337.0 KiB |  00m00s
[ 601/1165] osbuild-depsolve-dnf-0:191- 100% | 490.9 KiB/s |  60.4 KiB |  00m00s
[ 602/1165] osbuild-luks2-0:191-1.fc44. 100% | 513.1 KiB/s |  62.6 KiB |  00m00s
[ 603/1165] osbuild-lvm2-0:191-1.fc44.x 100% | 484.3 KiB/s |  63.0 KiB |  00m00s
[ 604/1165] osbuild-ostree-0:191-1.fc44 100% | 735.0 KiB/s |  91.9 KiB |  00m00s
[ 605/1165] osbuild-initrd-0:191-1.fc44 100% |   4.2 MiB/s | 744.4 KiB |  00m00s
[ 606/1165] python3-osbuild-0:191-1.fc4 100% |   2.3 MiB/s | 508.8 KiB |  00m00s
[ 607/1165] podman-tui-0:1.11.3-1.fc44. 100% |   4.3 MiB/s |   9.6 MiB |  00m02s
[ 608/1165] python3-attrs-0:25.4.0-2.fc 100% | 283.7 KiB/s | 140.4 KiB |  00m00s
[ 609/1165] python3-jsonschema-0:4.23.0 100% | 302.6 KiB/s | 219.4 KiB |  00m01s
[ 610/1165] python3-jsonschema-specific 100% | 162.3 KiB/s |  27.6 KiB |  00m00s
[ 611/1165] image-builder-0:79.0.0-1.fc 100% |   6.9 MiB/s |  14.9 MiB |  00m02s
[ 612/1165] cockpit-files-0:43-1.fc44.n 100% |   1.7 MiB/s | 404.5 KiB |  00m00s
[ 613/1165] python3-referencing-0:0.36. 100% | 379.2 KiB/s |  88.0 KiB |  00m00s
[ 614/1165] cockpit-selinux-0:367-1.fc4 100% |   2.7 MiB/s | 482.6 KiB |  00m00s
[ 615/1165] cockpit-ostree-1:225-1.fc44 100% |   1.5 MiB/s | 347.9 KiB |  00m00s
[ 616/1165] cockpit-packagekit-0:367-1. 100% |   4.8 MiB/s | 983.2 KiB |  00m00s
[ 617/1165] 389-ds-base-0:3.2.2-2.fc44. 100% |   9.3 MiB/s |   2.9 MiB |  00m00s
[ 618/1165] python3-lib389-0:3.2.2-2.fc 100% |   3.6 MiB/s |   1.4 MiB |  00m00s
[ 619/1165] cockpit-389-ds-0:3.2.2-2.fc 100% |   2.1 MiB/s | 902.4 KiB |  00m00s
[ 620/1165] 389-ds-base-libs-0:3.2.2-2. 100% |   6.9 MiB/s |   1.5 MiB |  00m00s
[ 621/1165] 389-ds-base-robdb-libs-0:3. 100% | 262.1 KiB/s |  32.8 KiB |  00m00s
[ 622/1165] cockpit-doc-0:367-1.fc44.no 100% | 990.0 KiB/s | 119.8 KiB |  00m00s
[ 623/1165] cockpit-ha-cluster-0:0.12.2 100% |   6.5 MiB/s |   1.7 MiB |  00m00s
[ 624/1165] python3-pycurl-0:7.45.7-2.f 100% | 489.0 KiB/s | 157.0 KiB |  00m00s
[ 625/1165] python3-pyparsing-0:3.1.2-1 100% |   1.6 MiB/s | 286.8 KiB |  00m00s
[ 626/1165] pcs-0:0.12.2-2.fc44.noarch  100% |   4.2 MiB/s |   1.9 MiB |  00m00s
[ 627/1165] rubygem-childprocess-0:4.1. 100% |   1.4 MiB/s |  65.5 KiB |  00m00s
[ 628/1165] rubygem-ffi-0:1.17.0-7.fc44 100% |   1.7 MiB/s | 148.3 KiB |  00m00s
[ 629/1165] rubygem-mustermann-0:3.0.3- 100% | 769.7 KiB/s |  42.3 KiB |  00m00s
[ 630/1165] rubygem-ethon-0:0.17.0-1.fc 100% | 233.7 KiB/s |  52.4 KiB |  00m00s
[ 631/1165] rubygem-puma-0:6.4.2-12.fc4 100% |   1.5 MiB/s | 117.3 KiB |  00m00s
[ 632/1165] rubygem-rack-protection-0:4 100% | 526.6 KiB/s |  27.4 KiB |  00m00s
[ 633/1165] rubygem-backports-0:3.23.0- 100% | 598.7 KiB/s | 286.8 KiB |  00m00s
[ 634/1165] rubygem-rackup-0:2.2.1-6.fc 100% | 304.5 KiB/s |  20.7 KiB |  00m00s
[ 635/1165] rubygem-rack-1:3.2.3-5.fc44 100% | 677.5 KiB/s |  94.8 KiB |  00m00s
[ 636/1165] rubygem-tilt-0:2.2.0-8.fc44 100% | 925.6 KiB/s |  41.7 KiB |  00m00s
[ 637/1165] rubypick-0:1.1.1-24.fc44.no 100% | 237.8 KiB/s |  10.0 KiB |  00m00s
[ 638/1165] rubygem-nio4r-0:2.6.1-10.fc 100% | 927.3 KiB/s |  54.7 KiB |  00m00s
[ 639/1165] rubygem-rack-session-0:2.1. 100% | 330.8 KiB/s |  19.5 KiB |  00m00s
[ 640/1165] rubygem-sinatra-1:4.2.1-5.f 100% | 517.8 KiB/s |  77.7 KiB |  00m00s
[ 641/1165] cockpit-kdump-0:367-1.fc44. 100% |   1.9 MiB/s | 478.8 KiB |  00m00s
[ 642/1165] libvirt-dbus-0:1.4.1-9.fc44 100% | 295.8 KiB/s |  96.1 KiB |  00m00s
[ 643/1165] cockpit-machines-0:356-1.fc 100% |   2.5 MiB/s |   1.0 MiB |  00m00s
[ 644/1165] cockpit-podman-0:129-1.fc44 100% |   2.8 MiB/s | 629.6 KiB |  00m00s
[ 645/1165] cockpit-sosreport-0:367-1.f 100% |   1.8 MiB/s | 477.0 KiB |  00m00s
[ 646/1165] protonvpn-stable-release-0: 100% |  16.5 KiB/s |   7.2 KiB |  00m00s
[ 647/1165] python3-tabulate-0:0.9.0-19 100% |   1.1 MiB/s |  72.9 KiB |  00m00s
[ 648/1165] wireguard-tools-0:1.0.20260 100% | 876.7 KiB/s | 128.9 KiB |  00m00s
[ 649/1165] proton-vpn-cli-0:1.0.3-1.fc 100% | 102.7 KiB/s |  88.4 KiB |  00m01s
[ 650/1165] python3-dbus-fast-0:2.45.1- 100% | 983.5 KiB/s | 778.9 KiB |  00m01s
[ 651/1165] terraform-0:1.16.1-1.x86_64 100% |   3.5 MiB/s |  34.1 MiB |  00m10s
[ 652/1165] packer-0:1.16.0-1.x86_64    100% |   3.3 MiB/s |  32.7 MiB |  00m10s
[ 653/1165] terraform-stacks-cli-0:1.4. 100% |   2.5 MiB/s |   7.8 MiB |  00m03s
[ 654/1165] terraform-ls-0:0.39.0-1.x86 100% |   4.5 MiB/s |  29.5 MiB |  00m07s
[ 655/1165] vagrant-0:2.4.9-1.x86_64    100% |   4.8 MiB/s |  86.1 MiB |  00m18s
[ 656/1165] shadow-utils-subid-2:4.19.0 100% |  43.0 KiB/s |  30.7 KiB |  00m01s
[ 657/1165] openssl-perl-1:3.5.8-1.fc44 100% | 116.4 KiB/s |  27.0 KiB |  00m00s
[ 658/1165] python3-ldap-0:3.4.7-1.fc44 100% | 445.0 KiB/s | 287.5 KiB |  00m01s
[ 659/1165] python3-pyasn1-0:0.6.4-1.fc 100% | 877.3 KiB/s | 200.9 KiB |  00m00s
[ 660/1165] waypoint-0:0.11.4-1.x86_64  100% |   4.9 MiB/s |  81.9 MiB |  00m17s
[ 661/1165] python3-pyasn1-modules-0:0. 100% | 745.9 KiB/s | 378.2 KiB |  00m01s
[ 662/1165] boundary-0:0.21.3-1.x86_64  100% |   5.2 MiB/s | 178.2 MiB |  00m34s
[ 663/1165] NLopt-0:2.10.0-10.fc44.x86_ 100% | 176.2 KiB/s | 243.0 KiB |  00m01s
[ 664/1165] javascriptcoregtk4.1-0:2.52 100% |   5.5 MiB/s |   8.7 MiB |  00m02s
[ 665/1165] httpd-tools-0:2.4.68-1.fc44 100% | 540.3 KiB/s |  79.4 KiB |  00m00s
[ 666/1165] libmanette-0:0.2.13-2.fc44. 100% | 105.9 KiB/s |  67.8 KiB |  00m01s
[ 667/1165] gvisor-tap-vsock-6:0.8.9-1. 100% |  10.7 MiB/s |   4.1 MiB |  00m00s
[ 668/1165] gvisor-tap-vsock-gvforwarde 100% |   9.4 MiB/s |   2.1 MiB |  00m00s
[ 669/1165] apr-0:1.7.6-5.fc44.x86_64   100% | 212.9 KiB/s | 133.9 KiB |  00m01s
[ 670/1165] python3-dotenv-0:1.2.2-1.fc 100% | 326.6 KiB/s |  57.5 KiB |  00m00s
[ 671/1165] perl-TimeDate-1:2.33-18.fc4 100% | 613.1 KiB/s |  57.6 KiB |  00m00s
[ 672/1165] pacemaker-cli-0:3.0.2-3.fc4 100% |   1.0 MiB/s | 364.9 KiB |  00m00s
[ 673/1165] pacemaker-libs-0:3.0.2-3.fc 100% |   4.2 MiB/s | 802.0 KiB |  00m00s
[ 674/1165] pacemaker-schemas-0:3.0.2-3 100% | 987.1 KiB/s | 146.1 KiB |  00m00s
[ 675/1165] python3-tornado-0:6.5.7-1.f 100% |   5.0 MiB/s | 977.1 KiB |  00m00s
[ 676/1165] ruby-0:4.0.6-36.fc44.x86_64 100% | 258.3 KiB/s |  42.9 KiB |  00m00s
[ 677/1165] ruby-libs-0:4.0.6-36.fc44.x 100% |   8.9 MiB/s |   4.4 MiB |  00m00s
[ 678/1165] rubygem-json-0:2.19.9-1.fc4 100% | 372.3 KiB/s | 104.2 KiB |  00m00s
[ 679/1165] ruby-bundled-gems-0:4.0.6-3 100% | 881.9 KiB/s | 728.4 KiB |  00m01s
[ 680/1165] rubygem-rexml-0:3.4.4-36.fc 100% | 553.1 KiB/s | 115.6 KiB |  00m00s
[ 681/1165] ostree-0:2026.4-1.fc44.x86_ 100% |   1.2 MiB/s | 286.1 KiB |  00m00s
[ 682/1165] rpm-ostree-0:2026.2-1.fc44. 100% |   9.1 MiB/s |   4.5 MiB |  00m00s
[ 683/1165] rpm-ostree-libs-0:2026.2-1. 100% | 105.1 KiB/s |  47.4 KiB |  00m00s
[ 684/1165] python3-librepo-0:1.21.0-1. 100% | 193.0 KiB/s |  52.1 KiB |  00m00s
[ 685/1165] webkit2gtk4.1-0:2.52.5-1.fc 100% |   6.7 MiB/s |  27.8 MiB |  00m04s
[ 686/1165] libidn-0:1.44-1.fc44.x86_64 100% |   1.4 MiB/s | 208.5 KiB |  00m00s
[ 687/1165] cyrus-sasl-scram-0:2.1.28-3 100% |  59.1 KiB/s |  29.7 KiB |  00m01s
[ 688/1165] sleuthkit-0:4.15.0-2.fc44.x 100% |   1.4 MiB/s | 282.6 KiB |  00m00s
[ 689/1165] afflib-0:3.7.22-4.fc44.x86_ 100% | 716.9 KiB/s | 245.9 KiB |  00m00s
[ 690/1165] mac-robber-0:1.02-32.fc44.x 100% |  91.4 KiB/s |  21.8 KiB |  00m00s
[ 691/1165] libewf-0:20140608-33.fc44.x 100% |   1.6 MiB/s | 579.2 KiB |  00m00s
[ 692/1165] sleuthkit-libs-0:4.15.0-2.f 100% |   2.5 MiB/s | 414.1 KiB |  00m00s
[ 693/1165] libldm-0:0.2.5-3.fc44.x86_6 100% |   1.1 MiB/s |  58.9 KiB |  00m00s
[ 694/1165] dhcpcd-0:10.3.2-1.fc44.x86_ 100% |   1.4 MiB/s | 248.2 KiB |  00m00s
[ 695/1165] syslinux-0:6.04-0.37.fc44.x 100% |   3.6 MiB/s | 570.1 KiB |  00m00s
[ 696/1165] syslinux-nonlinux-0:6.04-0. 100% |   4.3 MiB/s | 598.5 KiB |  00m00s
[ 697/1165] syslinux-extlinux-0:6.04-0. 100% | 957.3 KiB/s | 133.1 KiB |  00m00s
[ 698/1165] syslinux-extlinux-nonlinux- 100% |   2.7 MiB/s | 395.2 KiB |  00m00s
[ 699/1165] zerofree-0:1.1.1-17.fc44.x8 100% | 209.4 KiB/s |  27.6 KiB |  00m00s
[ 700/1165] libkomparediff2-0:26.08.0-1 100% |   1.0 MiB/s | 144.3 KiB |  00m00s
[ 701/1165] libbtrfsutil-0:7.1-1.fc44.x 100% | 291.3 KiB/s |  33.2 KiB |  00m00s
[ 702/1165] gettext-0:0.26-5.fc44.x86_6 100% |   7.3 MiB/s |   1.7 MiB |  00m00s
[ 703/1165] at-spi2-atk-devel-0:2.60.6- 100% |  78.7 KiB/s |  11.6 KiB |  00m00s
[ 704/1165] apr-util-0:1.6.5-1.fc44.x86 100% | 568.1 KiB/s | 101.1 KiB |  00m00s
[ 705/1165] cairo-gobject-devel-0:1.18. 100% | 220.2 KiB/s |  11.0 KiB |  00m00s
[ 706/1165] cairo-devel-0:1.18.4-6.fc44 100% |   2.9 MiB/s | 191.8 KiB |  00m00s
[ 707/1165] atk-devel-0:2.60.6-1.fc44.x 100% |   2.5 MiB/s | 449.0 KiB |  00m00s
[ 708/1165] fribidi-devel-0:1.0.16-4.fc 100% | 279.8 KiB/s |  29.4 KiB |  00m00s
[ 709/1165] fontconfig-devel-0:2.17.0-4 100% |   1.4 MiB/s | 169.0 KiB |  00m00s
[ 710/1165] gdk-pixbuf2-devel-0:2.44.6^ 100% |   2.4 MiB/s | 370.0 KiB |  00m00s
[ 711/1165] libX11-devel-0:1.8.13-1.fc4 100% |   4.2 MiB/s |   1.0 MiB |  00m00s
[ 712/1165] xorg-x11-proto-devel-0:2025 100% |   2.8 MiB/s | 302.3 KiB |  00m00s
[ 713/1165] libXcomposite-devel-0:0.4.6 100% | 229.4 KiB/s |  15.8 KiB |  00m00s
[ 714/1165] libXcursor-devel-0:1.2.3-4. 100% | 670.2 KiB/s |  39.5 KiB |  00m00s
[ 715/1165] libXdamage-devel-0:1.1.6-7. 100% | 150.3 KiB/s |   9.5 KiB |  00m00s
[ 716/1165] libXext-devel-0:1.3.6-5.fc4 100% |   1.1 MiB/s |  85.2 KiB |  00m00s
[ 717/1165] libXfixes-devel-0:6.0.1-7.f 100% | 245.7 KiB/s |  12.5 KiB |  00m00s
[ 718/1165] glib2-devel-0:2.88.3-1.fc44 100% |   3.4 MiB/s |   1.5 MiB |  00m00s
[ 719/1165] libXinerama-devel-0:1.1.5-1 100% | 298.3 KiB/s |  13.1 KiB |  00m00s
[ 720/1165] libXrandr-devel-0:1.5.4-7.f 100% | 480.3 KiB/s |  19.2 KiB |  00m00s
[ 721/1165] libXi-devel-0:1.8.3-1.fc44. 100% | 883.4 KiB/s | 115.7 KiB |  00m00s
[ 722/1165] libepoxy-devel-0:1.5.10-12. 100% |   2.1 MiB/s | 133.1 KiB |  00m00s
[ 723/1165] libxkbcommon-devel-0:1.13.1 100% |   1.5 MiB/s |  74.8 KiB |  00m00s
[ 724/1165] pango-devel-0:1.57.1-1.fc44 100% |   2.3 MiB/s | 162.1 KiB |  00m00s
[ 725/1165] libcloudproviders-devel-0:0 100% | 805.3 KiB/s | 122.4 KiB |  00m00s
[ 726/1165] zlib-ng-compat-devel-0:2.3. 100% | 706.4 KiB/s |  38.1 KiB |  00m00s
[ 727/1165] wayland-devel-0:1.25.0-1.fc 100% | 964.5 KiB/s | 156.2 KiB |  00m00s
[ 728/1165] glfw-1:3.4-6.fc44.x86_64    100% |   1.8 MiB/s | 131.6 KiB |  00m00s
[ 729/1165] harfbuzz-icu-0:14.1.0-2.fc4 100% | 136.0 KiB/s |  16.6 KiB |  00m00s
[ 730/1165] mbedtls-0:3.6.7-1.fc44.x86_ 100% |   3.4 MiB/s | 538.1 KiB |  00m00s
[ 731/1165] libffi-devel-0:3.5.2-2.fc44 100% | 316.0 KiB/s |  29.7 KiB |  00m00s
[ 732/1165] libmount-devel-0:2.41.5-1.f 100% | 155.6 KiB/s |  24.9 KiB |  00m00s
[ 733/1165] libselinux-devel-0:3.11-1.f 100% | 798.2 KiB/s | 151.7 KiB |  00m00s
[ 734/1165] libsepol-devel-0:3.11-1.fc4 100% | 189.0 KiB/s |  48.2 KiB |  00m00s
[ 735/1165] pcre2-devel-0:10.47-1.fc44. 100% |   2.1 MiB/s | 550.9 KiB |  00m00s
[ 736/1165] sysprof-capture-devel-0:50. 100% | 661.9 KiB/s | 174.1 KiB |  00m00s
[ 737/1165] glycin-devel-0:2.1.5-1.fc44 100% | 139.3 KiB/s |  24.9 KiB |  00m00s
[ 738/1165] appstream-compose-0:1.1.3-1 100% | 618.3 KiB/s | 129.2 KiB |  00m00s
[ 739/1165] debugedit-0:5.3-2.fc44.x86_ 100% | 311.2 KiB/s |  87.8 KiB |  00m00s
[ 740/1165] embree-0:4.4.1-1.fc44.x86_6 100% |  15.1 MiB/s |  19.8 MiB |  00m01s
[ 741/1165] dwz-0:0.16-3.fc44.x86_64    100% | 873.5 KiB/s | 138.9 KiB |  00m00s
[ 742/1165] kdump-utils-0:1.0.61-1.fc44 100% | 739.3 KiB/s | 108.7 KiB |  00m00s
[ 743/1165] jxrlib-0:1.1-33.fc44.x86_64 100% |   4.2 MiB/s | 460.8 KiB |  00m00s
[ 744/1165] cockpit-0:367-1.fc44.x86_64 100% | 290.0 KiB/s |  33.1 KiB |  00m00s
[ 745/1165] python3-lxml-html-clean-0:0 100% | 317.6 KiB/s |  37.2 KiB |  00m00s
[ 746/1165] python3-markdown-0:3.10.3-1 100% |   1.3 MiB/s | 225.1 KiB |  00m00s
[ 747/1165] python3-pyqt6-0:6.11.0-8.fc 100% |   4.8 MiB/s |   1.1 MiB |  00m00s
[ 748/1165] python3-pyqt6-base-0:6.11.0 100% |  10.6 MiB/s |   3.2 MiB |  00m00s
[ 749/1165] python-pyqt6-rpm-macros-0:6 100% |  47.1 KiB/s |  10.0 KiB |  00m00s
[ 750/1165] python3-pyqt6-sip-0:13.11.1 100% | 495.5 KiB/s |  73.3 KiB |  00m00s
[ 751/1165] python3-xxhash-0:3.8.1-1.fc 100% | 254.7 KiB/s |  29.5 KiB |  00m00s
[ 752/1165] python3-pyqt6-webengine-0:6 100% | 950.8 KiB/s | 165.4 KiB |  00m00s
[ 753/1165] at-spi2-core-devel-0:2.60.6 100% |   2.0 MiB/s | 360.9 KiB |  00m00s
[ 754/1165] dbus-devel-1:1.16.2-1.fc44. 100% | 646.6 KiB/s |  38.8 KiB |  00m00s
[ 755/1165] perl-IO-Compress-Lzma-0:2.2 100% |   1.2 MiB/s |  77.2 KiB |  00m00s
[ 756/1165] openldap-clients-0:2.6.14-1 100% |   1.2 MiB/s | 177.8 KiB |  00m00s
[ 757/1165] perl-Archive-Tar-0:3.12-1.f 100% | 506.3 KiB/s |  71.9 KiB |  00m00s
[ 758/1165] perl-IO-Zlib-1:1.15-521.fc4 100% | 255.1 KiB/s |  19.6 KiB |  00m00s
[ 759/1165] perl-Text-Diff-0:1.45-25.fc 100% | 714.4 KiB/s |  40.0 KiB |  00m00s
[ 760/1165] perl-Algorithm-Diff-0:1.201 100% | 893.6 KiB/s |  46.5 KiB |  00m00s
[ 761/1165] perl-debugger-0:1.60-525.fc 100% | 934.5 KiB/s | 132.7 KiB |  00m00s
[ 762/1165] perl-Compress-Raw-Lzma-0:2. 100% | 237.1 KiB/s |  59.7 KiB |  00m00s
[ 763/1165] perl-Compress-Raw-Zlib-0:2. 100% | 271.1 KiB/s |  68.6 KiB |  00m00s
[ 764/1165] perl-threads-1:2.43-521.fc4 100% | 953.4 KiB/s |  58.2 KiB |  00m00s
[ 765/1165] perl-threads-shared-0:1.70- 100% | 551.1 KiB/s |  45.2 KiB |  00m00s
[ 766/1165] perl-meta-notation-0:5.42.3 100% |  86.7 KiB/s |  10.0 KiB |  00m00s
[ 767/1165] perl-sigtrap-0:1.10-525.fc4 100% | 137.2 KiB/s |  15.0 KiB |  00m00s
[ 768/1165] python3-bcc-0:0.35.0-5.fc44 100% |   1.9 MiB/s | 133.7 KiB |  00m00s
[ 769/1165] proton-vpn-daemon-0:0.13.8- 100% | 230.3 KiB/s |  55.7 KiB |  00m00s
[ 770/1165] bcc-0:0.35.0-5.fc44.x86_64  100% |   2.5 MiB/s | 722.6 KiB |  00m00s
[ 771/1165] python3-proton-keyring-linu 100% | 215.1 KiB/s |  32.3 KiB |  00m00s
[ 772/1165] gnome-keyring-0:50.0-1.fc44 100% |   6.1 MiB/s | 866.0 KiB |  00m00s
[ 773/1165] python3-keyring-0:25.7.0-3. 100% | 943.0 KiB/s | 122.6 KiB |  00m00s
[ 774/1165] python3-secretstorage-0:3.5 100% | 790.1 KiB/s |  47.4 KiB |  00m00s
[ 775/1165] gcr3-base-0:3.41.1-12.fc44. 100% |   2.9 MiB/s | 280.7 KiB |  00m00s
[ 776/1165] python3-jaraco-classes-0:3. 100% | 409.7 KiB/s |  22.1 KiB |  00m00s
[ 777/1165] python3-jaraco-context-0:6. 100% | 502.7 KiB/s |  23.1 KiB |  00m00s
[ 778/1165] python3-jaraco-functools-0: 100% | 534.7 KiB/s |  25.7 KiB |  00m00s
[ 779/1165] NetworkManager-openvpn-gnom 100% |   1.2 MiB/s |  72.3 KiB |  00m00s
[ 780/1165] python3-pynacl-0:1.6.2-1.fc 100% |   2.0 MiB/s | 165.2 KiB |  00m00s
[ 781/1165] libnma-0:1.10.6-11.fc44.x86 100% |   1.9 MiB/s | 110.7 KiB |  00m00s
[ 782/1165] libnma-gtk4-0:1.10.6-11.fc4 100% |   1.7 MiB/s | 110.4 KiB |  00m00s
[ 783/1165] gcr-libs-0:4.4.0.1-7.fc44.x 100% |   5.2 MiB/s | 501.1 KiB |  00m00s
[ 784/1165] libnma-common-0:1.10.6-11.f 100% |   2.9 MiB/s | 190.6 KiB |  00m00s
[ 785/1165] proton-vpn-gtk-app-0:4.18.1 100% | 711.6 KiB/s | 725.8 KiB |  00m01s
[ 786/1165] mobile-broadband-provider-i 100% | 719.2 KiB/s |  69.0 KiB |  00m00s
[ 787/1165] git-0:2.55.0-1.fc44.x86_64  100% | 272.4 KiB/s |  41.1 KiB |  00m00s
[ 788/1165] perl-TermReadKey-0:2.38-27. 100% | 389.6 KiB/s |  35.5 KiB |  00m00s
[ 789/1165] perl-Git-0:2.55.0-1.fc44.no 100% | 263.6 KiB/s |  37.7 KiB |  00m00s
[ 790/1165] git-core-doc-0:2.55.0-1.fc4 100% |  10.9 MiB/s |   3.2 MiB |  00m00s
[ 791/1165] perl-Error-1:0.17030-3.fc44 100% | 296.4 KiB/s |  40.3 KiB |  00m00s
[ 792/1165] python3-proton-vpn-api-core 100% |   9.7 MiB/s |  10.3 MiB |  00m01s
[ 793/1165] rubygem-nokogiri-0:1.19.4-1 100% |   1.8 MiB/s | 319.4 KiB |  00m00s
[ 794/1165] rubygems-0:4.0.19-1.fc44.no 100% |   2.6 MiB/s | 472.4 KiB |  00m00s
[ 795/1165] picosat-libs-0:965-30.fc44. 100% | 380.6 KiB/s |  70.4 KiB |  00m00s
[ 796/1165] python3-rpds-py-0:0.29.0-4. 100% |   1.5 MiB/s | 289.9 KiB |  00m00s
[ 797/1165] python3-tqdm-0:4.69.0-2.fc4 100% | 893.5 KiB/s | 178.7 KiB |  00m00s
[ 798/1165] python3-more-itertools-0:10 100% | 650.9 KiB/s | 132.8 KiB |  00m00s
[ 799/1165] qt-settings-0:44.0-1.fc44.n 100% |  26.5 KiB/s |  10.7 KiB |  00m00s
[ 800/1165] perl-Compress-Raw-Bzip2-0:2 100% | 187.2 KiB/s |  37.8 KiB |  00m00s
[ 801/1165] perl-IO-Compress-0:2.223-1. 100% |   1.5 MiB/s | 310.4 KiB |  00m00s
[ 802/1165] perl-Tie-0:4.6-525.fc44.noa 100% | 138.3 KiB/s |  27.1 KiB |  00m00s
[ 803/1165] harfbuzz-cairo-0:14.1.0-2.f 100% |  77.6 KiB/s |  31.8 KiB |  00m00s
[ 804/1165] freetype-devel-0:2.14.3-1.f 100% |   2.4 MiB/s |   1.0 MiB |  00m00s
[ 805/1165] harfbuzz-devel-0:14.1.0-2.f 100% |   1.3 MiB/s | 600.8 KiB |  00m00s
[ 806/1165] libXft-devel-0:2.3.8-10.fc4 100% | 694.4 KiB/s |  49.3 KiB |  00m00s
[ 807/1165] libthai-devel-0:0.1.30-2.fc 100% |   2.3 MiB/s | 129.3 KiB |  00m00s
[ 808/1165] harfbuzz-gpu-0:14.1.0-2.fc4 100% | 191.6 KiB/s |  33.0 KiB |  00m00s
[ 809/1165] libXrender-devel-0:0.9.12-4 100% |  79.9 KiB/s |  19.0 KiB |  00m00s
[ 810/1165] PDAL-libs-0:2.9.3-3.fc44.x8 100% |  10.7 MiB/s |   2.3 MiB |  00m00s
[ 811/1165] hdf5-0:1.14.6-7.fc44.x86_64 100% |   4.2 MiB/s |   2.1 MiB |  00m00s
[ 812/1165] libharu-0:2.4.5-2.fc44.x86_ 100% |   1.9 MiB/s | 583.7 KiB |  00m00s
[ 813/1165] cgnslib-libs-0:4.5.1-3.fc44 100% | 353.0 KiB/s | 337.9 KiB |  00m01s
[ 814/1165] liblas-0:1.8.2-0.30.git0756 100% |   1.3 MiB/s | 332.1 KiB |  00m00s
[ 815/1165] netcdf-0:4.9.3-2.fc44.x86_6 100% |   2.6 MiB/s | 870.2 KiB |  00m00s
[ 816/1165] openvr-api-0:2.12.14-2.fc44 100% | 153.7 KiB/s |  33.7 KiB |  00m00s
[ 817/1165] libpq-0:18.0-4.fc44.x86_64  100% | 318.1 KiB/s | 276.8 KiB |  00m01s
[ 818/1165] unixODBC-0:2.3.14-3.fc44.x8 100% |   1.8 MiB/s | 417.9 KiB |  00m00s
[ 819/1165] libgeotiff-0:1.7.4-5.fc44.x 100% | 357.6 KiB/s |  98.0 KiB |  00m00s
[ 820/1165] libaec-0:1.1.5-1.fc44.x86_6 100% | 261.2 KiB/s |  38.1 KiB |  00m00s
[ 821/1165] laszip-0:3.5.0-3.fc44.x86_6 100% |   1.7 MiB/s | 255.6 KiB |  00m00s
[ 822/1165] blosc-0:1.21.6-10.fc44.x86_ 100% | 307.5 KiB/s |  59.0 KiB |  00m00s
[ 823/1165] vtk-0:9.5.2-12.fc44.x86_64  100% |  15.1 MiB/s |  46.9 MiB |  00m03s
[ 824/1165] perl-English-0:1.11-525.fc4 100% | 126.5 KiB/s |  12.9 KiB |  00m00s
[ 825/1165] aardvark-dns-2:1.17.1-1.fc4 100% |   5.3 MiB/s | 859.3 KiB |  00m00s
[ 826/1165] libmd-0:1.2.0-1.fc44.x86_64 100% | 483.9 KiB/s |  55.2 KiB |  00m00s
[ 827/1165] vtk-qt-0:9.5.2-12.fc44.x86_ 100% | 308.0 KiB/s | 332.3 KiB |  00m01s
[ 828/1165] libxml2-devel-0:2.12.10-6.f 100% |   5.8 MiB/s | 523.6 KiB |  00m00s
[ 829/1165] libdatrie-devel-0:0.2.14-2. 100% |   1.4 MiB/s | 138.8 KiB |  00m00s
[ 830/1165] xz-devel-1:5.8.2-2.fc44.x86 100% | 385.0 KiB/s |  67.0 KiB |  00m00s
[ 831/1165] armadillo-0:12.8.1-9.fc44.x 100% | 695.9 KiB/s |  30.6 KiB |  00m00s
[ 832/1165] freexl-0:2.0.0-20.fc44.x86_ 100% | 654.6 KiB/s |  47.1 KiB |  00m00s
[ 833/1165] geos-0:3.14.1-2.fc44.x86_64 100% |   5.0 MiB/s |   1.3 MiB |  00m00s
[ 834/1165] gdal-libs-0:3.12.4-1.fc44.x 100% |   7.6 MiB/s |  11.5 MiB |  00m02s
[ 835/1165] libarrow-0:23.0.1-1.fc44.x8 100% |   2.8 MiB/s |   3.7 MiB |  00m01s
[ 836/1165] python3-vtk-0:9.5.2-12.fc44 100% |   3.6 MiB/s |  11.9 MiB |  00m03s
[ 837/1165] libarrow-dataset-libs-0:23. 100% |   2.0 MiB/s | 539.2 KiB |  00m00s
[ 838/1165] libspatialite-0:5.1.0-12.fc 100% |  10.5 MiB/s |   3.0 MiB |  00m00s
[ 839/1165] libgta-0:1.2.1-17.fc44.x86_ 100% | 106.8 KiB/s |  36.7 KiB |  00m00s
[ 840/1165] muParser-0:2.3.5-5.fc44.x86 100% |   1.7 MiB/s | 181.6 KiB |  00m00s
[ 841/1165] xerces-c-0:3.3.0-9.fc44.x86 100% |   6.0 MiB/s |   1.1 MiB |  00m00s
[ 842/1165] arpack-0:3.9.1-9.fc44.x86_6 100% |   2.4 MiB/s | 207.6 KiB |  00m00s
[ 843/1165] libarrow-doc-0:23.0.1-1.fc4 100% | 347.1 KiB/s |  29.5 KiB |  00m00s
[ 844/1165] liborc2-0:2.2.2-2.fc44.x86_ 100% |   3.2 MiB/s | 590.3 KiB |  00m00s
[ 845/1165] parquet-libs-0:23.0.1-1.fc4 100% |   1.8 MiB/s |   1.2 MiB |  00m01s
[ 846/1165] utf8proc-0:2.11.3-2.fc44.x8 100% |   1.3 MiB/s |  83.1 KiB |  00m00s
[ 847/1165] librttopo-0:1.1.0-19.fc44.x 100% |   1.6 MiB/s | 215.3 KiB |  00m00s
[ 848/1165] libarrow-acero-libs-0:23.0. 100% |   3.6 MiB/s | 537.0 KiB |  00m00s
[ 849/1165] flexiblas-openblas-openmp64 100% | 106.9 KiB/s |  17.1 KiB |  00m00s
[ 850/1165] flexiblas-netlib64-0:3.5.0- 100% |   7.9 MiB/s |   4.3 MiB |  00m01s
[ 851/1165] openblas-openmp64-0:0.3.29- 100% |   4.1 MiB/s |   5.2 MiB |  00m01s
[ 852/1165] sg3_utils-libs-0:1.48-10.fc 100% | 137.0 KiB/s | 124.4 KiB |  00m01s
[ 853/1165] libarrow-compute-libs-0:23. 100% | 996.3 KiB/s |   3.0 MiB |  00m03s
[ 854/1165] libglvnd-devel-1:1.7.0-9.fc 100% |   2.8 MiB/s | 162.1 KiB |  00m00s
[ 855/1165] libglvnd-core-devel-1:1.7.0 100% | 420.5 KiB/s |  17.2 KiB |  00m00s
[ 856/1165] libxcb-devel-0:1.17.0-7.fc4 100% |   5.7 MiB/s |   1.4 MiB |  00m00s
[ 857/1165] proj-data-0:9.8.1-1.fc44.no 100% |   1.9 MiB/s |   1.4 MiB |  00m01s
[ 858/1165] attica-0:0.4.2-36.fc44.x86_ 100% |   2.2 MiB/s | 220.0 KiB |  00m00s
[ 859/1165] dbusmenu-qt-0:0.9.3-0.40.20 100% |   1.5 MiB/s |  85.1 KiB |  00m00s
[ 860/1165] phonon-qt4-0:4.10.3-29.fc44 100% |   3.1 MiB/s | 208.4 KiB |  00m00s
[ 861/1165] polkit-qt-0:0.112.0-34.fc44 100% |   1.5 MiB/s |  80.4 KiB |  00m00s
[ 862/1165] kde-apps-rpm-macros-6:4.14. 100% |  57.2 KiB/s |   8.2 KiB |  00m00s
[ 863/1165] proj-0:9.8.1-1.fc44.x86_64  100% |   1.3 MiB/s |   1.7 MiB |  00m01s
[ 864/1165] kdelibs-ktexteditor-6:4.14. 100% | 554.3 KiB/s |  86.5 KiB |  00m00s
[ 865/1165] kdelibs-common-6:4.14.38-53 100% |   5.4 MiB/s |   1.9 MiB |  00m00s
[ 866/1165] qt-common-1:4.8.7-85.fc44.n 100% |  53.2 KiB/s |   7.3 KiB |  00m00s
[ 867/1165] qt-1:4.8.7-85.fc44.x86_64   100% |   7.4 MiB/s |   4.9 MiB |  00m01s
[ 868/1165] polkit-qt5-1-0:0.201.1-1.fc 100% | 376.5 KiB/s |  84.7 KiB |  00m00s
[ 869/1165] perl-HTTP-Message-0:7.03-1. 100% | 340.0 KiB/s | 100.6 KiB |  00m00s
[ 870/1165] qt-x11-1:4.8.7-85.fc44.x86_ 100% |  11.9 MiB/s |  13.6 MiB |  00m01s
[ 871/1165] perl-Clone-0:0.48-1.fc44.x8 100% | 189.6 KiB/s |  29.2 KiB |  00m00s
[ 872/1165] kdelibs-6:4.14.38-53.fc44.x 100% |   4.5 MiB/s |  11.0 MiB |  00m02s
[ 873/1165] perl-IO-HTML-0:1.004-16.fc4 100% | 582.6 KiB/s |  27.4 KiB |  00m00s
[ 874/1165] perl-Term-ReadLine-0:1.17-5 100% | 133.9 KiB/s |  18.3 KiB |  00m00s
[ 875/1165] perl-Encode-Locale-0:1.05-3 100% |  91.7 KiB/s |  18.4 KiB |  00m00s
[ 876/1165] perl-Data-Dump-0:1.25-14.fc 100% | 722.9 KiB/s |  32.5 KiB |  00m00s
[ 877/1165] perl-LWP-MediaTypes-0:6.04- 100% | 163.2 KiB/s |  33.0 KiB |  00m00s
[ 878/1165] perl-File-Listing-0:6.16-7. 100% | 454.9 KiB/s |  24.6 KiB |  00m00s
[ 879/1165] perl-libwww-perl-0:6.83-1.f 100% |   1.0 MiB/s | 208.8 KiB |  00m00s
[ 880/1165] perl-HTTP-Negotiate-0:6.01- 100% | 177.3 KiB/s |  19.5 KiB |  00m00s
[ 881/1165] perl-HTTP-Cookies-0:6.11-7. 100% | 232.8 KiB/s |  37.3 KiB |  00m00s
[ 882/1165] perl-Net-HTTP-0:6.24-2.fc44 100% | 410.7 KiB/s |  39.4 KiB |  00m00s
[ 883/1165] perl-NTLM-0:1.09-42.fc44.no 100% | 207.6 KiB/s |  21.6 KiB |  00m00s
[ 884/1165] perl-Try-Tiny-0:0.32-4.fc44 100% | 370.3 KiB/s |  37.8 KiB |  00m00s
[ 885/1165] perl-WWW-RobotRules-0:6.02- 100% | 368.5 KiB/s |  19.5 KiB |  00m00s
[ 886/1165] perl-Digest-HMAC-0:1.05-4.f 100% | 383.7 KiB/s |  22.6 KiB |  00m00s
[ 887/1165] perl-Digest-SHA-1:6.04-522. 100% | 450.1 KiB/s |  61.2 KiB |  00m00s
[ 888/1165] gcr3-0:3.41.1-12.fc44.x86_6 100% |   3.2 MiB/s | 470.5 KiB |  00m00s
[ 889/1165] libportal-0:0.10.0-1.fc44.x 100% | 584.5 KiB/s |  88.8 KiB |  00m00s
[ 890/1165] libnice-gstreamer1-0:0.1.23 100% | 420.5 KiB/s |  19.3 KiB |  00m00s
[ 891/1165] libportal-gtk3-0:0.10.0-1.f 100% | 162.3 KiB/s |  17.4 KiB |  00m00s
[ 892/1165] systemd-devel-0:259.8-1.fc4 100% |   4.2 MiB/s | 700.9 KiB |  00m00s
[ 893/1165] crun-0:1.28-1.fc44.x86_64   100% |   1.7 MiB/s | 269.1 KiB |  00m00s
[ 894/1165] tlog-0:14-7.fc44.x86_64     100% |   1.3 MiB/s | 119.8 KiB |  00m00s
[ 895/1165] botan3-0:3.9.0-7.fc44.x86_6 100% |  10.8 MiB/s |   2.8 MiB |  00m00s
[ 896/1165] pixman-devel-0:0.46.2-3.fc4 100% | 263.7 KiB/s |  17.9 KiB |  00m00s
[ 897/1165] libpng-devel-2:1.6.58-1.fc4 100% |   2.1 MiB/s | 303.1 KiB |  00m00s
[ 898/1165] lzo-devel-0:2.10-16.fc44.x8 100% | 482.4 KiB/s |  39.1 KiB |  00m00s
[ 899/1165] lzo-minilzo-0:2.10-16.fc44. 100% | 528.9 KiB/s |  24.3 KiB |  00m00s
[ 900/1165] clang21-resource-filesystem 100% |  76.9 KiB/s |  18.5 KiB |  00m00s
[ 901/1165] llvm21-filesystem-0:21.1.8- 100% |  37.5 KiB/s |  13.0 KiB |  00m00s
[ 902/1165] parallel-0:20260722-1.fc44. 100% | 942.7 KiB/s | 458.1 KiB |  00m00s
[ 903/1165] perl-Thread-Queue-0:3.14-52 100% |  64.7 KiB/s |  21.3 KiB |  00m00s
[ 904/1165] SDL2_mixer-0:2.8.1-4.fc44.x 100% | 764.9 KiB/s | 174.4 KiB |  00m00s
[ 905/1165] python3-numpy-1:2.4.6-1.fc4 100% |   6.5 MiB/s |   8.3 MiB |  00m01s
[ 906/1165] clang21-libs-0:21.1.8-5.fc4 100% |   9.5 MiB/s |  30.2 MiB |  00m03s
[ 907/1165] python3-numpy-f2py-1:2.4.6- 100% |   1.9 MiB/s | 512.5 KiB |  00m00s
[ 908/1165] openslide-0:4.0.0-14.fc44.x 100% | 633.6 KiB/s | 138.1 KiB |  00m00s
[ 909/1165] alembic-libs-0:1.8.12-1.fc4 100% |   2.2 MiB/s | 592.2 KiB |  00m00s
[ 910/1165] libdicom-0:1.2.0-3.fc44.x86 100% |   2.0 MiB/s | 116.0 KiB |  00m00s
[ 911/1165] rubygem-psych-0:5.3.1-36.fc 100% | 435.1 KiB/s |  59.2 KiB |  00m00s
[ 912/1165] ruby-default-gems-0:4.0.6-3 100% | 252.4 KiB/s |  38.9 KiB |  00m00s
[ 913/1165] rubygem-racc-0:1.8.1-105.fc 100% | 569.8 KiB/s |  60.4 KiB |  00m00s
[ 914/1165] rubygem-io-console-0:0.8.2- 100% | 124.7 KiB/s |  24.7 KiB |  00m00s
[ 915/1165] llvm21-libs-0:21.1.8-5.fc44 100% |   8.9 MiB/s |  34.9 MiB |  00m04s
[ 916/1165] rubygem-irb-0:1.16.0-36.fc4 100% | 488.9 KiB/s | 119.8 KiB |  00m00s
[ 917/1165] rubygem-rbs-0:3.10.0-36.fc4 100% |   5.1 MiB/s |   1.1 MiB |  00m00s
[ 918/1165] perl-HTML-Parser-0:3.85-1.f 100% | 684.5 KiB/s | 124.6 KiB |  00m00s
[ 919/1165] perl-HTML-Tagset-0:3.24-5.f 100% | 116.1 KiB/s |  18.4 KiB |  00m00s
[ 920/1165] perl-HTTP-Date-0:6.08-1.fc4 100% | 114.5 KiB/s |  25.2 KiB |  00m00s
[ 921/1165] bootc-0:1.16.10-1.fc44.x86_ 100% |  11.0 MiB/s |   5.2 MiB |  00m00s
[ 922/1165] perl-File-Find-0:1.44-525.f 100% | 123.9 KiB/s |  24.6 KiB |  00m00s
[ 923/1165] composefs-0:1.0.8-5.fc44.x8 100% | 918.1 KiB/s |  63.4 KiB |  00m00s
[ 924/1165] dracut-squash-0:108-7.fc44. 100% |  99.0 KiB/s |  13.2 KiB |  00m00s
[ 925/1165] libblkid-devel-0:2.41.5-1.f 100% | 174.2 KiB/s |  23.7 KiB |  00m00s
[ 926/1165] makedumpfile-0:1.7.9-1.fc44 100% |   1.8 MiB/s | 319.6 KiB |  00m00s
[ 927/1165] graphite2-devel-0:1.3.14-20 100% | 438.2 KiB/s |  20.6 KiB |  00m00s
[ 928/1165] lcms2-devel-0:2.16-7.fc44.x 100% | 725.2 KiB/s |  31.9 KiB |  00m00s
[ 929/1165] openexr2-libs-0:2.5.10-1.fc 100% |   3.9 MiB/s |   1.0 MiB |  00m00s
[ 930/1165] libicu-devel-0:77.1-3.fc44. 100% |   3.4 MiB/s | 794.0 KiB |  00m00s
[ 931/1165] libseccomp-devel-0:2.6.1-2. 100% | 366.3 KiB/s |  64.5 KiB |  00m00s
[ 932/1165] brotli-devel-0:1.2.0-3.fc44 100% | 678.7 KiB/s |  34.6 KiB |  00m00s
[ 933/1165] perl-lib-0:0.65-525.fc44.x8 100% | 126.0 KiB/s |  14.2 KiB |  00m00s
[ 934/1165] brotli-0:1.2.0-3.fc44.x86_6 100% | 290.7 KiB/s |  24.1 KiB |  00m00s
[ 935/1165] libkml-0:1.3.0-58.fc44.x86_ 100% |   2.5 MiB/s | 386.7 KiB |  00m00s
[ 936/1165] libXtst-devel-0:1.2.5-4.fc4 100% | 298.8 KiB/s |  15.8 KiB |  00m00s
[ 937/1165] jitterentropy-0:3.7.0-3.fc4 100% | 335.0 KiB/s |  38.9 KiB |  00m00s
[ 938/1165] python3-fido2-0:2.2.1-1.fc4 100% |   2.6 MiB/s | 428.3 KiB |  00m00s
[ 939/1165] python3-proton-core-0:0.7.4 100% | 821.9 KiB/s | 132.3 KiB |  00m00s
[ 940/1165] python3-gnupg-0:0.5.4-5.fc4 100% | 989.3 KiB/s |  64.3 KiB |  00m00s
[ 941/1165] python3-zipp-0:3.23.0-3.fc4 100% | 716.9 KiB/s |  37.3 KiB |  00m00s
[ 942/1165] bzip2-devel-0:1.0.8-23.fc44 100% | 541.0 KiB/s | 213.7 KiB |  00m00s
[ 943/1165] python3-aiosignal-0:1.4.0-6 100% | 381.3 KiB/s |  19.8 KiB |  00m00s
[ 944/1165] python3-frozenlist-0:1.8.0- 100% | 608.1 KiB/s |  61.4 KiB |  00m00s
[ 945/1165] python3-aiohttp-0:3.13.5-1. 100% |   3.6 MiB/s | 870.3 KiB |  00m00s
[ 946/1165] python3-multidict-0:6.6.4-3 100% |   1.0 MiB/s |  90.2 KiB |  00m00s
[ 947/1165] python3-importlib-metadata- 100% | 227.4 KiB/s |  73.7 KiB |  00m00s
[ 948/1165] python3-propcache-0:0.4.1-3 100% |   1.0 MiB/s |  61.0 KiB |  00m00s
[ 949/1165] python3-yarl-0:1.22.0-2.fc4 100% |   2.1 MiB/s | 143.2 KiB |  00m00s
[ 950/1165] python3-bcrypt-0:4.3.0-14.f 100% |   1.6 MiB/s | 231.2 KiB |  00m00s
[ 951/1165] python3-pyOpenSSL-0:26.4.0- 100% |   1.0 MiB/s | 125.8 KiB |  00m00s
[ 952/1165] perl-I18N-Langinfo-0:0.24-5 100% | 230.5 KiB/s |  24.9 KiB |  00m00s
[ 953/1165] libXau-devel-0:1.0.12-4.fc4 100% | 324.5 KiB/s |  14.0 KiB |  00m00s
[ 954/1165] perl-subs-0:1.04-525.fc44.n 100% | 104.9 KiB/s |  11.0 KiB |  00m00s
[ 955/1165] rubygem-rdoc-0:7.0.4-36.fc4 100% |   3.6 MiB/s | 571.6 KiB |  00m00s
[ 956/1165] python3-aiohappyeyeballs-0: 100% | 358.2 KiB/s |  43.0 KiB |  00m00s
[ 957/1165] pacemaker-0:3.0.2-3.fc44.x8 100% |   3.5 MiB/s | 474.0 KiB |  00m00s
[ 958/1165] pacemaker-cluster-libs-0:3. 100% |   1.0 MiB/s | 145.9 KiB |  00m00s
[ 959/1165] corosync-0:3.1.10-5.fc44.x8 100% |   1.8 MiB/s | 274.3 KiB |  00m00s
[ 960/1165] resource-agents-0:4.18.0-1. 100% |   4.8 MiB/s | 864.9 KiB |  00m00s
[ 961/1165] hdf-libs-0:4.3.0-5.fc44.x86 100% |   3.5 MiB/s | 306.7 KiB |  00m00s
[ 962/1165] libknet1-plugins-all-0:1.35 100% |  96.9 KiB/s |  10.6 KiB |  00m00s
[ 963/1165] libknet1-compress-plugins-a 100% |  99.3 KiB/s |  10.8 KiB |  00m00s
[ 964/1165] libknet1-crypto-plugins-all 100% |  97.3 KiB/s |  10.6 KiB |  00m00s
[ 965/1165] libknet1-compress-bzip2-plu 100% | 126.6 KiB/s |  14.9 KiB |  00m00s
[ 966/1165] libknet1-compress-lz4-plugi 100% | 133.9 KiB/s |  16.2 KiB |  00m00s
[ 967/1165] libknet1-compress-lzma-plug 100% | 124.4 KiB/s |  15.0 KiB |  00m00s
[ 968/1165] libknet1-compress-lzo2-plug 100% | 150.6 KiB/s |  15.4 KiB |  00m00s
[ 969/1165] libknet1-compress-zlib-plug 100% | 112.7 KiB/s |  14.8 KiB |  00m00s
[ 970/1165] libknet1-compress-zstd-plug 100% | 114.0 KiB/s |  15.0 KiB |  00m00s
[ 971/1165] libknet1-crypto-nss-plugin- 100% | 176.6 KiB/s |  19.8 KiB |  00m00s
[ 972/1165] libknet1-crypto-openssl-plu 100% | 132.6 KiB/s |  17.9 KiB |  00m00s
[ 973/1165] libnozzle1-0:1.35-1.fc44.x8 100% | 243.8 KiB/s |  33.2 KiB |  00m00s
[ 974/1165] libknet1-0:1.35-1.fc44.x86_ 100% | 619.4 KiB/s |  85.5 KiB |  00m00s
[ 975/1165] cpuinfo-0:24.09.26-2.git1e8 100% | 422.2 KiB/s |  44.3 KiB |  00m00s
[ 976/1165] ibus-gtk2-0:1.5.34-4.fc44.x 100% | 298.4 KiB/s |  32.8 KiB |  00m00s
[ 977/1165] osbuild-selinux-0:191-1.fc4 100% | 631.6 KiB/s |  75.8 KiB |  00m00s
[ 978/1165] plasma-integration-qt5-0:6. 100% |   1.2 MiB/s | 144.0 KiB |  00m00s
[ 979/1165] onnxruntime-0:1.22.2-2.fc44 100% |   8.9 MiB/s |   4.2 MiB |  00m00s
[ 980/1165] onnx-libs-0:1.17.0-12.fc44. 100% |   1.8 MiB/s |   1.0 MiB |  00m01s
[ 981/1165] kf5-qqc2-desktop-style-0:5. 100% |   1.7 MiB/s | 147.5 KiB |  00m00s
[ 982/1165] kf5-kwayland-0:5.116.0-11.f 100% |   2.5 MiB/s | 510.6 KiB |  00m00s
[ 983/1165] kf5-kirigami2-0:5.116.0-5.f 100% |   3.8 MiB/s | 495.3 KiB |  00m00s
[ 984/1165] kf5-sonnet-0:5.116.0-5.fc44 100% | 385.6 KiB/s |  21.6 KiB |  00m00s
[ 985/1165] qt5-qtgraphicaleffects-0:5. 100% | 852.1 KiB/s | 119.3 KiB |  00m00s
[ 986/1165] qt5-qtquickcontrols2-0:5.15 100% |   6.2 MiB/s |   1.7 MiB |  00m00s
[ 987/1165] kf5-frameworkintegration-li 100% | 292.7 KiB/s |  29.3 KiB |  00m00s
[ 988/1165] plasma-breeze-qt5-0:6.7.4-2 100% |   1.2 MiB/s | 218.0 KiB |  00m00s
[ 989/1165] qt5-qtquickcontrols-0:5.15. 100% |   3.4 MiB/s |   1.1 MiB |  00m00s
[ 990/1165] kf5-attica-0:5.116.0-5.fc44 100% |   1.2 MiB/s | 168.8 KiB |  00m00s
[ 991/1165] kf5-knewstuff-0:5.116.0-5.f 100% |   5.7 MiB/s | 953.4 KiB |  00m00s
[ 992/1165] kf5-frameworkintegration-0: 100% |   6.4 MiB/s |   1.6 MiB |  00m00s
[ 993/1165] kf5-syndication-1:5.116.0-5 100% |   1.3 MiB/s | 196.8 KiB |  00m00s
[ 994/1165] kf5-kpackage-0:5.116.0-5.fc 100% |   1.3 MiB/s | 219.5 KiB |  00m00s
[ 995/1165] breeze-gtk-gtk2-0:6.7.4-1.f 100% | 161.5 KiB/s |  23.6 KiB |  00m00s
[ 996/1165] gstreamer1-plugins-good-qt- 100% | 389.3 KiB/s |  74.0 KiB |  00m00s
[ 997/1165] kate-krunner-plugin-0:6.7.4 100% | 210.3 KiB/s |  39.5 KiB |  00m00s
[ 998/1165] proj-data-ar-0:9.8.1-1.fc44 100% |   6.8 MiB/s |   6.1 MiB |  00m01s
[ 999/1165] proj-data-be-0:9.8.1-1.fc44 100% |   1.5 MiB/s | 921.3 KiB |  00m01s
[1000/1165] proj-data-br-0:9.8.1-1.fc44 100% |   2.9 MiB/s |   1.0 MiB |  00m00s
[1001/1165] proj-data-at-0:9.8.1-1.fc44 100% |   6.4 MiB/s |  15.1 MiB |  00m02s
[1002/1165] proj-data-ch-0:9.8.1-1.fc44 100% |   3.1 MiB/s |   2.1 MiB |  00m01s
[1003/1165] proj-data-cz-0:9.8.1-1.fc44 100% | 661.5 KiB/s | 295.0 KiB |  00m00s
[1004/1165] proj-data-au-0:9.8.1-1.fc44 100% |  12.9 MiB/s | 116.9 MiB |  00m09s
[1005/1165] proj-data-dk-0:9.8.1-1.fc44 100% |   9.9 MiB/s |  61.1 MiB |  00m06s
[1006/1165] proj-data-es-0:9.8.1-1.fc44 100% |   4.3 MiB/s |   1.0 MiB |  00m00s
[1007/1165] proj-data-eur-0:9.8.1-1.fc4 100% |   3.7 MiB/s |   1.0 MiB |  00m00s
[1008/1165] proj-data-fi-0:9.8.1-1.fc44 100% |   6.9 MiB/s |   1.9 MiB |  00m00s
[1009/1165] proj-data-fo-0:9.8.1-1.fc44 100% |  81.0 KiB/s |   9.0 KiB |  00m00s
[1010/1165] proj-data-fr-0:9.8.1-1.fc44 100% |   4.5 MiB/s |   1.9 MiB |  00m00s
[1011/1165] proj-data-hu-0:9.8.1-1.fc44 100% | 785.4 KiB/s | 133.5 KiB |  00m00s
[1012/1165] proj-data-de-0:9.8.1-1.fc44 100% |   5.4 MiB/s |  74.7 MiB |  00m14s
[1013/1165] proj-data-is-0:9.8.1-1.fc44 100% |   7.7 MiB/s |   5.3 MiB |  00m01s
[1014/1165] proj-data-lv-0:9.8.1-1.fc44 100% | 564.0 KiB/s |  63.2 KiB |  00m00s
[1015/1165] proj-data-mx-0:9.8.1-1.fc44 100% |   3.0 MiB/s | 559.9 KiB |  00m00s
[1016/1165] proj-data-ca-0:9.8.1-1.fc44 100% |   6.4 MiB/s | 104.3 MiB |  00m16s
[1017/1165] proj-data-nc-0:9.8.1-1.fc44 100% |   4.7 MiB/s |   1.5 MiB |  00m00s
[1018/1165] proj-data-nl-0:9.8.1-1.fc44 100% |   3.8 MiB/s |   1.1 MiB |  00m00s
[1019/1165] proj-data-jp-0:9.8.1-1.fc44 100% |   6.4 MiB/s |   7.4 MiB |  00m01s
[1020/1165] proj-data-no-0:9.8.1-1.fc44 100% |   9.3 MiB/s |   7.3 MiB |  00m01s
[1021/1165] proj-data-pl-0:9.8.1-1.fc44 100% |   5.7 MiB/s |   2.3 MiB |  00m00s
[1022/1165] proj-data-pt-0:9.8.1-1.fc44 100% |   2.0 MiB/s | 512.1 KiB |  00m00s
[1023/1165] proj-data-se-0:9.8.1-1.fc44 100% |   4.5 MiB/s |   2.2 MiB |  00m00s
[1024/1165] proj-data-si-0:9.8.1-1.fc44 100% | 859.5 KiB/s | 271.6 KiB |  00m00s
[1025/1165] proj-data-sk-0:9.8.1-1.fc44 100% |   3.5 MiB/s |   1.2 MiB |  00m00s
[1026/1165] proj-data-uk-0:9.8.1-1.fc44 100% |   6.4 MiB/s |   4.7 MiB |  00m01s
[1027/1165] proj-data-nz-0:9.8.1-1.fc44 100% |   6.5 MiB/s |  13.2 MiB |  00m02s
[1028/1165] proj-data-za-0:9.8.1-1.fc44 100% |   1.2 MiB/s | 303.1 KiB |  00m00s
[1029/1165] mesa-libGLU-0:9.0.3-8.fc44. 100% | 188.5 KiB/s | 170.8 KiB |  00m01s
[1030/1165] guestfs-tools-0:1.56.0-1.fc 100% |   6.3 MiB/s |   4.5 MiB |  00m01s
[1031/1165] mesa-demos-0:9.0.0-11.fc44. 100% |   1.3 MiB/s |   3.7 MiB |  00m03s
[1032/1165] rocm-runtime-devel-0:7.1.1- 100% | 861.5 KiB/s | 119.7 KiB |  00m00s
[1033/1165] libcanberra-gtk2-0:0.30-39. 100% | 168.5 KiB/s |  24.9 KiB |  00m00s
[1034/1165] qt5-qttranslations-0:5.15.1 100% | 752.8 KiB/s |   2.0 MiB |  00m03s
[1035/1165] OpenColorIO-0:2.4.2-8.fc44. 100% |   1.3 MiB/s |   2.1 MiB |  00m02s
[1036/1165] ceres-solver-0:2.2.0-11.fc4 100% |   1.5 MiB/s |   1.0 MiB |  00m01s
[1037/1165] gflags-0:2.2.2-19.fc44.x86_ 100% | 389.0 KiB/s |  98.8 KiB |  00m00s
[1038/1165] glog-0:0.7.1-1.fc44.x86_64  100% | 847.5 KiB/s | 137.3 KiB |  00m00s
[1039/1165] libavdevice-free-0:8.1.2-4. 100% |  78.0 KiB/s | 104.8 KiB |  00m01s
[1040/1165] libspnav-0:1.2-3.fc44.x86_6 100% |  81.3 KiB/s |  25.0 KiB |  00m00s
[1041/1165] blender-1:5.2.0-1.fc44.x86_ 100% |   9.5 MiB/s |  96.3 MiB |  00m10s
[1042/1165] openpgl-0:0.7.1-3.fc44.x86_ 100% | 147.5 KiB/s | 406.4 KiB |  00m03s
[1043/1165] opensubdiv-0:3.7.0-3.fc44.x 100% | 285.7 KiB/s | 533.9 KiB |  00m02s
[1044/1165] proj-data-us-0:9.8.1-1.fc44 100% |  10.9 MiB/s | 318.2 MiB |  00m29s
[1045/1165] openvdb-libs-0:13.0.0-3.fc4 100% | 456.5 KiB/s |   4.8 MiB |  00m11s
[1046/1165] potrace-0:1.16-16.fc44.x86_ 100% | 422.1 KiB/s | 122.8 KiB |  00m00s
[1047/1165] pystring-0:1.1.4-8.20251015 100% | 630.3 KiB/s |  47.9 KiB |  00m00s
[1048/1165] suitesparse-0:7.11.0-2.fc44 100% |  10.6 MiB/s |   8.0 MiB |  00m01s
[1049/1165] libavc1394-0:0.5.4-27.fc44. 100% | 853.2 KiB/s |  55.5 KiB |  00m00s
[1050/1165] libcaca-0:0.99-0.82.beta20. 100% |   3.1 MiB/s | 227.1 KiB |  00m00s
[1051/1165] libcdio-paranoia-0:10.2+2.0 100% |   1.5 MiB/s |  88.6 KiB |  00m00s
[1052/1165] libdc1394-0:2.2.7-9.fc44.x8 100% |   1.6 MiB/s | 133.1 KiB |  00m00s
[1053/1165] libiec61883-0:1.2.0-39.fc44 100% | 757.4 KiB/s |  41.7 KiB |  00m00s
[1054/1165] libklvanc-0:1.6.0-4.fc44.x8 100% |   1.1 MiB/s |  61.8 KiB |  00m00s
[1055/1165] libraw1394-0:2.1.2-25.fc44. 100% |   1.2 MiB/s |  65.5 KiB |  00m00s
[1056/1165] oidn-0:2.4.0-2.fc44.x86_64  100% |   3.3 MiB/s | 310.7 KiB |  00m00s
[1057/1165] nix-legacy-0:2.34.8-1.fc44. 100% | 313.5 KiB/s | 262.4 KiB |  00m01s
[1058/1165] busybox-1:1.37.0-7.fc44.x86 100% |   8.0 MiB/s | 790.2 KiB |  00m00s
[1059/1165] python3-cython-0:3.2.4-3.fc 100% |   1.4 MiB/s |   4.2 MiB |  00m03s
[1060/1165] qt5-qtimageformats-0:5.15.1 100% | 903.4 KiB/s | 105.7 KiB |  00m00s
[1061/1165] kate-plugins-0:26.08.0-1.fc 100% |   5.0 MiB/s |   3.1 MiB |  00m01s
[1062/1165] kf5-sonnet-hunspell-0:5.116 100% | 371.3 KiB/s |  28.2 KiB |  00m00s
[1063/1165] phonon-qt5-backend-vlc-0:0. 100% |   1.1 MiB/s | 105.8 KiB |  00m00s
[1064/1165] qt5-qtspeech-speechd-0:5.15 100% | 528.2 KiB/s |  24.3 KiB |  00m00s
[1065/1165] qemu-user-static-2:10.2.2-1 100% | 482.7 KiB/s |  28.0 KiB |  00m00s
[1066/1165] qemu-user-static-aarch64-2: 100% |  13.7 MiB/s |   2.9 MiB |  00m00s
[1067/1165] qemu-user-static-arm-2:10.2 100% |   9.4 MiB/s |   2.3 MiB |  00m00s
[1068/1165] qemu-user-static-hexagon-2: 100% |  10.9 MiB/s |   1.8 MiB |  00m00s
[1069/1165] qemu-user-static-hppa-2:10. 100% |   7.2 MiB/s |   1.5 MiB |  00m00s
[1070/1165] qemu-user-static-alpha-2:10 100% |   1.7 MiB/s |   1.5 MiB |  00m01s
[1071/1165] qemu-user-static-loongarch6 100% |   8.3 MiB/s |   1.6 MiB |  00m00s
[1072/1165] qemu-user-static-microblaze 100% |   8.6 MiB/s |   1.8 MiB |  00m00s
[1073/1165] qemu-user-static-mips-2:10. 100% |  10.9 MiB/s |   4.1 MiB |  00m00s
[1074/1165] qemu-user-static-m68k-2:10. 100% |   1.9 MiB/s |   1.5 MiB |  00m01s
[1075/1165] qemu-user-static-or1k-2:10. 100% |   8.2 MiB/s |   1.5 MiB |  00m00s
[1076/1165] qemu-user-static-riscv-2:10 100% |  11.6 MiB/s |   2.3 MiB |  00m00s
[1077/1165] qemu-user-static-s390x-2:10 100% |   6.1 MiB/s |   1.6 MiB |  00m00s
[1078/1165] qemu-user-static-sh4-2:10.2 100% |  11.8 MiB/s |   1.8 MiB |  00m00s
[1079/1165] qemu-user-static-sparc-2:10 100% |  13.3 MiB/s |   2.3 MiB |  00m00s
[1080/1165] qemu-user-static-x86-2:10.2 100% |  14.9 MiB/s |   2.1 MiB |  00m00s
[1081/1165] qemu-user-static-xtensa-2:1 100% |  15.4 MiB/s |   2.4 MiB |  00m00s
[1082/1165] qemu-user-static-ppc-2:10.2 100% |   2.2 MiB/s |   2.7 MiB |  00m01s
[1083/1165] oidn-libs-0:2.4.0-2.fc44.x8 100% |   2.0 MiB/s |  52.2 MiB |  00m26s
[1084/1165] patch-0:2.8-4.fc44.x86_64   100% |   1.5 MiB/s | 115.2 KiB |  00m00s
[1085/1165] ccache-0:4.12.3-1.fc44.x86_ 100% |   5.4 MiB/s | 760.4 KiB |  00m00s
[1086/1165] python3-license-expression- 100% |   2.0 MiB/s | 139.7 KiB |  00m00s
[1087/1165] python3-boolean.py-0:5.0-10 100% |   1.8 MiB/s | 123.6 KiB |  00m00s
[1088/1165] python3-tracer-0:1.4-2.fc44 100% |   2.6 MiB/s | 170.0 KiB |  00m00s
[1089/1165] bsdunzip-0:3.8.7-1.fc44.x86 100% |  80.8 KiB/s |  41.5 KiB |  00m01s
[1090/1165] tracer-common-0:1.4-2.fc44. 100% | 490.8 KiB/s |  20.1 KiB |  00m00s
[1091/1165] python3-tabulate+widechars- 100% | 188.7 KiB/s |   8.9 KiB |  00m00s
[1092/1165] fuse-overlayfs-0:1.17-1.fc4 100% | 109.4 KiB/s |  69.2 KiB |  00m01s
[1093/1165] python3-wcwidth-0:0.6.0-1.f 100% |   1.9 MiB/s | 123.2 KiB |  00m00s
[1094/1165] python3-dotenv+cli-0:1.2.2- 100% |  80.1 KiB/s |   8.7 KiB |  00m00s
[1095/1165] apr-util-lmdb-0:1.6.5-1.fc4 100% | 108.7 KiB/s |  13.3 KiB |  00m00s
[1096/1165] apr-util-openssl-0:1.6.5-1. 100% | 119.4 KiB/s |  15.2 KiB |  00m00s
[1097/1165] gi-docgen-fonts-0:2026.1-3. 100% | 214.9 KiB/s |   9.2 KiB |  00m00s
[1098/1165] adobe-source-code-pro-fonts 100% |   4.6 MiB/s | 806.3 KiB |  00m00s
[1099/1165] pcs-web-ui-0:0.12.2-2.fc44. 100% |   2.4 MiB/s |   1.8 MiB |  00m01s
[1100/1165] rubygem-bigdecimal-0:4.0.1- 100% | 119.4 KiB/s |  73.2 KiB |  00m01s
[1101/1165] redhat-display-fonts-0:4.1. 100% |   4.5 MiB/s | 556.2 KiB |  00m00s
[1102/1165] perl-Devel-Peek-0:1.36-525. 100% | 279.1 KiB/s |  31.3 KiB |  00m00s
[1103/1165] redhat-text-fonts-0:4.1.0-3 100% |   2.0 MiB/s | 483.9 KiB |  00m00s
[1104/1165] bison-0:3.8.2-15.fc44.x86_6 100% |   4.0 MiB/s | 998.2 KiB |  00m00s
[1105/1165] dnf5daemon-server-0:5.4.3.0 100% | 671.1 KiB/s | 320.8 KiB |  00m00s
[1106/1165] flex-0:2.6.4-24.fc44.x86_64 100% |   3.0 MiB/s | 299.3 KiB |  00m00s
[1107/1165] make-1:4.4.1-12.fc44.x86_64 100% |   2.4 MiB/s | 588.7 KiB |  00m00s
[1108/1165] m4-0:1.4.21-1.fc44.x86_64   100% |   1.1 MiB/s | 347.3 KiB |  00m00s
[1109/1165] bcc-tools-0:0.35.0-5.fc44.x 100% |   1.2 MiB/s | 574.0 KiB |  00m00s
[1110/1165] python3-netaddr-0:1.3.0-11. 100% |   1.9 MiB/s |   1.8 MiB |  00m01s
[1111/1165] python3-keyring+completion- 100% | 132.1 KiB/s |  14.3 KiB |  00m00s
[1112/1165] kernel-devel-0:7.1.13-200.f 100% |  12.7 MiB/s |  51.2 MiB |  00m04s
[1113/1165] kde-platform-plugin-1:4.11. 100% | 502.6 KiB/s |  24.1 KiB |  00m00s
[1114/1165] kde-workspace-common-1:4.11 100% | 254.7 KiB/s |  15.3 KiB |  00m00s
[1115/1165] ibus-qt-0:1.3.4-19.fc44.x86 100% |   2.0 MiB/s | 137.0 KiB |  00m00s
[1116/1165] perl-IO-Compress-Brotli-0:0 100% | 620.9 KiB/s |  28.6 KiB |  00m00s
[1117/1165] perl-File-Slurper-0:0.014-9 100% | 413.0 KiB/s |  21.1 KiB |  00m00s
[1118/1165] rubygem-bundler-0:4.0.16-36 100% | 250.0 KiB/s | 465.7 KiB |  00m02s
[1119/1165] criu-libs-0:4.2.1-1.fc44.x8 100% | 319.5 KiB/s |  34.2 KiB |  00m00s
[1120/1165] libbsd-0:0.12.2-7.fc44.x86_ 100% |   1.5 MiB/s | 124.3 KiB |  00m00s
[1121/1165] libnet-0:1.3-7.fc44.x86_64  100% | 889.5 KiB/s |  64.0 KiB |  00m00s
[1122/1165] criu-0:4.2.1-1.fc44.x86_64  100% |   2.2 MiB/s | 621.5 KiB |  00m00s
[1123/1165] libomp21-0:21.1.8-5.fc44.x8 100% |   2.9 MiB/s | 828.5 KiB |  00m00s
[1124/1165] libomp21-devel-0:21.1.8-5.f 100% |   1.2 MiB/s | 262.3 KiB |  00m00s
[1125/1165] bootupd-0:0.2.35-1.fc44.x86 100% |   5.4 MiB/s |   1.3 MiB |  00m00s
[1126/1165] compiler-rt21-0:21.1.8-5.fc 100% |   4.1 MiB/s |   2.7 MiB |  00m01s
[1127/1165] python3-aiohttp+speedups-0: 100% | 113.6 KiB/s |  11.8 KiB |  00m00s
[1128/1165] python3-brotli-0:1.2.0-3.fc 100% |   3.6 MiB/s | 354.7 KiB |  00m00s
[1129/1165] python3-pycares-0:5.0.1-2.f 100% |   1.6 MiB/s |  81.4 KiB |  00m00s
[1130/1165] python3-aiodns-0:4.0.4-1.fc 100% | 358.7 KiB/s |  37.3 KiB |  00m00s
[1131/1165] elfutils-libelf-devel-0:0.1 100% | 977.1 KiB/s | 124.1 KiB |  00m00s
[1132/1165] glibc-devel-0:2.43-8.fc44.x 100% |   2.3 MiB/s | 617.4 KiB |  00m00s
[1133/1165] openssl-devel-1:3.5.8-1.fc4 100% |   7.4 MiB/s |   3.0 MiB |  00m00s
[1134/1165] libxcrypt-devel-0:4.5.2-3.f 100% | 517.6 KiB/s |  30.0 KiB |  00m00s
[1135/1165] libzstd-devel-0:1.5.7-5.fc4 100% | 908.5 KiB/s |  56.3 KiB |  00m00s
[1136/1165] OpenImageIO-1:3.1.15.0-1.fc 100% |   6.8 MiB/s |   2.7 MiB |  00m00s
[1137/1165] gtk2-engines-0:2.20.2-34.fc 100% | 505.0 KiB/s | 319.7 KiB |  00m01s
[1138/1165] ptex-libs-0:2.5.1-3.fc44.x8 100% |   1.4 MiB/s | 173.0 KiB |  00m00s
[1139/1165] tbb2020.3-0:2020.3-8.fc44.x 100% |   1.3 MiB/s | 113.7 KiB |  00m00s
[1140/1165] manifold-0:3.5.2-1.fc44.x86 100% |   2.7 MiB/s | 834.0 KiB |  00m00s
[1141/1165] polyclipping2-0:2.0.1-2.fc4 100% |   1.6 MiB/s | 138.2 KiB |  00m00s
[1142/1165] materialx-0:1.39.5-1.fc44.x 100% |   4.7 MiB/s |   1.3 MiB |  00m00s
[1143/1165] dcmtk-0:3.6.9-5.fc44.x86_64 100% |   6.5 MiB/s |   7.8 MiB |  00m01s
[1144/1165] openshadinglanguage-libs-0: 100% |   5.4 MiB/s |   1.3 MiB |  00m00s
[1145/1165] partio-libs-0:1.20.0-1.fc44 100% |   1.5 MiB/s | 186.5 KiB |  00m00s
[1146/1165] clang-resource-filesystem-0 100% |  99.8 KiB/s |  15.9 KiB |  00m00s
[1147/1165] python3-cattrs-0:26.1.0-1.f 100% |   1.2 MiB/s | 201.9 KiB |  00m00s
[1148/1165] clang-libs-0:22.1.8-4.fc44. 100% |  12.9 MiB/s |  28.2 MiB |  00m02s
[1149/1165] draco-0:1.5.7-7.fc44.x86_64 100% |   1.0 MiB/s | 517.6 KiB |  00m00s
[1150/1165] kernel-headers-0:7.1.3-200. 100% |   6.4 MiB/s |   1.7 MiB |  00m00s
[1151/1165] usd-libs-0:26.03-4.fc44.x86 100% |   6.6 MiB/s |  16.6 MiB |  00m03s
[1152/1165] python3-openimageio-1:3.1.1 100% |   3.8 MiB/s | 655.8 KiB |  00m00s
[1153/1165] python3-numexpr-0:2.14.1-1. 100% |   3.1 MiB/s | 232.6 KiB |  00m00s
[1154/1165] python3-pyproj-0:3.7.2-5.fc 100% |   3.0 MiB/s | 537.8 KiB |  00m00s
[1155/1165] python3-pip-0:26.0.1-3.fc44 100% |   7.8 MiB/s |   2.7 MiB |  00m00s
[1156/1165] ispc-gpu-0:1.30.0-1.fc44.x8 100% |   1.2 MiB/s |  99.6 KiB |  00m00s
[1157/1165] perl-PerlIO-utf8_strict-0:0 100% | 555.7 KiB/s |  25.6 KiB |  00m00s
[1158/1165] libomp-0:22.1.8-4.fc44.x86_ 100% |   4.6 MiB/s | 853.8 KiB |  00m00s
[1159/1165] compiler-rt-0:22.1.8-4.fc44 100% |   7.7 MiB/s |   3.0 MiB |  00m00s
[1160/1165] libomp-devel-0:22.1.8-4.fc4 100% |   2.6 MiB/s | 532.4 KiB |  00m00s
[1161/1165] oneapi-level-zero-0:1.28.6- 100% |   3.4 MiB/s | 916.5 KiB |  00m00s
[1162/1165] ispc-0:1.30.0-1.fc44.x86_64 100% |   6.9 MiB/s |   8.1 MiB |  00m01s
[1163/1165] python3-shapely-0:2.1.2-10. 100% |   5.6 MiB/s | 784.7 KiB |  00m00s
[1164/1165] oneapi-level-zero-zello_wor 100% | 453.7 KiB/s |  52.2 KiB |  00m00s
[1165/1165] gcc-0:16.2.1-2.fc44.x86_64  100% |   2.7 MiB/s |  43.3 MiB |  00m16s
--------------------------------------------------------------------------------
[1165/1165] Total                       100% |  15.8 MiB/s |   4.4 GiB |  04m46s
Running transaction
[1166/1166] https://dl.google.com/linux 100% | 106.6 KiB/s |  19.2 KiB |  00m00s
--------------------------------------------------------------------------------
[1166/1166] Total                       100% |  15.8 MiB/s |   4.4 GiB |  04m46s
Importing OpenPGP key 0xD38B4796:
 UserID     : "Google Inc. (Linux Packages Signing Authority) <linux-packages-keymaster@google.com>"
 Fingerprint: EB4C1BFD4F042F6DDDCCEC917721F63BD38B4796
 From       : https://dl.google.com/linux/linux_signing_key.pub
The key was successfully imported.
[1167/1167] https://repo.protonvpn.com/ 100% |   5.3 KiB/s |   2.4 KiB |  00m00s
--------------------------------------------------------------------------------
[1167/1167] Total                       100% |  15.8 MiB/s |   4.4 GiB |  04m46s
Importing OpenPGP key 0x844830D4:
 UserID     : "Proton Technologies AG (Fedora 44) <opensource@proton.me>"
 Fingerprint: 6929133BDE1CE1CFA9EDB286D84176F6844830D4
 From       : https://repo.protonvpn.com/fedora-44-stable/public_key.asc
The key was successfully imported.
[1168/1168] https://packages.microsoft. 100% |   2.7 KiB/s | 975.0   B |  00m00s
--------------------------------------------------------------------------------
[1168/1168] Total                       100% |  15.8 MiB/s |   4.4 GiB |  04m46s
Importing OpenPGP key 0xBE1229CF:
 UserID     : "Microsoft (Release signing) <gpgsecurity@microsoft.com>"
 Fingerprint: BC528686B50D79E339D3721CEB3E94ADBE1229CF
 From       : https://packages.microsoft.com/keys/microsoft.asc
The key was successfully imported.
[1169/1169] https://rpm.releases.hashic 100% |  20.8 KiB/s |   3.9 KiB |  00m00s
--------------------------------------------------------------------------------
[1169/1169] Total                       100% |  15.8 MiB/s |   4.4 GiB |  04m46s
Importing OpenPGP key 0xA621E701:
 UserID     : "HashiCorp Security (HashiCorp Package Signing) <security+packaging@hashicorp.com>"
 Fingerprint: 798AEC654E5C15428C8E42EEAA16FCBCA621E701
 From       : https://rpm.releases.hashicorp.com/gpg
The key was successfully imported.
[   1/1167] Verify package files        100% | 103.0   B/s |   1.1 KiB |  00m11s
[   2/1167] Prepare transaction         100% | 944.0   B/s |   1.1 KiB |  00m01s
[   3/1167] Installing proj-data-0:9.8. 100% | 372.2 MiB/s |  10.1 MiB |  00m00s
[   4/1167] Installing ruby-libs-0:4.0. 100% | 144.8 MiB/s |  15.5 MiB |  00m00s
[   5/1167] Installing xorg-x11-proto-d 100% |  61.9 MiB/s |   1.8 MiB |  00m00s
[   6/1167] Installing zlib-ng-compat-d 100% |  35.3 MiB/s | 108.6 KiB |  00m00s
[   7/1167] Installing libknet1-0:1.35- 100% |   4.1 MiB/s | 224.5 KiB |  00m00s
[   8/1167] Installing proj-0:9.8.1-1.f 100% | 151.7 MiB/s |   4.7 MiB |  00m00s
[   9/1167] Installing opencascade-foun 100% | 389.6 MiB/s |  62.7 MiB |  00m00s
[  10/1167] Installing libarrow-doc-0:2 100% |  58.5 MiB/s | 119.9 KiB |  00m00s
[  11/1167] Installing shadow-utils-sub 100% |   2.5 MiB/s |  51.4 KiB |  00m00s
[  12/1167] Installing vagrant-0:2.4.9- 100% | 130.1 MiB/s | 181.6 MiB |  00m01s
[  13/1167] Installing gtk2-0:2.24.33-2 100% | 181.2 MiB/s |  13.0 MiB |  00m00s
[  14/1167] Installing wxBase-0:3.2.9-2 100% | 228.4 MiB/s |   3.0 MiB |  00m00s
[  15/1167] Installing protobuf-0:3.19. 100% | 273.8 MiB/s |   3.3 MiB |  00m00s
[  16/1167] Installing libpng-devel-2:1 100% |  49.4 MiB/s | 911.0 KiB |  00m00s
[  17/1167] Installing libraw1394-0:2.1 100% |   9.9 MiB/s | 161.7 KiB |  00m00s
[  18/1167] Installing geos-0:3.14.1-2. 100% | 177.6 MiB/s |   4.3 MiB |  00m00s
[  19/1167] Installing libaec-0:1.1.5-1 100% |  18.9 MiB/s |  96.7 KiB |  00m00s
[  20/1167] Installing hdf5-0:1.14.6-7. 100% | 163.4 MiB/s |   6.5 MiB |  00m00s
[  21/1167] Installing perl-Compress-Ra 100% |  34.1 MiB/s | 174.7 KiB |  00m00s
[  22/1167] Installing python3-attrs-0: 100% |  36.7 MiB/s | 451.1 KiB |  00m00s
[  23/1167] Installing python3-zstandar 100% | 194.6 MiB/s |   2.3 MiB |  00m00s
[  24/1167] Installing alembic-libs-0:1 100% | 214.9 MiB/s |   1.7 MiB |  00m00s
[  25/1167] Installing libgeotiff-0:1.7 100% |  19.1 MiB/s | 293.1 KiB |  00m00s
[  26/1167] Installing clang-resource-f 100% |   8.1 MiB/s |  16.7 KiB |  00m00s
[  27/1167] Installing clang21-resource 100% |   7.9 MiB/s |  16.2 KiB |  00m00s
[  28/1167] Installing blosc-0:1.21.6-1 100% |  25.2 MiB/s | 128.9 KiB |  00m00s
[  29/1167] Installing libpq-0:18.0-4.f 100% | 112.8 MiB/s |   1.0 MiB |  00m00s
[  30/1167] Installing perl-threads-1:2 100% |  28.6 MiB/s | 117.0 KiB |  00m00s
[  31/1167] Installing perl-threads-sha 100% |  20.9 MiB/s |  85.8 KiB |  00m00s
[  32/1167] Installing python3-pyqt6-si 100% |  32.2 MiB/s | 164.8 KiB |  00m00s
[  33/1167] Installing harfbuzz-icu-0:1 100% |   7.9 MiB/s |  16.1 KiB |  00m00s
[  34/1167] Installing javascriptcoregt 100% | 429.3 MiB/s |  32.2 MiB |  00m00s
[  35/1167] Installing python3-pyasn1-0 100% |  49.5 MiB/s | 912.0 KiB |  00m00s
[  36/1167] Installing python3-dbus-fas 100% | 106.8 MiB/s |   2.7 MiB |  00m00s
[  37/1167] Installing podman-sequoia-0 100% | 279.0 MiB/s |   7.0 MiB |  00m00s
[  38/1167] Installing lxc-libs-0:6.0.6 100% |  23.2 MiB/s |   2.6 MiB |  00m00s
[  39/1167] Installing freeglut-0:3.8.0 100% |  79.2 MiB/s | 486.9 KiB |  00m00s
[  40/1167] Installing python3-jeepney- 100% |  52.9 MiB/s |   1.8 MiB |  00m00s
[  41/1167] Installing python3-secretst 100% |  16.7 MiB/s | 136.9 KiB |  00m00s
[  42/1167] Installing python3-pyasn1-m 100% |  37.2 MiB/s |   1.8 MiB |  00m00s
[  43/1167] Installing hdf-libs-0:4.3.0 100% | 138.3 MiB/s | 708.0 KiB |  00m00s
[  44/1167] Installing netcdf-0:4.9.3-2 100% |  93.3 MiB/s |   2.5 MiB |  00m00s
[  45/1167] Installing libknet1-crypto- 100% |   9.9 MiB/s |  20.2 KiB |  00m00s
[  46/1167] Installing ruby-0:4.0.6-36. 100% |   7.5 MiB/s |  99.5 KiB |  00m00s
[  47/1167] Installing rubypick-0:1.1.1 100% | 465.6 KiB/s |   5.1 KiB |  00m00s
[  48/1167] Installing ruby-default-gem 100% |   3.6 MiB/s |  72.9 KiB |  00m00s
[  49/1167] Installing rubygem-psych-0: 100% |  13.5 MiB/s | 151.8 KiB |  00m00s
[  50/1167] Installing rubygems-0:4.0.1 100% |  30.7 MiB/s |   1.8 MiB |  00m00s
[  51/1167] Installing rubygem-rack-1:3 100% |  28.9 MiB/s | 296.0 KiB |  00m00s
[  52/1167] Installing rubygem-json-0:2 100% |  28.3 MiB/s | 260.6 KiB |  00m00s
[  53/1167] Installing rubygem-rexml-0: 100% |  33.1 MiB/s | 474.9 KiB |  00m00s
[  54/1167] Installing rubygem-io-conso 100% |   8.7 MiB/s |  35.5 KiB |  00m00s
[  55/1167] Installing rubygem-ffi-0:1. 100% |  17.8 MiB/s | 545.9 KiB |  00m00s
[  56/1167] Installing rubygem-musterma 100% |  15.7 MiB/s | 112.5 KiB |  00m00s
[  57/1167] Installing rubygem-tilt-0:2 100% |   4.4 MiB/s |  80.5 KiB |  00m00s
[  58/1167] Installing oneapi-level-zer 100% | 314.9 MiB/s |   4.7 MiB |  00m00s
[  59/1167] Installing materialx-0:1.39 100% | 126.7 MiB/s |   4.4 MiB |  00m00s
[  60/1167] Installing ptex-libs-0:2.5. 100% | 103.6 MiB/s | 530.6 KiB |  00m00s
[  61/1167] Installing m4-0:1.4.21-1.fc 100% |  41.3 MiB/s | 887.6 KiB |  00m00s
[  62/1167] Installing make-1:4.4.1-12. 100% |  75.0 MiB/s |   1.8 MiB |  00m00s
[  63/1167] Installing qemu-user-static 100% | 166.7 MiB/s |   9.7 MiB |  00m00s
[  64/1167] Installing qemu-user-static 100% | 175.9 MiB/s |  10.9 MiB |  00m00s
[  65/1167] Installing qemu-user-static 100% | 231.1 MiB/s |  15.3 MiB |  00m00s
[  66/1167] Installing opensubdiv-0:3.7 100% | 201.4 MiB/s |   1.8 MiB |  00m00s
[  67/1167] Installing gflags-0:2.2.2-1 100% |  19.5 MiB/s | 299.5 KiB |  00m00s
[  68/1167] Installing glog-0:0.7.1-1.f 100% |  64.8 MiB/s | 331.5 KiB |  00m00s
[  69/1167] Installing mesa-libGLU-0:9. 100% |  90.5 MiB/s | 370.6 KiB |  00m00s
[  70/1167] Installing python3-propcach 100% |  25.2 MiB/s | 154.8 KiB |  00m00s
[  71/1167] Installing python3-multidic 100% |  54.7 MiB/s | 336.2 KiB |  00m00s
[  72/1167] Installing python3-frozenli 100% |  25.8 MiB/s | 158.5 KiB |  00m00s
[  73/1167] Installing composefs-0:1.0. 100% |  10.4 MiB/s | 171.1 KiB |  00m00s
[  74/1167] Installing ostree-0:2026.4- 100% |  12.4 MiB/s | 636.9 KiB |  00m00s
>>> Running %post scriptlet: ostree-0:2026.4-1.fc44.x86_64
>>> Finished %post scriptlet: ostree-0:2026.4-1.fc44.x86_64
>>> Scriptlet output:
>>> Created symlink '/etc/systemd/system/local-fs.target.wants/ostree-remount.service' → '/usr/lib/systemd/system/ostree-remount.service'.
>>> 
[  75/1167] Installing pixman-devel-0:0 100% |  27.8 MiB/s |  56.9 KiB |  00m00s
[  76/1167] Installing libportal-0:0.10 100% |  48.1 MiB/s | 246.2 KiB |  00m00s
[  77/1167] Installing perl-Term-ReadLi 100% |   8.7 MiB/s |  17.9 KiB |  00m00s
[  78/1167] Installing perl-LWP-MediaTy 100% |  26.2 MiB/s |  80.5 KiB |  00m00s
[  79/1167] Installing freexl-0:2.0.0-2 100% |  30.7 MiB/s |  94.3 KiB |  00m00s
[  80/1167] Installing libmd-0:1.2.0-1. 100% |  31.8 MiB/s | 130.1 KiB |  00m00s
[  81/1167] Installing unixODBC-0:2.3.1 100% |  35.0 MiB/s |   1.0 MiB |  00m00s
[  82/1167] Installing libharu-0:2.4.5- 100% |  74.2 MiB/s |   1.7 MiB |  00m00s
[  83/1167] Installing python3-more-ite 100% |  21.8 MiB/s | 781.4 KiB |  00m00s
[  84/1167] Installing python3-rpds-py- 100% |  94.9 MiB/s | 680.2 KiB |  00m00s
[  85/1167] Installing python3-referenc 100% |  37.6 MiB/s | 346.1 KiB |  00m00s
[  86/1167] Installing qt-settings-0:44 100% | 112.0 KiB/s |   1.7 KiB |  00m00s
[  87/1167] Installing qt-1:4.8.7-85.fc 100% | 194.0 MiB/s |  17.8 MiB |  00m00s
[  88/1167] Installing qt-common-1:4.8. 100% |  60.5 KiB/s | 124.0   B |  00m00s
[  89/1167] Installing qt-x11-1:4.8.7-8 100% | 316.9 MiB/s |  37.4 MiB |  00m00s
[  90/1167] Installing mobile-broadband 100% | 123.4 MiB/s | 505.4 KiB |  00m00s
[  91/1167] Installing libnma-common-0: 100% |  36.5 MiB/s | 784.5 KiB |  00m00s
[  92/1167] Installing gcr-libs-0:4.4.0 100% |  71.7 MiB/s |   1.8 MiB |  00m00s
[  93/1167] Installing gcr3-base-0:3.41 100% | 158.6 MiB/s | 812.2 KiB |  00m00s
[  94/1167] Installing perl-meta-notati 100% |   2.2 MiB/s |   2.3 KiB |  00m00s
[  95/1167] Installing cockpit-0:367-1. 100% |  13.1 MiB/s |  40.1 KiB |  00m00s
[  96/1167] Installing pcre2-devel-0:10 100% |  53.0 MiB/s |   2.1 MiB |  00m00s
[  97/1167] Installing libffi-devel-0:3 100% |  11.6 MiB/s |  35.6 KiB |  00m00s
[  98/1167] Installing glfw-1:3.4-6.fc4 100% |  94.6 MiB/s | 387.4 KiB |  00m00s
[  99/1167] Installing embree-0:4.4.1-1 100% | 412.1 MiB/s |  94.0 MiB |  00m00s
[ 100/1167] Installing fribidi-devel-0: 100% |  20.0 MiB/s |  81.9 KiB |  00m00s
[ 101/1167] Installing gettext-0:0.26-5 100% | 214.9 MiB/s |  12.9 MiB |  00m00s
[ 102/1167] Installing libkomparediff2- 100% |  22.1 MiB/s | 406.5 KiB |  00m00s
[ 103/1167] Installing libewf-0:2014060 100% | 217.6 MiB/s |   1.5 MiB |  00m00s
[ 104/1167] Installing afflib-0:3.7.22- 100% |  95.2 MiB/s | 584.9 KiB |  00m00s
[ 105/1167] Installing libidn-0:1.44-1. 100% |  30.4 MiB/s | 653.3 KiB |  00m00s
[ 106/1167] Installing perl-TimeDate-1: 100% |  11.2 MiB/s | 103.7 KiB |  00m00s
[ 107/1167] Installing perl-HTTP-Date-0 100% |  14.9 MiB/s |  45.7 KiB |  00m00s
[ 108/1167] Installing python3-dotenv-0 100% |  21.8 MiB/s | 156.0 KiB |  00m00s
[ 109/1167] Installing apr-0:1.7.6-5.fc 100% |  74.5 MiB/s | 305.3 KiB |  00m00s
[ 110/1167] Installing apr-util-0:1.6.5 100% |  56.0 MiB/s | 229.2 KiB |  00m00s
[ 111/1167] Installing python3-tabulate 100% |  24.5 MiB/s | 350.8 KiB |  00m00s
[ 112/1167] Installing libconfig-0:1.8. 100% |  48.2 MiB/s | 246.9 KiB |  00m00s
[ 113/1167] Installing hivex-libs-0:1.3 100% |  29.3 MiB/s |  90.1 KiB |  00m00s
[ 114/1167] Installing kate-libs-0:26.0 100% | 226.7 MiB/s |   2.0 MiB |  00m00s
[ 115/1167] Installing kate-0:26.08.0-1 100% |  99.8 MiB/s |  17.9 MiB |  00m00s
[ 116/1167] Installing libqhull_r-1:8.0 100% | 120.1 MiB/s | 492.0 KiB |  00m00s
[ 117/1167] Installing libGLEW-0:2.2.0- 100% | 247.8 MiB/s | 761.3 KiB |  00m00s
[ 118/1167] Installing boost-charconv-0 100% |  52.9 MiB/s | 162.5 KiB |  00m00s
[ 119/1167] Installing boost-random-0:1 100% |   9.9 MiB/s |  30.4 KiB |  00m00s
[ 120/1167] Installing boost-iostreams- 100% |  29.8 MiB/s |  91.4 KiB |  00m00s
[ 121/1167] Installing openvdb-libs-0:1 100% | 497.4 MiB/s |  32.3 MiB |  00m00s
[ 122/1167] Installing blake3-0:1.8.3-3 100% |  37.7 MiB/s | 115.7 KiB |  00m00s
[ 123/1167] Installing gc-0:8.2.6-6.fc4 100% |  49.3 MiB/s | 252.3 KiB |  00m00s
[ 124/1167] Installing harfbuzz-vector- 100% |  33.1 MiB/s | 101.8 KiB |  00m00s
[ 125/1167] Installing harfbuzz-raster- 100% |  51.4 MiB/s | 210.6 KiB |  00m00s
[ 126/1167] Installing enchant-1:1.6.0- 100% |   7.0 MiB/s | 150.7 KiB |  00m00s
[ 127/1167] Installing dbus-glib-0:0.11 100% |  21.4 MiB/s | 371.9 KiB |  00m00s
[ 128/1167] Installing hyphen-0:2.8.8-2 100% |  17.4 MiB/s |  53.4 KiB |  00m00s
[ 129/1167] Installing rocm-llvm-filesy 100% |   1.3 MiB/s |  19.1 KiB |  00m00s
[ 130/1167] Installing rocm-libc++-0:20 100% |  18.7 MiB/s |   1.3 MiB |  00m00s
[ 131/1167] Installing rocm-llvm-libs-0 100% |  98.8 MiB/s |  91.6 MiB |  00m01s
[ 132/1167] Installing rocm-clang-libs- 100% |  96.4 MiB/s |  94.0 MiB |  00m01s
[ 133/1167] Installing yaml-cpp-0:0.8.0 100% |  55.3 MiB/s | 339.6 KiB |  00m00s
[ 134/1167] Installing python3-msgpack- 100% |  52.9 MiB/s | 324.8 KiB |  00m00s
[ 135/1167] Installing rocm-runtime-0:7 100% | 298.8 MiB/s |   3.3 MiB |  00m00s
[ 136/1167] Installing python3-boltons- 100% |  95.9 MiB/s |   1.5 MiB |  00m00s
[ 137/1167] Installing libvirt-gconfig- 100% |  93.6 MiB/s | 383.2 KiB |  00m00s
[ 138/1167] Installing kde4-filesystem- 100% |   1.0 MiB/s |   5.3 KiB |  00m00s
[ 139/1167] Installing liberation-fonts 100% | 121.1 KiB/s | 124.0   B |  00m00s
[ 140/1167] Installing python3-shtab-0: 100% |   8.5 MiB/s | 138.6 KiB |  00m00s
[ 141/1167] Installing python3-protobuf 100% |  68.0 MiB/s |   1.6 MiB |  00m00s
[ 142/1167] Installing python3-chardet- 100% | 328.8 MiB/s |  23.7 MiB |  00m00s
[ 143/1167] Installing python3-html5-pa 100% |  61.6 MiB/s | 504.3 KiB |  00m00s
[ 144/1167] Installing libvirt-gobject- 100% |  72.9 MiB/s | 224.0 KiB |  00m00s
[ 145/1167] Installing rocm-lld-0:20-13 100% |  88.9 MiB/s |   5.9 MiB |  00m00s
[ 146/1167] Installing rocm-llvm-0:20-1 100% |  92.3 MiB/s |  52.5 MiB |  00m01s
[ 147/1167] Installing rocm-llvm-devel- 100% |  52.4 MiB/s |  28.7 MiB |  00m01s
[ 148/1167] Installing rocm-llvm-static 100% | 125.3 MiB/s |   1.9 GiB |  00m16s
[ 149/1167] Installing rocm-libc++-deve 100% |  36.3 MiB/s |  15.4 MiB |  00m00s
[ 150/1167] Installing gtkspell-0:2.0.1 100% |   6.6 MiB/s |  87.2 KiB |  00m00s
[ 151/1167] Installing appstream-compos 100% |  60.7 MiB/s | 373.1 KiB |  00m00s
[ 152/1167] Installing boost-locale-0:1 100% |   9.6 MiB/s | 696.0 KiB |  00m00s
[ 153/1167] Installing httpd-tools-0:2. 100% |   3.5 MiB/s | 202.1 KiB |  00m00s
[ 154/1167] Installing perl-File-Listin 100% |  13.8 MiB/s |  42.5 KiB |  00m00s
[ 155/1167] Installing podofo0.10-0:0.1 100% | 245.4 MiB/s |   2.7 MiB |  00m00s
[ 156/1167] Installing sleuthkit-libs-0 100% | 164.1 MiB/s |   1.0 MiB |  00m00s
[ 157/1167] Installing kompare-libs-0:2 100% |  57.9 MiB/s | 474.2 KiB |  00m00s
[ 158/1167] Installing incus-client-0:6 100% | 167.5 MiB/s |  25.0 MiB |  00m00s
[ 159/1167] Installing wayland-devel-0: 100% |  20.1 MiB/s | 720.3 KiB |  00m00s
[ 160/1167] Installing perl-debugger-0: 100% |  79.0 MiB/s | 404.3 KiB |  00m00s
[ 161/1167] Installing perl-sigtrap-0:1 100% |   3.7 MiB/s |  11.5 KiB |  00m00s
[ 162/1167] Installing gcr3-0:3.41.1-12 100% |  29.0 MiB/s |   1.7 MiB |  00m00s
[ 163/1167] Installing gnome-keyring-0: 100% |  44.7 MiB/s |   3.5 MiB |  00m00s
[ 164/1167] Installing libnma-0:1.10.6- 100% |  87.8 MiB/s | 359.8 KiB |  00m00s
[ 165/1167] Installing libnma-gtk4-0:1. 100% |  82.0 MiB/s | 335.9 KiB |  00m00s
[ 166/1167] Installing NetworkManager-o 100% |  69.6 MiB/s | 356.6 KiB |  00m00s
[ 167/1167] Installing dbusmenu-qt-0:0. 100% |  41.6 MiB/s | 213.0 KiB |  00m00s
[ 168/1167] Installing phonon-qt4-0:4.1 100% |  69.9 MiB/s | 716.2 KiB |  00m00s
[ 169/1167] Installing polkit-qt-0:0.11 100% |  36.8 MiB/s | 264.1 KiB |  00m00s
[ 170/1167] Installing attica-0:0.4.2-3 100% | 103.5 MiB/s | 847.6 KiB |  00m00s
[ 171/1167] Installing python3-jsonsche 100% |   2.7 MiB/s |  55.6 KiB |  00m00s
[ 172/1167] Installing python3-jsonsche 100% |  23.9 MiB/s | 929.4 KiB |  00m00s
[ 173/1167] Installing python3-osbuild- 100% |  21.6 MiB/s |   1.8 MiB |  00m00s
[ 174/1167] Installing python3-jaraco-c 100% |   7.4 MiB/s |  45.3 KiB |  00m00s
[ 175/1167] Installing python3-jaraco-f 100% |  19.1 MiB/s |  78.2 KiB |  00m00s
[ 176/1167] Installing lowdown-libs-0:2 100% |  37.2 MiB/s | 304.8 KiB |  00m00s
[ 177/1167] Installing libbsd-0:0.12.2- 100% | 103.7 MiB/s | 424.6 KiB |  00m00s
[ 178/1167] Installing libportal-gtk3-0 100% |  14.0 MiB/s |  28.8 KiB |  00m00s
[ 179/1167] Installing python3-aiosigna 100% |   5.4 MiB/s |  27.9 KiB |  00m00s
[ 180/1167] Installing python3-yarl-0:1 100% |  54.1 MiB/s | 553.5 KiB |  00m00s
[ 181/1167] Installing libcaca-0:0.99-0 100% | 121.6 MiB/s | 871.4 KiB |  00m00s
[ 182/1167] Installing bison-0:3.8.2-15 100% |  75.9 MiB/s |   3.5 MiB |  00m00s
[ 183/1167] Installing flex-0:2.6.4-24. 100% |  36.0 MiB/s | 811.1 KiB |  00m00s
[ 184/1167] Installing rubygem-ethon-0: 100% |  10.8 MiB/s | 133.0 KiB |  00m00s
[ 185/1167] Installing rubygem-rdoc-0:7 100% |  42.7 MiB/s |   2.2 MiB |  00m00s
[ 186/1167] Installing rubygem-irb-0:1. 100% |  13.0 MiB/s | 359.3 KiB |  00m00s
[ 187/1167] Installing ruby-bundled-gem 100% |  32.9 MiB/s |   2.8 MiB |  00m00s
[ 188/1167] Installing rubygem-rbs-0:3. 100% |  51.4 MiB/s |   5.9 MiB |  00m00s
[ 189/1167] Installing rubygem-rack-pro 100% |   7.6 MiB/s |  46.6 KiB |  00m00s
[ 190/1167] Installing rubygem-excon-0: 100% |  13.8 MiB/s | 113.1 KiB |  00m00s
[ 191/1167] Installing rubygem-formatad 100% |   5.7 MiB/s |  11.6 KiB |  00m00s
[ 192/1167] Installing rubygem-childpro 100% |  12.8 MiB/s | 105.1 KiB |  00m00s
[ 193/1167] Installing rubygem-rack-ses 100% |  10.0 MiB/s |  40.8 KiB |  00m00s
[ 194/1167] Installing rubygem-sinatra- 100% |  43.5 MiB/s | 133.6 KiB |  00m00s
[ 195/1167] Installing rubygem-xml-simp 100% |  15.7 MiB/s |  32.2 KiB |  00m00s
[ 196/1167] Installing rubygem-rackup-0 100% |   2.9 MiB/s |  38.7 KiB |  00m00s
[ 197/1167] Installing rubygem-diffy-0: 100% |   9.8 MiB/s |  30.2 KiB |  00m00s
[ 198/1167] Installing rubygem-ruby-lib 100% |  72.9 MiB/s | 298.5 KiB |  00m00s
[ 199/1167] Installing rubygem-builder- 100% |   9.6 MiB/s |  29.4 KiB |  00m00s
[ 200/1167] Installing rubygem-multi_js 100% |   7.4 MiB/s |  37.7 KiB |  00m00s
[ 201/1167] Installing rubygem-mime-typ 100% | 171.7 MiB/s |   1.4 MiB |  00m00s
[ 202/1167] Installing rubygem-mime-typ 100% |  10.2 MiB/s |  52.2 KiB |  00m00s
[ 203/1167] Installing rubygem-fog-core 100% |   8.7 MiB/s | 133.6 KiB |  00m00s
[ 204/1167] Installing rubygem-fog-json 100% |   1.2 MiB/s |   4.9 KiB |  00m00s
[ 205/1167] Installing rubygem-backport 100% |   5.4 MiB/s | 567.3 KiB |  00m00s
[ 206/1167] Installing rubygem-nio4r-0: 100% |  26.9 MiB/s | 110.1 KiB |  00m00s
[ 207/1167] Installing rubygem-puma-0:6 100% |  15.6 MiB/s | 350.8 KiB |  00m00s
[ 208/1167] Installing rubygem-racc-0:1 100% |  11.8 MiB/s | 192.6 KiB |  00m00s
[ 209/1167] Installing rubygem-nokogiri 100% |  34.5 MiB/s |   1.1 MiB |  00m00s
[ 210/1167] Installing rubygem-fog-xml- 100% |   2.6 MiB/s |  10.6 KiB |  00m00s
[ 211/1167] Installing rubygem-fog-libv 100% |   7.6 MiB/s |  77.8 KiB |  00m00s
[ 212/1167] Installing python3-ldap-0:3 100% |  32.7 MiB/s |   1.0 MiB |  00m00s
[ 213/1167] Installing libwebp-tools-0: 100% |  17.5 MiB/s | 286.2 KiB |  00m00s
[ 214/1167] Installing lxc-templates-0: 100% |  12.3 MiB/s |  50.3 KiB |  00m00s
[ 215/1167] Installing lxcfs-0:6.0.6-1. 100% |   4.3 MiB/s | 233.4 KiB |  00m00s
[ 216/1167] Installing perl-Thread-Queu 100% |   9.9 MiB/s |  30.4 KiB |  00m00s
[ 217/1167] Installing parallel-0:20260 100% |  60.7 MiB/s |   1.2 MiB |  00m00s
[ 218/1167] Installing bats-0:1.13.0-3. 100% |  11.0 MiB/s | 179.5 KiB |  00m00s
[ 219/1167] Installing clang-libs-0:22. 100% | 406.6 MiB/s | 109.8 MiB |  00m00s
[ 220/1167] Installing python3-conda-pa 100% |  18.8 MiB/s | 134.7 KiB |  00m00s
[ 221/1167] Installing python3-conda-pa 100% |  10.2 MiB/s | 188.8 KiB |  00m00s
[ 222/1167] Installing python3-cattrs-0 100% |  28.2 MiB/s | 664.6 KiB |  00m00s
[ 223/1167] Installing cgnslib-libs-0:4 100% | 184.6 MiB/s | 945.1 KiB |  00m00s
[ 224/1167] Installing librttopo-0:1.1. 100% | 102.0 MiB/s | 522.3 KiB |  00m00s
[ 225/1167] Installing libspatialite-0: 100% | 428.4 MiB/s |  15.0 MiB |  00m00s
[ 226/1167] Installing libavc1394-0:0.5 100% |   9.0 MiB/s | 139.0 KiB |  00m00s
[ 227/1167] Installing libdc1394-0:2.2. 100% |  87.1 MiB/s | 356.6 KiB |  00m00s
[ 228/1167] Installing libiec61883-0:1. 100% |  28.5 MiB/s |  87.4 KiB |  00m00s
[ 229/1167] Installing liborc2-0:2.2.2- 100% | 237.1 MiB/s |   1.9 MiB |  00m00s
[ 230/1167] Installing libarrow-0:23.0. 100% | 407.4 MiB/s |  13.9 MiB |  00m00s
[ 231/1167] Installing parquet-libs-0:2 100% | 344.9 MiB/s |   3.8 MiB |  00m00s
[ 232/1167] Installing onnx-libs-0:1.17 100% | 305.2 MiB/s |   3.7 MiB |  00m00s
[ 233/1167] Installing gtk2-engines-0:2 100% |  45.2 MiB/s |   1.1 MiB |  00m00s
[ 234/1167] Installing libknet1-compres 100% |   5.8 MiB/s |  11.9 KiB |  00m00s
[ 235/1167] Installing libknet1-compres 100% |  11.5 MiB/s |  23.6 KiB |  00m00s
[ 236/1167] Installing libknet1-compres 100% |   5.8 MiB/s |  11.9 KiB |  00m00s
[ 237/1167] Installing libknet1-compres 100% |   5.8 MiB/s |  12.0 KiB |  00m00s
[ 238/1167] Installing libknet1-compres 100% |   5.8 MiB/s |  11.9 KiB |  00m00s
[ 239/1167] Installing libknet1-compres 100% |   5.8 MiB/s |  11.9 KiB |  00m00s
[ 240/1167] Installing libknet1-compres 100% | 121.1 KiB/s | 124.0   B |  00m00s
[ 241/1167] Installing libknet1-crypto- 100% |   9.8 MiB/s |  20.0 KiB |  00m00s
[ 242/1167] Installing libknet1-crypto- 100% | 121.1 KiB/s | 124.0   B |  00m00s
[ 243/1167] Installing libknet1-plugins 100% | 121.1 KiB/s | 124.0   B |  00m00s
[ 244/1167] Installing libXau-devel-0:1 100% |   1.5 MiB/s |   9.1 KiB |  00m00s
[ 245/1167] Installing libxcb-devel-0:1 100% |  12.9 MiB/s |   3.0 MiB |  00m00s
[ 246/1167] Installing libX11-devel-0:1 100% |  14.4 MiB/s |   1.1 MiB |  00m00s
[ 247/1167] Installing libXext-devel-0: 100% |  11.9 MiB/s | 109.8 KiB |  00m00s
[ 248/1167] Installing libXrender-devel 100% |  24.9 MiB/s |  51.0 KiB |  00m00s
[ 249/1167] Installing libXfixes-devel- 100% |   4.8 MiB/s |   9.9 KiB |  00m00s
[ 250/1167] Installing libXi-devel-0:1. 100% |  14.1 MiB/s | 144.3 KiB |  00m00s
[ 251/1167] Installing libXtst-devel-0: 100% |   4.4 MiB/s |  13.6 KiB |  00m00s
[ 252/1167] Installing libXcomposite-de 100% |   3.3 MiB/s |  10.1 KiB |  00m00s
[ 253/1167] Installing libXcursor-devel 100% |   6.0 MiB/s |  30.5 KiB |  00m00s
[ 254/1167] Installing libXdamage-devel 100% |   1.5 MiB/s |   3.1 KiB |  00m00s
[ 255/1167] Installing libXrandr-devel- 100% |  11.8 MiB/s |  24.1 KiB |  00m00s
[ 256/1167] Installing libXinerama-deve 100% |   1.6 MiB/s |   8.4 KiB |  00m00s
[ 257/1167] Installing python3-numpy-1: 100% |  99.6 MiB/s |  42.0 MiB |  00m00s
[ 258/1167] Installing python3-numpy-f2 100% |  36.3 MiB/s |   2.2 MiB |  00m00s
[ 259/1167] Installing syslinux-0:6.04- 100% |  47.8 MiB/s |   1.1 MiB |  00m00s
[ 260/1167] Installing syslinux-nonlinu 100% | 112.8 MiB/s |   1.8 MiB |  00m00s
[ 261/1167] Installing syslinux-extlinu 100% | 107.5 MiB/s | 990.8 KiB |  00m00s
[ 262/1167] Installing syslinux-extlinu 100% |   6.6 MiB/s | 210.2 KiB |  00m00s
[ 263/1167] Installing python3-ruamel-y 100% |  97.0 MiB/s |   1.8 MiB |  00m00s
[ 264/1167] Installing python3-ruamel-y 100% |  62.4 MiB/s | 255.7 KiB |  00m00s
[ 265/1167] Installing python3-ruamel-y 100% | 121.1 KiB/s | 124.0   B |  00m00s
[ 266/1167] Installing argyllcms-0:3.4. 100% | 443.7 MiB/s |  51.5 MiB |  00m00s
[ 267/1167] Installing argyllcms-data-0 100% |  46.1 MiB/s | 661.1 KiB |  00m00s
[ 268/1167] Installing libomp-0:22.1.8- 100% | 208.3 MiB/s |   2.9 MiB |  00m00s
[ 269/1167] Installing kernel-headers-0 100% |  50.7 MiB/s |   7.1 MiB |  00m00s
[ 270/1167] Installing glibc-devel-0:2. 100% |  24.1 MiB/s |   2.4 MiB |  00m00s
[ 271/1167] Installing libxcrypt-devel- 100% |   6.5 MiB/s |  33.3 KiB |  00m00s
[ 272/1167] Installing gcc-0:16.2.1-2.f 100% | 364.9 MiB/s | 121.9 MiB |  00m00s
[ 273/1167] Installing draco-0:1.5.7-7. 100% | 101.1 MiB/s |   1.8 MiB |  00m00s
[ 274/1167] Installing partio-libs-0:1. 100% |  98.2 MiB/s | 603.3 KiB |  00m00s
[ 275/1167] Installing polyclipping2-0: 100% |  81.1 MiB/s | 415.3 KiB |  00m00s
[ 276/1167] Installing manifold-0:3.5.2 100% | 251.7 MiB/s |   2.8 MiB |  00m00s
[ 277/1167] Installing tbb2020.3-0:2020 100% |  54.0 MiB/s | 276.6 KiB |  00m00s
[ 278/1167] Installing dcmtk-0:3.6.9-5. 100% | 261.9 MiB/s |  40.9 MiB |  00m00s
[ 279/1167] Installing libzstd-devel-0: 100% |  71.3 MiB/s | 219.1 KiB |  00m00s
[ 280/1167] Installing elfutils-libelf- 100% |   5.4 MiB/s | 121.5 KiB |  00m00s
[ 281/1167] Installing openssl-devel-1: 100% |   9.8 MiB/s |   5.5 MiB |  00m01s
[ 282/1167] Installing python3-pycares- 100% |  43.3 MiB/s | 310.4 KiB |  00m00s
[ 283/1167] Installing python3-aiodns-0 100% |  24.7 MiB/s | 126.6 KiB |  00m00s
[ 284/1167] Installing python3-brotli-0 100% | 142.0 MiB/s | 872.3 KiB |  00m00s
[ 285/1167] Installing libnet-0:1.3-7.f 100% |  47.5 MiB/s | 145.9 KiB |  00m00s
[ 286/1167] Installing criu-0:4.2.1-1.f 100% |  37.2 MiB/s |   1.7 MiB |  00m00s
[ 287/1167] Installing perl-File-Slurpe 100% |   7.3 MiB/s |  30.0 KiB |  00m00s
[ 288/1167] Installing kde-workspace-co 100% |   6.1 MiB/s |  18.8 KiB |  00m00s
[ 289/1167] Installing python3-netaddr- 100% | 188.3 MiB/s |  11.7 MiB |  00m00s
[ 290/1167] Installing redhat-text-font 100% | 110.4 MiB/s | 791.5 KiB |  00m00s
[ 291/1167] Installing redhat-display-f 100% | 135.0 MiB/s | 968.0 KiB |  00m00s
[ 292/1167] Installing adobe-source-cod 100% | 201.7 MiB/s |   1.6 MiB |  00m00s
[ 293/1167] Installing python3-wcwidth- 100% |  52.2 MiB/s | 480.8 KiB |  00m00s
[ 294/1167] Installing tracer-common-0: 100% |   4.9 MiB/s |  35.2 KiB |  00m00s
[ 295/1167] Installing python3-boolean. 100% |  19.7 MiB/s | 646.4 KiB |  00m00s
[ 296/1167] Installing fuse-overlayfs-0 100% |   3.7 MiB/s | 137.5 KiB |  00m00s
[ 297/1167] Installing containers-commo 100% |  12.5 MiB/s | 140.8 KiB |  00m00s
[ 298/1167] Installing skopeo-1:1.22.2- 100% | 307.5 MiB/s |  24.9 MiB |  00m00s
[ 299/1167] Installing qemu-user-static 100% | 226.0 MiB/s |  14.7 MiB |  00m00s
[ 300/1167] Installing qemu-user-static 100% | 207.1 MiB/s |  13.0 MiB |  00m00s
[ 301/1167] Installing qemu-user-static 100% | 167.1 MiB/s |   8.4 MiB |  00m00s
[ 302/1167] Installing qemu-user-static 100% | 107.1 MiB/s |   4.6 MiB |  00m00s
[ 303/1167] Installing qemu-user-static 100% | 195.3 MiB/s |  11.1 MiB |  00m00s
[ 304/1167] Installing qemu-user-static 100% | 236.1 MiB/s |  15.3 MiB |  00m00s
[ 305/1167] Installing qemu-user-static 100% |  93.8 MiB/s |   4.1 MiB |  00m00s
[ 306/1167] Installing qemu-user-static 100% | 326.7 MiB/s |  31.4 MiB |  00m00s
[ 307/1167] Installing qemu-user-static 100% | 157.4 MiB/s |   8.3 MiB |  00m00s
[ 308/1167] Installing qemu-user-static 100% | 100.1 MiB/s |   4.4 MiB |  00m00s
[ 309/1167] Installing qemu-user-static 100% | 109.8 MiB/s |   4.9 MiB |  00m00s
[ 310/1167] Installing qemu-user-static 100% |  92.3 MiB/s |   4.2 MiB |  00m00s
[ 311/1167] Installing qemu-user-static 100% | 117.7 MiB/s |   6.0 MiB |  00m00s
[ 312/1167] Installing qemu-user-static 100% |  91.1 MiB/s |   4.2 MiB |  00m00s
[ 313/1167] Installing libklvanc-0:1.6. 100% |  34.5 MiB/s | 141.4 KiB |  00m00s
[ 314/1167] Installing libcdio-paranoia 100% |  12.7 MiB/s | 181.6 KiB |  00m00s
[ 315/1167] Installing libavdevice-free 100% |  48.0 MiB/s | 245.5 KiB |  00m00s
[ 316/1167] Installing suitesparse-0:7. 100% | 373.1 MiB/s |  45.9 MiB |  00m00s
[ 317/1167] Installing ceres-solver-0:2 100% | 323.4 MiB/s |   3.9 MiB |  00m00s
[ 318/1167] Installing pystring-0:1.1.4 100% |  31.3 MiB/s |  96.0 KiB |  00m00s
[ 319/1167] Installing OpenColorIO-0:2. 100% | 312.6 MiB/s |   7.8 MiB |  00m00s
[ 320/1167] Installing OpenImageIO-1:3. 100% | 326.7 MiB/s |   8.2 MiB |  00m00s
[ 321/1167] Installing openshadinglangu 100% | 223.5 MiB/s |   3.8 MiB |  00m00s
[ 322/1167] Installing usd-libs-0:26.03 100% | 284.0 MiB/s |  60.8 MiB |  00m00s
[ 323/1167] Installing python3-cython-0 100% | 129.0 MiB/s |  19.4 MiB |  00m00s
[ 324/1167] Installing potrace-0:1.16-1 100% |  16.5 MiB/s | 253.1 KiB |  00m00s
[ 325/1167] Installing openpgl-0:0.7.1- 100% | 236.3 MiB/s |   1.9 MiB |  00m00s
[ 326/1167] Installing libspnav-0:1.2-3 100% |  12.5 MiB/s |  38.3 KiB |  00m00s
[ 327/1167] Installing cpuinfo-0:24.09. 100% |   8.2 MiB/s | 109.0 KiB |  00m00s
[ 328/1167] Installing onnxruntime-0:1. 100% | 383.2 MiB/s |  14.2 MiB |  00m00s
[ 329/1167] Installing libnozzle1-0:1.3 100% |   1.1 MiB/s |  68.5 KiB |  00m00s
[ 330/1167] Installing corosync-0:3.1.1 100% |   9.1 MiB/s | 607.2 KiB |  00m00s
[ 331/1167] Installing resource-agents- 100% |  39.3 MiB/s |   3.0 MiB |  00m00s
[ 332/1167] Installing python3-aiohappy 100% |  13.0 MiB/s |  93.4 KiB |  00m00s
[ 333/1167] Installing python3-aiohttp- 100% |  98.9 MiB/s |   4.2 MiB |  00m00s
[ 334/1167] Installing perl-subs-0:1.04 100% |   1.2 MiB/s |   2.5 KiB |  00m00s
[ 335/1167] Installing perl-Data-Dump-0 100% |  17.0 MiB/s |  52.2 KiB |  00m00s
[ 336/1167] Installing perl-I18N-Langin 100% |  11.7 MiB/s |  36.0 KiB |  00m00s
[ 337/1167] Installing perl-Encode-Loca 100% |   6.5 MiB/s |  20.1 KiB |  00m00s
[ 338/1167] Installing python3-pyOpenSS 100% |  77.9 MiB/s | 717.8 KiB |  00m00s
[ 339/1167] Installing python3-bcrypt-0 100% |  69.5 MiB/s | 498.0 KiB |  00m00s
[ 340/1167] Installing python3-zipp-0:3 100% |   8.2 MiB/s |  67.0 KiB |  00m00s
[ 341/1167] Installing python3-importli 100% |  16.9 MiB/s | 190.8 KiB |  00m00s
[ 342/1167] Installing python3-gnupg-0: 100% |  40.7 MiB/s | 291.5 KiB |  00m00s
[ 343/1167] Installing python3-proton-c 100% |  25.3 MiB/s | 491.8 KiB |  00m00s
[ 344/1167] Installing python3-fido2-0: 100% |  51.2 MiB/s |   1.8 MiB |  00m00s
[ 345/1167] Installing jitterentropy-0: 100% |  21.8 MiB/s |  89.2 KiB |  00m00s
[ 346/1167] Installing botan3-0:3.9.0-7 100% | 224.0 MiB/s |   8.3 MiB |  00m00s
[ 347/1167] Installing bzip2-devel-0:1. 100% | 101.2 MiB/s | 310.7 KiB |  00m00s
[ 348/1167] Installing brotli-0:1.2.0-3 100% |   2.8 MiB/s |  34.3 KiB |  00m00s
[ 349/1167] Installing brotli-devel-0:1 100% |  16.7 MiB/s |  68.4 KiB |  00m00s
[ 350/1167] Installing libkml-0:1.3.0-5 100% | 124.4 MiB/s |   1.2 MiB |  00m00s
[ 351/1167] Installing perl-lib-0:0.65- 100% |   2.9 MiB/s |   8.9 KiB |  00m00s
[ 352/1167] Installing libseccomp-devel 100% |   7.0 MiB/s | 122.5 KiB |  00m00s
[ 353/1167] Installing lcms2-devel-0:2. 100% |  44.4 MiB/s | 136.4 KiB |  00m00s
[ 354/1167] Installing libicu-devel-0:7 100% |  87.6 MiB/s |   5.1 MiB |  00m00s
[ 355/1167] Installing graphite2-devel- 100% |  16.5 MiB/s |  50.8 KiB |  00m00s
[ 356/1167] Installing openexr2-libs-0: 100% | 216.6 MiB/s |   4.3 MiB |  00m00s
[ 357/1167] Installing makedumpfile-0:1 100% |  37.3 MiB/s | 839.5 KiB |  00m00s
[ 358/1167] Installing dracut-squash-0: 100% |   2.9 MiB/s |   9.0 KiB |  00m00s
[ 359/1167] Installing kdump-utils-0:1. 100% |   5.6 MiB/s | 301.9 KiB |  00m00s
[ 360/1167] Installing libblkid-devel-0 100% |  15.0 MiB/s |  46.0 KiB |  00m00s
[ 361/1167] Installing perl-File-Find-0 100% |  20.8 MiB/s |  42.5 KiB |  00m00s
[ 362/1167] Installing perl-HTML-Tagset 100% |   9.6 MiB/s |  19.7 KiB |  00m00s
[ 363/1167] Installing libdicom-0:1.2.0 100% | 165.1 MiB/s | 507.3 KiB |  00m00s
[ 364/1167] Installing openslide-0:4.0. 100% |  59.5 MiB/s | 304.7 KiB |  00m00s
[ 365/1167] Installing SDL2_mixer-0:2.8 100% |  23.7 MiB/s | 363.9 KiB |  00m00s
[ 366/1167] Installing llvm21-filesyste 100% | 531.2 KiB/s |   1.1 KiB |  00m00s
[ 367/1167] Installing llvm21-libs-0:21 100% | 457.5 MiB/s | 138.6 MiB |  00m00s
[ 368/1167] Installing clang21-libs-0:2 100% | 413.0 MiB/s | 114.8 MiB |  00m00s
[ 369/1167] Installing bcc-0:0.35.0-5.f 100% | 235.3 MiB/s |   2.6 MiB |  00m00s
[ 370/1167] Installing python3-bcc-0:0. 100% |  66.2 MiB/s | 542.6 KiB |  00m00s
[ 371/1167] Installing ispc-0:1.30.0-1. 100% | 627.6 MiB/s | 220.9 MiB |  00m00s
[ 372/1167] Installing libomp21-0:21.1. 100% | 235.6 MiB/s |   2.8 MiB |  00m00s
[ 373/1167] Installing lzo-minilzo-0:2. 100% |  18.5 MiB/s |  37.8 KiB |  00m00s
[ 374/1167] Installing lzo-devel-0:2.10 100% |   4.4 MiB/s | 215.3 KiB |  00m00s
>>> Running sysusers scriptlet: tlog-0:14-7.fc44.x86_64
>>> Finished sysusers scriptlet: tlog-0:14-7.fc44.x86_64
>>> Scriptlet output:
>>> Creating group 'tlog' with GID 966.
>>> Creating user 'tlog' (Tlog terminal I/O logger) with UID 966 and GID 966.
>>> 
[ 375/1167] Installing tlog-0:14-7.fc44 100% |   3.9 MiB/s | 285.1 KiB |  00m00s
[ 376/1167] Installing crun-0:1.28-1.fc 100% |  32.9 MiB/s | 607.0 KiB |  00m00s
[ 377/1167] Installing systemd-devel-0: 100% |  10.6 MiB/s | 750.3 KiB |  00m00s
[ 378/1167] Installing dbus-devel-1:1.1 100% |  22.2 MiB/s | 136.5 KiB |  00m00s
[ 379/1167] Installing libnice-gstreame 100% |   9.2 MiB/s |  28.3 KiB |  00m00s
[ 380/1167] Installing farstream02-0:0. 100% |  73.7 MiB/s | 679.6 KiB |  00m00s
[ 381/1167] Installing perl-Digest-SHA- 100% |   8.0 MiB/s | 114.9 KiB |  00m00s
[ 382/1167] Installing perl-Digest-HMAC 100% |  10.2 MiB/s |  31.5 KiB |  00m00s
[ 383/1167] Installing perl-NTLM-0:1.09 100% |  10.6 MiB/s |  32.7 KiB |  00m00s
[ 384/1167] Installing perl-WWW-RobotRu 100% |   8.4 MiB/s |  25.8 KiB |  00m00s
[ 385/1167] Installing perl-Try-Tiny-0: 100% |  13.9 MiB/s |  71.1 KiB |  00m00s
[ 386/1167] Installing perl-IO-HTML-0:1 100% |  15.2 MiB/s |  46.8 KiB |  00m00s
[ 387/1167] Installing perl-Clone-0:0.4 100% |  15.8 MiB/s |  48.4 KiB |  00m00s
[ 388/1167] Installing kdelibs-common-6 100% | 133.0 MiB/s |   2.5 MiB |  00m00s
[ 389/1167] Installing kde-apps-rpm-mac 100% | 140.6 KiB/s | 576.0   B |  00m00s
[ 390/1167] Installing kdelibs-6:4.14.3 100% | 114.6 MiB/s |  38.7 MiB |  00m00s
[ 391/1167] Installing kdelibs-ktextedi 100% |  94.2 MiB/s | 289.5 KiB |  00m00s
[ 392/1167] Installing libglvnd-core-de 100% |  20.1 MiB/s |  41.1 KiB |  00m00s
[ 393/1167] Installing libglvnd-devel-1 100% | 212.0 MiB/s |   2.1 MiB |  00m00s
[ 394/1167] Installing libepoxy-devel-0 100% | 317.9 MiB/s |   1.6 MiB |  00m00s
[ 395/1167] Installing sg3_utils-libs-0 100% |  75.8 MiB/s | 310.7 KiB |  00m00s
[ 396/1167] Installing libgpod-0:0.8.3- 100% |  43.6 MiB/s | 892.5 KiB |  00m00s
[ 397/1167] Installing openblas-openmp6 100% | 554.8 MiB/s |  43.8 MiB |  00m00s
[ 398/1167] Installing flexiblas-netlib 100% | 318.3 MiB/s |  16.6 MiB |  00m00s
[ 399/1167] Installing flexiblas-openbl 100% |  19.5 MiB/s |  40.0 KiB |  00m00s
[ 400/1167] Installing arpack-0:3.9.1-9 100% | 123.4 MiB/s | 631.7 KiB |  00m00s
[ 401/1167] Installing armadillo-0:12.8 100% |  27.1 MiB/s |  83.2 KiB |  00m00s
[ 402/1167] Installing utf8proc-0:2.11. 100% | 122.0 MiB/s | 374.9 KiB |  00m00s
[ 403/1167] Installing libarrow-compute 100% | 438.2 MiB/s |  14.0 MiB |  00m00s
[ 404/1167] Installing libarrow-acero-l 100% | 205.1 MiB/s |   1.4 MiB |  00m00s
[ 405/1167] Installing libarrow-dataset 100% | 254.7 MiB/s |   1.5 MiB |  00m00s
[ 406/1167] Installing xerces-c-0:3.3.0 100% | 328.0 MiB/s |   3.9 MiB |  00m00s
[ 407/1167] Installing muParser-0:2.3.5 100% |  91.9 MiB/s | 564.8 KiB |  00m00s
[ 408/1167] Installing libgta-0:1.2.1-1 100% |  23.2 MiB/s |  71.3 KiB |  00m00s
[ 409/1167] Installing gdal-libs-0:3.12 100% | 317.8 MiB/s |  34.6 MiB |  00m00s
[ 410/1167] Installing PDAL-libs-0:2.9. 100% |  58.2 MiB/s |   7.2 MiB |  00m00s
[ 411/1167] Installing libdatrie-devel- 100% |  14.7 MiB/s | 570.6 KiB |  00m00s
[ 412/1167] Installing libthai-devel-0: 100% |  49.8 MiB/s | 663.6 KiB |  00m00s
[ 413/1167] Installing xz-devel-1:5.8.2 100% |  42.7 MiB/s | 262.6 KiB |  00m00s
[ 414/1167] Installing libxml2-devel-0: 100% |  81.3 MiB/s |   3.4 MiB |  00m00s
[ 415/1167] Installing libxkbcommon-dev 100% | 128.6 MiB/s | 395.1 KiB |  00m00s
[ 416/1167] Installing aardvark-dns-2:1 100% | 226.6 MiB/s |   2.3 MiB |  00m00s
[ 417/1167] Installing netavark-2:1.17. 100% | 316.5 MiB/s |   8.9 MiB |  00m00s
[ 418/1167] Installing containers-commo 100% | 121.1 KiB/s | 124.0   B |  00m00s
[ 419/1167] Installing buildah-2:1.43.2 100% | 356.7 MiB/s |  31.7 MiB |  00m00s
[ 420/1167] Installing perl-English-0:1 100% |   3.2 MiB/s |   6.7 KiB |  00m00s
[ 421/1167] Installing laszip-0:3.5.0-3 100% | 122.3 MiB/s | 751.7 KiB |  00m00s
[ 422/1167] Installing liblas-0:1.8.2-0 100% | 157.3 MiB/s | 966.3 KiB |  00m00s
[ 423/1167] Installing openvr-api-0:2.1 100% |  17.5 MiB/s |  71.5 KiB |  00m00s
[ 424/1167] Installing vtk-0:9.5.2-12.f 100% | 406.2 MiB/s | 211.6 MiB |  00m01s
[ 425/1167] Installing vtk-qt-0:9.5.2-1 100% | 121.9 MiB/s |   1.1 MiB |  00m00s
[ 426/1167] Installing python3-vtk-0:9. 100% | 318.4 MiB/s |  68.8 MiB |  00m00s
[ 427/1167] Installing opencascade-draw 100% | 196.5 MiB/s |   8.1 MiB |  00m00s
[ 428/1167] Installing opencascade-visu 100% | 316.4 MiB/s |   6.3 MiB |  00m00s
[ 429/1167] Installing opencascade-ocaf 100% | 232.3 MiB/s |   4.6 MiB |  00m00s
[ 430/1167] Installing opencascade-mode 100% | 371.3 MiB/s |  46.8 MiB |  00m00s
[ 431/1167] Installing harfbuzz-gpu-0:1 100% |  43.2 MiB/s |  88.5 KiB |  00m00s
[ 432/1167] Installing harfbuzz-cairo-0 100% |  25.8 MiB/s |  52.9 KiB |  00m00s
[ 433/1167] Installing perl-Tie-0:4.6-5 100% |  11.0 MiB/s |  33.9 KiB |  00m00s
[ 434/1167] Installing perl-Compress-Ra 100% |  18.4 MiB/s |  75.2 KiB |  00m00s
[ 435/1167] Installing perl-IO-Compress 100% |  43.9 MiB/s |   1.1 MiB |  00m00s
[ 436/1167] Installing perl-HTTP-Messag 100% |  30.8 MiB/s | 221.0 KiB |  00m00s
[ 437/1167] Installing perl-HTTP-Cookie 100% |  24.6 MiB/s |  75.7 KiB |  00m00s
[ 438/1167] Installing perl-HTTP-Negoti 100% |  14.0 MiB/s |  28.7 KiB |  00m00s
[ 439/1167] Installing perl-HTML-Parser 100% |  34.5 MiB/s | 282.8 KiB |  00m00s
[ 440/1167] Installing perl-IO-Zlib-1:1 100% |  13.1 MiB/s |  26.7 KiB |  00m00s
[ 441/1167] Installing perl-Net-HTTP-0: 100% |  19.2 MiB/s |  78.6 KiB |  00m00s
[ 442/1167] Installing perl-libwww-perl 100% |  23.9 MiB/s | 489.7 KiB |  00m00s
[ 443/1167] Installing icoutils-0:0.32. 100% |  11.9 MiB/s | 195.1 KiB |  00m00s
[ 444/1167] Installing python3-tqdm-0:4 100% |  21.0 MiB/s | 601.2 KiB |  00m00s
[ 445/1167] Installing picosat-libs-0:9 100% |  58.5 MiB/s | 179.8 KiB |  00m00s
[ 446/1167] Installing python3-pycosat- 100% |   8.9 MiB/s |  36.4 KiB |  00m00s
[ 447/1167] Installing perl-Error-1:0.1 100% |  11.2 MiB/s |  80.0 KiB |  00m00s
[ 448/1167] Installing git-core-doc-0:2 100% |  83.7 MiB/s |  19.1 MiB |  00m00s
[ 449/1167] Installing perl-TermReadKey 100% |  10.8 MiB/s |  66.1 KiB |  00m00s
[ 450/1167] Installing git-0:2.55.0-1.f 100% |  14.4 MiB/s |  59.0 KiB |  00m00s
[ 451/1167] Installing perl-Git-0:2.55. 100% |  21.3 MiB/s |  65.4 KiB |  00m00s
[ 452/1167] Installing python3-pynacl-0 100% |  38.4 MiB/s | 747.7 KiB |  00m00s
[ 453/1167] Installing python3-proton-v 100% | 295.5 MiB/s |  44.0 MiB |  00m00s
[ 454/1167] Installing proton-vpn-gtk-a 100% |  14.9 MiB/s |   3.8 MiB |  00m00s
[ 455/1167] Installing python3-jaraco-c 100% |   7.8 MiB/s |  39.8 KiB |  00m00s
[ 456/1167] Installing python3-keyring- 100% |  11.4 MiB/s | 325.9 KiB |  00m00s
[ 457/1167] Installing python3-proton-k 100% |  12.5 MiB/s |  76.8 KiB |  00m00s
[ 458/1167] Installing perl-Algorithm-D 100% |  35.6 MiB/s | 109.5 KiB |  00m00s
[ 459/1167] Installing perl-Text-Diff-0 100% |  27.7 MiB/s |  85.1 KiB |  00m00s
[ 460/1167] Installing perl-Compress-Ra 100% |  29.0 MiB/s | 148.4 KiB |  00m00s
[ 461/1167] Installing perl-IO-Compress 100% |  31.0 MiB/s | 222.2 KiB |  00m00s
[ 462/1167] Installing perl-Archive-Tar 100% |  11.2 MiB/s | 160.3 KiB |  00m00s
[ 463/1167] Installing openldap-clients 100% |  31.3 MiB/s | 672.5 KiB |  00m00s
[ 464/1167] Installing python3-xxhash-0 100% |  15.2 MiB/s |  77.9 KiB |  00m00s
[ 465/1167] Installing python-pyqt6-rpm 100% |  11.9 KiB/s | 416.0   B |  00m00s
[ 466/1167] Installing python3-pyqt6-ba 100% | 232.9 MiB/s |  16.1 MiB |  00m00s
[ 467/1167] Installing python3-pyqt6-0: 100% | 224.7 MiB/s |   5.8 MiB |  00m00s
[ 468/1167] Installing python3-pyqt6-we 100% |  94.9 MiB/s | 680.2 KiB |  00m00s
[ 469/1167] Installing python3-markdown 100% |  29.1 MiB/s | 805.8 KiB |  00m00s
[ 470/1167] Installing python3-lxml-htm 100% |  18.6 MiB/s | 114.1 KiB |  00m00s
[ 471/1167] Installing jxrlib-0:1.1-33. 100% |  49.9 MiB/s | 766.1 KiB |  00m00s
[ 472/1167] Installing dwz-0:0.16-3.fc4 100% |  22.0 MiB/s | 292.3 KiB |  00m00s
[ 473/1167] Installing debugedit-0:5.3- 100% |  14.6 MiB/s | 224.0 KiB |  00m00s
[ 474/1167] Installing sysprof-capture- 100% | 159.5 MiB/s | 816.6 KiB |  00m00s
[ 475/1167] Installing libsepol-devel-0 100% |  15.6 MiB/s | 128.2 KiB |  00m00s
[ 476/1167] Installing libselinux-devel 100% |   6.4 MiB/s | 156.6 KiB |  00m00s
[ 477/1167] Installing libmount-devel-0 100% |  16.2 MiB/s |  66.5 KiB |  00m00s
[ 478/1167] Installing glib2-devel-0:2. 100% | 172.1 MiB/s |  15.8 MiB |  00m00s
[ 479/1167] Installing atk-devel-0:2.60 100% |  69.0 MiB/s |   6.1 MiB |  00m00s
[ 480/1167] Installing harfbuzz-devel-0 100% | 105.4 MiB/s |   6.1 MiB |  00m00s
[ 481/1167] Installing freetype-devel-0 100% | 145.7 MiB/s |   8.6 MiB |  00m00s
[ 482/1167] Installing fontconfig-devel 100% |   5.8 MiB/s | 159.4 KiB |  00m00s
[ 483/1167] Installing cairo-devel-0:1. 100% | 120.6 MiB/s |   2.3 MiB |  00m00s
[ 484/1167] Installing cairo-gobject-de 100% |   3.7 MiB/s |   7.6 KiB |  00m00s
[ 485/1167] Installing glycin-devel-0:2 100% |  41.4 MiB/s | 127.3 KiB |  00m00s
[ 486/1167] Installing gdk-pixbuf2-deve 100% |  48.0 MiB/s |   2.3 MiB |  00m00s
[ 487/1167] Installing libXft-devel-0:2 100% |   5.8 MiB/s |  41.6 KiB |  00m00s
[ 488/1167] Installing pango-devel-0:1. 100% | 138.5 MiB/s |   1.5 MiB |  00m00s
[ 489/1167] Installing libcloudprovider 100% |  49.0 MiB/s |   1.4 MiB |  00m00s
[ 490/1167] Installing at-spi2-core-dev 100% |  63.6 MiB/s |   4.6 MiB |  00m00s
[ 491/1167] Installing at-spi2-atk-deve 100% |   1.0 MiB/s |   2.1 KiB |  00m00s
[ 492/1167] Installing mbedtls-0:3.6.7- 100% | 199.0 MiB/s |   1.4 MiB |  00m00s
[ 493/1167] Installing libbtrfsutil-0:7 100% |  20.6 MiB/s |  63.2 KiB |  00m00s
[ 494/1167] Installing zerofree-0:1.1.1 100% |   4.2 MiB/s |  51.4 KiB |  00m00s
[ 495/1167] Installing libldm-0:0.2.5-3 100% |   2.2 MiB/s | 138.3 KiB |  00m00s
>>> Running sysusers scriptlet: dhcpcd-0:10.3.2-1.fc44.x86_64
>>> Finished sysusers scriptlet: dhcpcd-0:10.3.2-1.fc44.x86_64
>>> Scriptlet output:
>>> Creating group 'dhcpcd' with GID 965.
>>> Creating user 'dhcpcd' (Minimalistic DHCP client) with UID 965 and GID 965.
>>> 
[ 496/1167] Installing dhcpcd-0:10.3.2- 100% |   8.0 MiB/s | 517.4 KiB |  00m00s
[ 497/1167] Installing mac-robber-0:1.0 100% |   2.6 MiB/s |  34.4 KiB |  00m00s
[ 498/1167] Installing sleuthkit-0:4.15 100% |  28.8 MiB/s | 943.1 KiB |  00m00s
[ 499/1167] Installing cyrus-sasl-scram 100% |  14.8 MiB/s |  45.5 KiB |  00m00s
[ 500/1167] Installing python3-librepo- 100% |  44.7 MiB/s | 183.2 KiB |  00m00s
[ 501/1167] Installing rpm-ostree-libs- 100% |  10.4 MiB/s |  53.3 KiB |  00m00s
[ 502/1167] Installing python3-tornado- 100% | 122.4 MiB/s |   5.5 MiB |  00m00s
[ 503/1167] Installing pacemaker-schema 100% |  15.1 MiB/s |   1.2 MiB |  00m00s
>>> Running sysusers scriptlet: pacemaker-libs-0:3.0.2-3.fc44.x86_64
>>> Finished sysusers scriptlet: pacemaker-libs-0:3.0.2-3.fc44.x86_64
>>> Scriptlet output:
>>> Creating group 'haclient' with GID 189.
>>> Creating user 'hacluster' (cluster user) with UID 189 and GID 189.
>>> 
[ 504/1167] Installing pacemaker-libs-0 100% | 147.5 MiB/s |   2.2 MiB |  00m00s
[ 505/1167] Installing pacemaker-cli-0: 100% |  15.3 MiB/s |   1.1 MiB |  00m00s
[ 506/1167] Installing pacemaker-cluste 100% |  78.9 MiB/s | 484.6 KiB |  00m00s
[ 507/1167] Installing pacemaker-0:3.0. 100% |  20.8 MiB/s |   1.4 MiB |  00m00s
[ 508/1167] Installing gvisor-tap-vsock 100% | 299.6 MiB/s |   6.0 MiB |  00m00s
[ 509/1167] Installing gvisor-tap-vsock 100% | 377.0 MiB/s |  12.4 MiB |  00m00s
[ 510/1167] Installing libmanette-0:0.2 100% |  90.1 MiB/s | 368.9 KiB |  00m00s
[ 511/1167] Installing webkit2gtk4.1-0: 100% | 378.6 MiB/s |  91.2 MiB |  00m00s
[ 512/1167] Installing NLopt-0:2.10.0-1 100% |  95.9 MiB/s | 589.5 KiB |  00m00s
[ 513/1167] Installing openssl-perl-1:3 100% |   2.6 MiB/s |  34.5 KiB |  00m00s
[ 514/1167] Installing wireguard-tools- 100% |  11.1 MiB/s | 305.5 KiB |  00m00s
[ 515/1167] Installing proton-vpn-daemo 100% |   2.8 MiB/s | 154.6 KiB |  00m00s
>>> Running sysusers scriptlet: libvirt-dbus-0:1.4.1-9.fc44.x86_64
>>> Finished sysusers scriptlet: libvirt-dbus-0:1.4.1-9.fc44.x86_64
>>> Scriptlet output:
>>> Creating group 'libvirtdbus' with GID 964.
>>> Creating user 'libvirtdbus' (Libvirt D-Bus bridge) with UID 964 and GID 964.
>>> 
[ 516/1167] Installing libvirt-dbus-0:1 100% |   5.2 MiB/s | 320.2 KiB |  00m00s
[ 517/1167] Installing python3-pyparsin 100% |  93.6 MiB/s |   1.0 MiB |  00m00s
[ 518/1167] Installing python3-pycurl-0 100% |  19.8 MiB/s | 465.9 KiB |  00m00s
[ 519/1167] Installing pcs-0:0.12.2-2.f 100% |  31.1 MiB/s |   7.9 MiB |  00m00s
[ 520/1167] Installing 389-ds-base-robd 100% |   7.6 MiB/s |  61.9 KiB |  00m00s
[ 521/1167] Installing 389-ds-base-libs 100% |  62.3 MiB/s |   4.5 MiB |  00m00s
>>> Running sysusers scriptlet: 389-ds-base-0:3.2.2-2.fc44.x86_64
>>> Finished sysusers scriptlet: 389-ds-base-0:3.2.2-2.fc44.x86_64
>>> Scriptlet output:
>>> Creating group 'dirsrv' with GID 389.
>>> Creating user 'dirsrv' (user for 389-ds-base) with UID 389 and GID 389.
>>> 
[ 522/1167] Installing 389-ds-base-0:3. 100% |  19.1 MiB/s |  11.9 MiB |  00m01s
[ 523/1167] Installing python3-lib389-0 100% |  60.2 MiB/s |   6.7 MiB |  00m00s
[ 524/1167] Installing cockpit-files-0: 100% |  44.8 MiB/s | 413.0 KiB |  00m00s
[ 525/1167] Installing osbuild-initrd-0 100% | 242.4 MiB/s |   1.7 MiB |  00m00s
[ 526/1167] Installing osbuild-0:191-1. 100% |  11.7 MiB/s | 974.4 KiB |  00m00s
[ 527/1167] Installing osbuild-selinux- 100% |   1.7 KiB/s |  16.9 KiB |  00m10s
[ 528/1167] Installing osbuild-depsolve 100% |   1.5 MiB/s |   4.7 KiB |  00m00s
[ 529/1167] Installing osbuild-luks2-0: 100% |   4.3 MiB/s |  13.1 KiB |  00m00s
[ 530/1167] Installing osbuild-lvm2-0:1 100% |   7.0 MiB/s |  14.4 KiB |  00m00s
[ 531/1167] Installing slirp4netns-0:1. 100% |   6.6 MiB/s |  94.5 KiB |  00m00s
[ 532/1167] Installing conmon-2:2.2.1-2 100% |  13.9 MiB/s | 184.6 KiB |  00m00s
[ 533/1167] Installing catatonit-0:0.2. 100% | 154.3 MiB/s | 790.0 KiB |  00m00s
[ 534/1167] Installing podman-5:5.8.4-1 100% | 321.5 MiB/s |  49.2 MiB |  00m00s
[ 535/1167] Installing podman-docker-5: 100% |   1.4 MiB/s |  48.4 KiB |  00m00s
[ 536/1167] Installing bootc-0:1.16.10- 100% | 281.0 MiB/s |  18.3 MiB |  00m00s
[ 537/1167] Installing rpm-ostree-0:202 100% | 176.2 MiB/s |  13.9 MiB |  00m00s
>>> Running %post scriptlet: rpm-ostree-0:2026.2-1.fc44.x86_64
>>> Finished %post scriptlet: rpm-ostree-0:2026.2-1.fc44.x86_64
>>> Scriptlet output:
>>> Created symlink '/etc/systemd/system/timers.target.wants/rpm-ostree-countme.timer' → '/usr/lib/systemd/system/rpm-ostree-countme.timer'.
>>> 
[ 538/1167] Installing osbuild-ostree-0 100% |  12.6 MiB/s | 102.9 KiB |  00m00s
[ 539/1167] Installing image-builder-0: 100% | 456.8 MiB/s |  78.1 MiB |  00m00s
[ 540/1167] Installing netpbm-0:11.13.0 100% |  81.7 MiB/s | 585.7 KiB |  00m00s
[ 541/1167] Installing netpbm-progs-0:1 100% |  43.1 MiB/s |   7.2 MiB |  00m00s
[ 542/1167] Installing gfs2-utils-0:3.6 100% |  33.7 MiB/s | 690.8 KiB |  00m00s
[ 543/1167] Installing supermin-0:5.3.5 100% | 121.1 MiB/s |   2.2 MiB |  00m00s
[ 544/1167] Installing lsscsi-0:0.32-15 100% |   9.5 MiB/s | 126.4 KiB |  00m00s
[ 545/1167] Installing gdisk-0:1.0.10-5 100% |  45.6 MiB/s | 793.4 KiB |  00m00s
[ 546/1167] Installing libguestfs-appli 100% | 406.5 MiB/s |   3.3 MiB |  00m00s
[ 547/1167] Installing hexedit-0:1.6-10 100% |   6.4 MiB/s |  79.1 KiB |  00m00s
[ 548/1167] Installing libguestfs-1:1.6 100% |  42.2 MiB/s |   4.1 MiB |  00m00s
[ 549/1167] Installing raft-0:0.22.1-5. 100% |  23.8 MiB/s | 243.5 KiB |  00m00s
[ 550/1167] Installing cowsql-0:1.15.9- 100% |   1.1 MiB/s | 205.0 KiB |  00m00s
>>> Running sysusers scriptlet: incus-0:6.23-3.fc44.x86_64
>>> Finished sysusers scriptlet: incus-0:6.23-3.fc44.x86_64
>>> Scriptlet output:
>>> Creating group 'incus' with GID 963.
>>> Creating group 'incus-admin' with GID 962.
>>> 
[ 551/1167] Installing incus-0:6.23-3.f 100% | 232.1 MiB/s |  72.2 MiB |  00m00s
[ 552/1167] Installing openssl-pkcs11-0 100% |  39.7 MiB/s | 325.1 KiB |  00m00s
[ 553/1167] Installing nextcloud-client 100% | 239.3 MiB/s |  20.8 MiB |  00m00s
[ 554/1167] Installing nextcloud-client 100% | 258.5 MiB/s |   4.1 MiB |  00m00s
[ 555/1167] Installing boost-serializat 100% |  88.8 MiB/s | 454.4 KiB |  00m00s
[ 556/1167] Installing boost-log-0:1.90 100% | 216.2 MiB/s |   1.5 MiB |  00m00s
[ 557/1167] Installing z3-libs-0:4.16.0 100% | 360.9 MiB/s |  19.1 MiB |  00m00s
[ 558/1167] Installing nanosvg-0:202212 100% |  26.6 MiB/s |  81.6 KiB |  00m00s
[ 559/1167] Installing gmp-c++-1:6.3.0- 100% |  10.5 MiB/s |  32.3 KiB |  00m00s
[ 560/1167] Installing boost-nowide-0:1 100% |   8.4 MiB/s |  25.7 KiB |  00m00s
[ 561/1167] Installing libcpuid-0:0.8.1 100% |  65.3 MiB/s | 267.3 KiB |  00m00s
[ 562/1167] Installing boost-url-0:1.90 100% |  82.1 MiB/s | 336.2 KiB |  00m00s
[ 563/1167] Installing boost-context-0: 100% |   6.5 MiB/s |  13.3 KiB |  00m00s
[ 564/1167] Installing nix-libs-0:2.34. 100% | 321.7 MiB/s |  12.2 MiB |  00m00s
[ 565/1167] Installing nix-core-0:2.34. 100% |  93.4 MiB/s |   3.1 MiB |  00m00s
[ 566/1167] Installing nix-filesystem-0 100% |   6.7 KiB/s | 440.0   B |  00m00s
>>> Running sysusers scriptlet: nix-system-0:2.34.8-1.fc44.noarch
>>> Finished sysusers scriptlet: nix-system-0:2.34.8-1.fc44.noarch
>>> Scriptlet output:
>>> Creating group 'nixbld' with GID 961.
>>> Creating group 'nixbld-1' with GID 960.
>>> Creating user 'nixbld-1' (Nix build user 1) with UID 960 and GID 960.
>>> Creating group 'nixbld-10' with GID 959.
>>> Creating user 'nixbld-10' (Nix build user 10) with UID 959 and GID 959.
>>> Creating group 'nixbld-2' with GID 958.
>>> Creating user 'nixbld-2' (Nix build user 2) with UID 958 and GID 958.
>>> Creating group 'nixbld-3' with GID 957.
>>> Creating user 'nixbld-3' (Nix build user 3) with UID 957 and GID 957.
>>> Creating group 'nixbld-4' with GID 956.
>>> Creating user 'nixbld-4' (Nix build user 4) with UID 956 and GID 956.
>>> Creating group 'nixbld-5' with GID 955.
>>> Creating user 'nixbld-5' (Nix build user 5) with UID 955 and GID 955.
>>> Creating group 'nixbld-6' with GID 954.
>>> Creating user 'nixbld-6' (Nix build user 6) with UID 954 and GID 954.
>>> Creating group 'nixbld-7' with GID 953.
>>> Creating user 'nixbld-7' (Nix build user 7) with UID 953 and GID 953.
>>> Creating group 'nixbld-8' with GID 952.
>>> Creating user 'nixbld-8' (Nix build user 8) with UID 952 and GID 952.
>>> Creating group 'nixbld-9' with GID 951.
>>> Creating user 'nixbld-9' (Nix build user 9) with UID 951 and GID 951.
>>> 
[ 567/1167] Installing nix-system-0:2.3 100% | 565.1 KiB/s |   1.7 KiB |  00m00s
[ 568/1167] Installing wslay-0:1.1.1-8. 100% |   8.4 MiB/s |  25.7 KiB |  00m00s
[ 569/1167] Installing turbojpeg-0:3.1. 100% | 154.6 MiB/s | 949.6 KiB |  00m00s
[ 570/1167] Installing miniupnpc-0:2.3. 100% |   9.1 MiB/s | 130.2 KiB |  00m00s
[ 571/1167] Installing jemalloc-0:5.3.0 100% |  71.1 MiB/s |   1.1 MiB |  00m00s
[ 572/1167] Installing strace-0:7.2-1.f 100% | 144.2 MiB/s |   2.7 MiB |  00m00s
[ 573/1167] Installing meanwhile-0:1.1. 100% |  56.8 MiB/s | 290.6 KiB |  00m00s
[ 574/1167] Installing libgadu-0:1.12.2 100% |  63.2 MiB/s | 258.9 KiB |  00m00s
[ 575/1167] Installing libpurple-0:2.14 100% | 239.4 MiB/s |  23.7 MiB |  00m00s
[ 576/1167] Installing pidgin-0:2.14.14 100% |  28.7 MiB/s |   3.1 MiB |  00m00s
[ 577/1167] Installing yyjson-0:0.12.0- 100% |  89.0 MiB/s | 273.5 KiB |  00m00s
[ 578/1167] Installing python3-webencod 100% |  14.9 MiB/s |  91.7 KiB |  00m00s
[ 579/1167] Installing python3-html5lib 100% |  75.3 MiB/s |   1.5 MiB |  00m00s
[ 580/1167] Installing python3-mechaniz 100% |  69.0 MiB/s |   1.1 MiB |  00m00s
[ 581/1167] Installing chmlib-0:0.40-48 100% |  12.7 MiB/s | 195.5 KiB |  00m00s
[ 582/1167] Installing python3-pychm-0: 100% |  14.0 MiB/s |  85.9 KiB |  00m00s
[ 583/1167] Installing python3-defusedx 100% |  28.7 MiB/s | 206.0 KiB |  00m00s
[ 584/1167] Installing python3-odfpy-0: 100% |  45.9 MiB/s |   1.4 MiB |  00m00s
[ 585/1167] Installing python3-sgmllib3 100% |  13.7 MiB/s |  42.1 KiB |  00m00s
[ 586/1167] Installing python3-feedpars 100% |  29.3 MiB/s | 479.7 KiB |  00m00s
[ 587/1167] Installing web-assets-files 100% | 418.0 KiB/s | 856.0   B |  00m00s
[ 588/1167] Installing mathjax3-0:3.2.2 100% | 501.4 MiB/s |  35.6 MiB |  00m00s
[ 589/1167] Installing python3-tzlocal- 100% |  18.2 MiB/s | 130.3 KiB |  00m00s
[ 590/1167] Installing python3-pygments 100% |  66.8 MiB/s |  11.5 MiB |  00m00s
[ 591/1167] Installing python3-netiface 100% |   8.6 MiB/s |  43.9 KiB |  00m00s
[ 592/1167] Installing python3-dns-0:2. 100% |  54.7 MiB/s |   3.6 MiB |  00m00s
[ 593/1167] Installing python3-css-pars 100% |  59.7 MiB/s |   1.5 MiB |  00m00s
[ 594/1167] Installing python3-apsw-0:3 100% | 179.5 MiB/s |   6.1 MiB |  00m00s
[ 595/1167] Installing optipng-0:7.9.1- 100% |  12.9 MiB/s | 185.6 KiB |  00m00s
[ 596/1167] Installing libjpeg-turbo-ut 100% |  16.3 MiB/s | 284.3 KiB |  00m00s
[ 597/1167] Installing rocm-clang-runti 100% |  91.2 MiB/s |   8.5 MiB |  00m00s
[ 598/1167] Installing rocm-clang-0:20- 100% | 101.6 MiB/s |  68.6 MiB |  00m01s
[ 599/1167] Installing rocm-clang-devel 100% |  92.8 MiB/s |  26.3 MiB |  00m00s
[ 600/1167] Installing rocm-device-libs 100% |  85.9 MiB/s |   3.3 MiB |  00m00s
[ 601/1167] Installing hipcc-0:20-13.ro 100% |  32.7 MiB/s | 635.3 KiB |  00m00s
[ 602/1167] Installing simdjson-0:3.12. 100% |  59.0 MiB/s | 241.7 KiB |  00m00s
[ 603/1167] Installing reproc-0:14.2.4- 100% |  26.3 MiB/s | 107.6 KiB |  00m00s
[ 604/1167] Installing libmamba-0:2.4.0 100% | 293.1 MiB/s |   4.7 MiB |  00m00s
[ 605/1167] Installing python3-libmamba 100% | 229.1 MiB/s |   3.4 MiB |  00m00s
[ 606/1167] Installing wxGTK-i18n-0:3.2 100% | 246.1 MiB/s |   5.7 MiB |  00m00s
[ 607/1167] Installing wxGTK-0:3.2.9-2. 100% | 340.6 MiB/s |  16.7 MiB |  00m00s
[ 608/1167] Installing wxGTK-gl-0:3.2.9 100% |  20.2 MiB/s | 103.2 KiB |  00m00s
[ 609/1167] Installing python3-wxpython 100% | 219.8 MiB/s |  51.2 MiB |  00m00s
[ 610/1167] Installing wxGTK-webview-0: 100% |  49.2 MiB/s | 201.4 KiB |  00m00s
[ 611/1167] Installing python3-jsonpoin 100% |   3.7 MiB/s |  48.8 KiB |  00m00s
[ 612/1167] Installing python3-jsonpatc 100% |   5.4 MiB/s |  77.2 KiB |  00m00s
[ 613/1167] Installing libusal-0:1.1.11 100% |  74.0 MiB/s | 454.6 KiB |  00m00s
[ 614/1167] Installing genisoimage-0:1. 100% |  28.1 MiB/s |   1.1 MiB |  00m00s
[ 615/1167] Installing rocm-comgr-0:20- 100% |  93.8 MiB/s | 131.4 MiB |  00m01s
[ 616/1167] Installing rocm-hip-0:7.1.1 100% | 329.3 MiB/s |  27.0 MiB |  00m00s
[ 617/1167] Installing rocblas-0:7.1.1- 100% | 112.1 MiB/s | 974.2 MiB |  00m09s
[ 618/1167] Installing oidn-libs-0:2.4. 100% | 616.6 MiB/s | 212.1 MiB |  00m00s
[ 619/1167] Installing rocsolver-0:7.1. 100% |  50.4 MiB/s | 942.3 MiB |  00m19s
[ 620/1167] Installing hipblas-0:7.1.0- 100% |  87.3 MiB/s | 804.5 KiB |  00m00s
[ 621/1167] Installing qt5-filesystem-0 100% | 174.4 KiB/s |   3.5 KiB |  00m00s
[ 622/1167] Installing qt5-qtbase-0:5.1 100% | 129.1 MiB/s |   9.9 MiB |  00m00s
[ 623/1167] Installing qt5-qtbase-commo 100% | 173.8 KiB/s | 356.0   B |  00m00s
[ 624/1167] Installing qt5-qtbase-gui-0 100% | 288.0 MiB/s |  20.4 MiB |  00m00s
[ 625/1167] Installing kf5-kcoreaddons- 100% |  41.7 MiB/s |   1.8 MiB |  00m00s
[ 626/1167] Installing qt5-qtdeclarativ 100% | 148.2 MiB/s |  14.8 MiB |  00m00s
[ 627/1167] Installing kf5-kconfig-core 100% |  32.2 MiB/s |   1.2 MiB |  00m00s
[ 628/1167] Installing kf5-ki18n-0:5.11 100% | 269.5 MiB/s |  17.0 MiB |  00m00s
[ 629/1167] Installing kf5-kwidgetsaddo 100% | 160.8 MiB/s |   6.6 MiB |  00m00s
[ 630/1167] Installing qt5-qtx11extras- 100% |  28.4 MiB/s | 116.5 KiB |  00m00s
[ 631/1167] Installing kf5-kconfig-gui- 100% |  35.7 MiB/s | 146.3 KiB |  00m00s
[ 632/1167] Installing kf5-kwindowsyste 100% |  18.2 MiB/s | 557.9 KiB |  00m00s
[ 633/1167] Installing kf5-karchive-0:5 100% |  36.4 MiB/s | 596.7 KiB |  00m00s
[ 634/1167] Installing kf5-kcompletion- 100% |  11.1 MiB/s | 353.4 KiB |  00m00s
[ 635/1167] Installing kf5-kdbusaddons- 100% |   9.4 MiB/s | 268.5 KiB |  00m00s
[ 636/1167] Installing kf5-kservice-0:5 100% |  23.8 MiB/s |   1.1 MiB |  00m00s
[ 637/1167] Installing kf5-kjobwidgets- 100% |  16.7 MiB/s | 477.7 KiB |  00m00s
[ 638/1167] Installing kf5-solid-0:5.11 100% |  53.5 MiB/s |   1.8 MiB |  00m00s
[ 639/1167] Installing qt5-qtwayland-0: 100% | 159.3 MiB/s |   4.6 MiB |  00m00s
[ 640/1167] Installing kf5-kguiaddons-0 100% |  53.1 MiB/s | 380.5 KiB |  00m00s
[ 641/1167] Installing kf5-sonnet-core- 100% |  32.3 MiB/s | 561.7 KiB |  00m00s
[ 642/1167] Installing kf5-kitemviews-0 100% |  14.2 MiB/s | 348.5 KiB |  00m00s
[ 643/1167] Installing kf5-kcodecs-0:5. 100% |  28.9 MiB/s | 739.1 KiB |  00m00s
[ 644/1167] Installing qt5-qtspeech-0:5 100% |  24.4 MiB/s | 100.0 KiB |  00m00s
[ 645/1167] Installing kf5-sonnet-ui-0: 100% |  37.5 MiB/s | 960.5 KiB |  00m00s
[ 646/1167] Installing kf5-sonnet-0:5.1 100% |  19.4 MiB/s |  59.7 KiB |  00m00s
[ 647/1167] Installing kf5-kwallet-libs 100% |  41.2 MiB/s | 126.4 KiB |  00m00s
[ 648/1167] Installing kf5-kwallet-0:5. 100% |  56.2 MiB/s |   1.5 MiB |  00m00s
[ 649/1167] Installing kf5-kcrash-0:5.1 100% |   9.4 MiB/s |  77.4 KiB |  00m00s
[ 650/1167] Installing kf5-kactivities- 100% |   9.8 MiB/s | 462.6 KiB |  00m00s
[ 651/1167] Installing phonon-qt5-0:4.1 100% |  99.0 MiB/s | 608.5 KiB |  00m00s
[ 652/1167] Installing qt5-qtsvg-0:5.15 100% | 102.6 MiB/s | 630.6 KiB |  00m00s
[ 653/1167] Installing kf5-kglobalaccel 100% |  42.8 MiB/s | 131.3 KiB |  00m00s
[ 654/1167] Installing kf5-kglobalaccel 100% |   7.7 MiB/s | 165.6 KiB |  00m00s
[ 655/1167] Installing qtlockedfile-qt5 100% |  19.3 MiB/s |  79.2 KiB |  00m00s
[ 656/1167] Installing qtsingleapplicat 100% |  25.3 MiB/s | 103.5 KiB |  00m00s
[ 657/1167] Installing qtsinglecoreappl 100% |  24.0 MiB/s |  98.3 KiB |  00m00s
[ 658/1167] Installing kf5-kactivities- 100% |  58.5 MiB/s | 359.7 KiB |  00m00s
[ 659/1167] Installing kf5-syndication- 100% | 120.9 MiB/s | 619.1 KiB |  00m00s
[ 660/1167] Installing kf5-kwayland-0:5 100% | 170.9 MiB/s |   2.1 MiB |  00m00s
[ 661/1167] Installing kf5-kdoctools-0: 100% |   3.6 MiB/s |   2.3 MiB |  00m01s
[ 662/1167] Installing kf5-kpackage-0:5 100% |   7.4 MiB/s | 753.4 KiB |  00m00s
[ 663/1167] Installing kf5-syntax-highl 100% |  62.8 MiB/s |   2.4 MiB |  00m00s
[ 664/1167] Installing qt5-qtgraphicale 100% |  59.4 MiB/s | 669.6 KiB |  00m00s
[ 665/1167] Installing qt5-qtquickcontr 100% | 112.3 MiB/s |   8.4 MiB |  00m00s
[ 666/1167] Installing qt5-qtquickcontr 100% |  73.2 MiB/s |   5.0 MiB |  00m00s
[ 667/1167] Installing kf5-kirigami2-0: 100% |  50.3 MiB/s |   1.9 MiB |  00m00s
[ 668/1167] Installing libkexiv2-qt5-0: 100% |  72.8 MiB/s | 372.8 KiB |  00m00s
[ 669/1167] Installing dbusmenu-qt5-0:0 100% |  48.4 MiB/s | 198.4 KiB |  00m00s
[ 670/1167] Installing kf5-knotificatio 100% |  19.5 MiB/s | 519.1 KiB |  00m00s
[ 671/1167] Installing polkit-qt5-1-0:0 100% |  42.2 MiB/s | 259.5 KiB |  00m00s
[ 672/1167] Installing kf5-kauth-0:5.11 100% |  15.1 MiB/s | 432.9 KiB |  00m00s
[ 673/1167] Installing kf5-kconfigwidge 100% |  33.9 MiB/s |   1.5 MiB |  00m00s
[ 674/1167] Installing kf5-kiconthemes- 100% |  17.1 MiB/s | 561.3 KiB |  00m00s
[ 675/1167] Installing kf5-kxmlgui-0:5. 100% | 103.2 MiB/s |   3.4 MiB |  00m00s
[ 676/1167] Installing kf5-kbookmarks-0 100% |  31.0 MiB/s | 697.3 KiB |  00m00s
[ 677/1167] Installing kf5-qqc2-desktop 100% |  26.4 MiB/s | 487.2 KiB |  00m00s
[ 678/1167] Installing kf5-ktextwidgets 100% |  56.1 MiB/s |   1.4 MiB |  00m00s
[ 679/1167] Installing liblastfm-qt5-0: 100% | 113.6 MiB/s | 465.4 KiB |  00m00s
[ 680/1167] Installing libmygpo-qt5-0:1 100% | 104.7 MiB/s | 321.5 KiB |  00m00s
[ 681/1167] Installing kdsoap-0:2.2.0-9 100% |  93.5 MiB/s | 382.9 KiB |  00m00s
[ 682/1167] Installing kf5-kdnssd-0:5.1 100% |  10.1 MiB/s | 238.0 KiB |  00m00s
[ 683/1167] Installing kf5-kio-ntlm-0:5 100% |  13.8 MiB/s |  28.2 KiB |  00m00s
[ 684/1167] Installing kf5-kio-core-0:5 100% |  61.6 MiB/s |   2.0 MiB |  00m00s
[ 685/1167] Installing kf5-kio-core-lib 100% | 207.4 MiB/s |   1.5 MiB |  00m00s
[ 686/1167] Installing kf5-kio-gui-0:5. 100% |  66.7 MiB/s | 273.1 KiB |  00m00s
[ 687/1167] Installing kf5-kinit-0:5.11 100% |  13.7 MiB/s | 574.7 KiB |  00m00s
[ 688/1167] Installing kf5-kio-doc-0:5. 100% |  89.1 MiB/s |  14.9 MiB |  00m00s
[ 689/1167] Installing kf5-kio-widgets- 100% |  50.9 MiB/s |   1.7 MiB |  00m00s
[ 690/1167] Installing kf5-kio-widgets- 100% | 185.1 MiB/s |   1.3 MiB |  00m00s
[ 691/1167] Installing kf5-kio-file-wid 100% | 121.4 MiB/s | 994.4 KiB |  00m00s
[ 692/1167] Installing kio-extras-kf5-0 100% |  22.2 MiB/s |   5.0 MiB |  00m00s
[ 693/1167] Installing kf5-attica-0:5.1 100% | 107.5 MiB/s | 660.2 KiB |  00m00s
[ 694/1167] Installing kf5-knewstuff-0: 100% |  69.6 MiB/s |   3.8 MiB |  00m00s
[ 695/1167] Installing kf5-frameworkint 100% | 168.8 MiB/s |   1.7 MiB |  00m00s
[ 696/1167] Installing kf5-frameworkint 100% |  23.6 MiB/s |  72.6 KiB |  00m00s
[ 697/1167] Installing avahi-compat-lib 100% |  21.8 MiB/s |  44.6 KiB |  00m00s
[ 698/1167] Installing libqxt-qt5-0:0.7 100% | 102.2 MiB/s |   2.5 MiB |  00m00s
[ 699/1167] Installing bitstream-vera-s 100% |  43.7 MiB/s | 223.6 KiB |  00m00s
[ 700/1167] Installing bitstream-vera-s 100% |  23.6 MiB/s | 266.1 KiB |  00m00s
[ 701/1167] Installing libprojectM-0:3. 100% |  37.6 MiB/s |  19.8 MiB |  00m01s
[ 702/1167] Installing liberation-serif 100% | 210.2 MiB/s |   1.5 MiB |  00m00s
[ 703/1167] Installing liberation-sans- 100% | 228.4 MiB/s |   1.6 MiB |  00m00s
[ 704/1167] Installing python3-ifaddr-0 100% |  11.6 MiB/s |  71.3 KiB |  00m00s
[ 705/1167] Installing python3-zeroconf 100% | 310.1 MiB/s |  16.1 MiB |  00m00s
[ 706/1167] Installing python3-casttube 100% |   7.3 MiB/s |  29.9 KiB |  00m00s
[ 707/1167] Installing python3-chromeca 100% |  31.7 MiB/s | 487.0 KiB |  00m00s
[ 708/1167] Installing python3-pyprojec 100% |  14.5 MiB/s |  74.2 KiB |  00m00s
[ 709/1167] Installing python3-build-0: 100% |   9.0 MiB/s | 174.9 KiB |  00m00s
[ 710/1167] Installing python3-setuptoo 100% |  60.2 MiB/s |   7.7 MiB |  00m00s
[ 711/1167] Installing python3-pluggy-0 100% |  30.4 MiB/s | 217.9 KiB |  00m00s
[ 712/1167] Installing python3-platform 100% |  34.0 MiB/s | 243.4 KiB |  00m00s
[ 713/1167] Installing python3-menuinst 100% |  56.5 MiB/s | 752.7 KiB |  00m00s
[ 714/1167] Installing python3-frozendi 100% |  17.7 MiB/s | 109.0 KiB |  00m00s
[ 715/1167] Installing python3-archspec 100% |  11.0 MiB/s | 328.0 KiB |  00m00s
[ 716/1167] Installing python3-conda-0: 100% |  52.5 MiB/s |   5.1 MiB |  00m00s
[ 717/1167] Installing python3-conda-li 100% |  45.8 MiB/s | 468.8 KiB |  00m00s
[ 718/1167] Installing ffmpegthumbnaile 100% |  66.4 MiB/s | 271.9 KiB |  00m00s
[ 719/1167] Installing google-noto-znam 100% |  22.7 MiB/s |  46.5 KiB |  00m00s
[ 720/1167] Installing google-noto-trad 100% |  55.2 MiB/s | 169.5 KiB |  00m00s
[ 721/1167] Installing google-noto-trad 100% | 101.4 MiB/s | 311.6 KiB |  00m00s
[ 722/1167] Installing google-noto-seri 100% |  14.6 MiB/s |  29.9 KiB |  00m00s
[ 723/1167] Installing google-noto-seri 100% |  36.2 MiB/s |  74.1 KiB |  00m00s
[ 724/1167] Installing google-noto-seri 100% |  17.9 MiB/s |  54.8 KiB |  00m00s
[ 725/1167] Installing google-noto-seri 100% |  25.2 MiB/s |  77.4 KiB |  00m00s
[ 726/1167] Installing google-noto-seri 100% |   6.4 MiB/s |  13.0 KiB |  00m00s
[ 727/1167] Installing google-noto-seri 100% |   9.9 MiB/s |  30.3 KiB |  00m00s
[ 728/1167] Installing google-noto-seri 100% |   6.4 MiB/s |  13.2 KiB |  00m00s
[ 729/1167] Installing google-noto-seri 100% | 213.7 MiB/s |   1.1 MiB |  00m00s
[ 730/1167] Installing google-noto-seri 100% | 348.0 MiB/s |   5.2 MiB |  00m00s
[ 731/1167] Installing google-noto-seri 100% | 178.2 MiB/s |   1.6 MiB |  00m00s
[ 732/1167] Installing google-noto-seri 100% | 308.2 MiB/s |   2.8 MiB |  00m00s
[ 733/1167] Installing google-noto-seri 100% | 365.7 MiB/s |   2.9 MiB |  00m00s
[ 734/1167] Installing google-noto-seri 100% | 249.6 MiB/s |   5.5 MiB |  00m00s
[ 735/1167] Installing google-noto-seri 100% | 390.6 MiB/s |  11.3 MiB |  00m00s
[ 736/1167] Installing google-noto-seri 100% |  10.4 MiB/s |  21.2 KiB |  00m00s
[ 737/1167] Installing google-noto-seri 100% | 143.6 MiB/s | 588.0 KiB |  00m00s
[ 738/1167] Installing google-noto-seri 100% |  16.3 MiB/s |  33.4 KiB |  00m00s
[ 739/1167] Installing google-noto-seri 100% |  21.1 MiB/s |  43.3 KiB |  00m00s
[ 740/1167] Installing google-noto-seri 100% |  32.2 MiB/s |  99.1 KiB |  00m00s
[ 741/1167] Installing google-noto-seri 100% | 376.2 MiB/s |   9.4 MiB |  00m00s
[ 742/1167] Installing google-noto-seri 100% |  57.4 MiB/s | 117.5 KiB |  00m00s
[ 743/1167] Installing google-noto-seri 100% | 194.0 MiB/s | 993.5 KiB |  00m00s
[ 744/1167] Installing google-noto-seri 100% |   4.5 MiB/s |   9.2 KiB |  00m00s
[ 745/1167] Installing google-noto-seri 100% | 168.5 MiB/s |   1.5 MiB |  00m00s
[ 746/1167] Installing google-noto-seri 100% |  82.2 MiB/s | 168.3 KiB |  00m00s
[ 747/1167] Installing google-noto-seri 100% |  94.6 MiB/s | 290.5 KiB |  00m00s
[ 748/1167] Installing google-noto-seri 100% | 282.8 MiB/s |   5.1 MiB |  00m00s
[ 749/1167] Installing google-noto-seri 100% | 145.9 MiB/s | 597.4 KiB |  00m00s
[ 750/1167] Installing google-noto-seri 100% | 211.8 MiB/s |   1.5 MiB |  00m00s
[ 751/1167] Installing google-noto-seri 100% | 108.7 MiB/s | 445.4 KiB |  00m00s
[ 752/1167] Installing google-noto-seri 100% | 201.3 MiB/s |   1.0 MiB |  00m00s
[ 753/1167] Installing google-noto-seri 100% | 131.1 MiB/s |   1.0 MiB |  00m00s
[ 754/1167] Installing google-noto-seri 100% | 116.3 MiB/s | 476.5 KiB |  00m00s
[ 755/1167] Installing google-noto-seri 100% | 250.1 MiB/s |   1.3 MiB |  00m00s
[ 756/1167] Installing google-noto-seri 100% | 117.1 MiB/s | 359.7 KiB |  00m00s
[ 757/1167] Installing google-noto-seri 100% | 201.8 MiB/s |   2.2 MiB |  00m00s
[ 758/1167] Installing google-noto-seri 100% | 348.3 MiB/s |  10.8 MiB |  00m00s
[ 759/1167] Installing google-noto-seri 100% |  14.9 MiB/s |  30.5 KiB |  00m00s
[ 760/1167] Installing google-noto-seri 100% |  97.0 MiB/s | 298.1 KiB |  00m00s
[ 761/1167] Installing google-noto-seri 100% | 366.6 MiB/s |   9.9 MiB |  00m00s
[ 762/1167] Installing google-noto-seri 100% | 357.9 MiB/s |  10.4 MiB |  00m00s
[ 763/1167] Installing google-noto-seri 100% |  26.9 MiB/s |  55.1 KiB |  00m00s
[ 764/1167] Installing google-noto-seri 100% | 121.2 MiB/s |   1.1 MiB |  00m00s
[ 765/1167] Installing google-noto-seri 100% |  11.2 MiB/s |  23.0 KiB |  00m00s
[ 766/1167] Installing google-noto-sans 100% |  11.0 MiB/s |  22.5 KiB |  00m00s
[ 767/1167] Installing google-noto-sans 100% |   3.5 MiB/s |  29.0 KiB |  00m00s
[ 768/1167] Installing google-noto-sans 100% |   6.6 MiB/s |  20.4 KiB |  00m00s
[ 769/1167] Installing google-noto-sans 100% |  26.8 MiB/s |  54.9 KiB |  00m00s
[ 770/1167] Installing google-noto-sans 100% |  24.3 MiB/s |  74.7 KiB |  00m00s
[ 771/1167] Installing google-noto-sans 100% |  44.7 MiB/s |  91.5 KiB |  00m00s
[ 772/1167] Installing google-noto-sans 100% |   4.5 MiB/s |   9.2 KiB |  00m00s
[ 773/1167] Installing google-noto-sans 100% |  47.3 MiB/s |  96.9 KiB |  00m00s
[ 774/1167] Installing google-noto-sans 100% |  39.3 MiB/s |  80.4 KiB |  00m00s
[ 775/1167] Installing google-noto-sans 100% |  39.2 MiB/s |  80.3 KiB |  00m00s
[ 776/1167] Installing google-noto-sans 100% |  39.1 MiB/s |  80.1 KiB |  00m00s
[ 777/1167] Installing google-noto-sans 100% |  39.0 MiB/s |  79.9 KiB |  00m00s
[ 778/1167] Installing google-noto-sans 100% |  38.9 MiB/s |  79.7 KiB |  00m00s
[ 779/1167] Installing google-noto-sans 100% |  26.0 MiB/s |  80.0 KiB |  00m00s
[ 780/1167] Installing google-noto-sans 100% |  39.3 MiB/s |  80.4 KiB |  00m00s
[ 781/1167] Installing google-noto-sans 100% |  39.1 MiB/s |  80.1 KiB |  00m00s
[ 782/1167] Installing google-noto-sans 100% |  39.2 MiB/s |  80.2 KiB |  00m00s
[ 783/1167] Installing google-noto-sans 100% |  39.2 MiB/s |  80.2 KiB |  00m00s
[ 784/1167] Installing google-noto-sans 100% |  39.1 MiB/s |  80.1 KiB |  00m00s
[ 785/1167] Installing google-noto-sans 100% |  38.9 MiB/s |  79.7 KiB |  00m00s
[ 786/1167] Installing google-noto-sans 100% |  19.1 MiB/s |  58.8 KiB |  00m00s
[ 787/1167] Installing google-noto-sans 100% | 193.5 MiB/s |   1.9 MiB |  00m00s
[ 788/1167] Installing google-noto-sans 100% | 143.2 MiB/s |   1.3 MiB |  00m00s
[ 789/1167] Installing google-noto-sans 100% |  60.2 MiB/s | 246.5 KiB |  00m00s
[ 790/1167] Installing google-noto-sans 100% |  71.1 MiB/s | 218.4 KiB |  00m00s
[ 791/1167] Installing google-noto-sans 100% | 353.8 MiB/s |   7.8 MiB |  00m00s
[ 792/1167] Installing google-noto-sans 100% | 353.0 MiB/s |   8.1 MiB |  00m00s
[ 793/1167] Installing google-noto-sans 100% |  20.0 MiB/s |  41.0 KiB |  00m00s
[ 794/1167] Installing google-noto-sans 100% |  30.4 MiB/s |  93.4 KiB |  00m00s
[ 795/1167] Installing google-noto-sans 100% |  38.8 MiB/s |  79.4 KiB |  00m00s
[ 796/1167] Installing google-noto-sans 100% | 211.6 MiB/s |   2.5 MiB |  00m00s
[ 797/1167] Installing google-noto-sans 100% |   8.6 MiB/s |  17.7 KiB |  00m00s
[ 798/1167] Installing google-noto-sans 100% | 211.5 MiB/s |   2.5 MiB |  00m00s
[ 799/1167] Installing google-noto-sans 100% |   9.9 MiB/s |  20.4 KiB |  00m00s
[ 800/1167] Installing google-noto-sans 100% |  15.7 MiB/s |  32.2 KiB |  00m00s
[ 801/1167] Installing google-noto-sans 100% |  65.0 MiB/s | 133.0 KiB |  00m00s
[ 802/1167] Installing google-noto-sans 100% | 150.6 MiB/s | 462.5 KiB |  00m00s
[ 803/1167] Installing google-noto-sans 100% |  10.4 MiB/s |  21.4 KiB |  00m00s
[ 804/1167] Installing google-noto-sans 100% |   4.0 MiB/s |   8.2 KiB |  00m00s
[ 805/1167] Installing google-noto-sans 100% |   4.5 MiB/s |   9.2 KiB |  00m00s
[ 806/1167] Installing google-noto-sans 100% |  45.2 MiB/s |  92.6 KiB |  00m00s
[ 807/1167] Installing google-noto-sans 100% |  76.3 MiB/s | 234.5 KiB |  00m00s
[ 808/1167] Installing google-noto-sans 100% |  71.8 MiB/s | 220.4 KiB |  00m00s
[ 809/1167] Installing google-noto-sans 100% |  33.5 MiB/s |  68.6 KiB |  00m00s
[ 810/1167] Installing google-noto-sans 100% |  60.1 MiB/s | 184.5 KiB |  00m00s
[ 811/1167] Installing google-noto-sans 100% | 282.6 MiB/s |   2.0 MiB |  00m00s
[ 812/1167] Installing google-noto-sans 100% |   6.1 MiB/s |  18.8 KiB |  00m00s
[ 813/1167] Installing google-noto-sans 100% |   8.1 MiB/s |  16.7 KiB |  00m00s
[ 814/1167] Installing google-noto-sans 100% |   9.1 MiB/s |  18.7 KiB |  00m00s
[ 815/1167] Installing google-noto-sans 100% |  30.2 MiB/s |  92.7 KiB |  00m00s
[ 816/1167] Installing google-noto-sans 100% |   1.6 MiB/s |  67.2 KiB |  00m00s
[ 817/1167] Installing google-noto-sans 100% |   5.3 MiB/s |  16.4 KiB |  00m00s
[ 818/1167] Installing google-noto-sans 100% |   8.5 MiB/s |  34.7 KiB |  00m00s
[ 819/1167] Installing google-noto-sans 100% |  47.1 MiB/s |  96.5 KiB |  00m00s
[ 820/1167] Installing google-noto-sans 100% | 358.1 MiB/s |  11.1 MiB |  00m00s
[ 821/1167] Installing google-noto-sans 100% | 383.7 MiB/s |  10.0 MiB |  00m00s
[ 822/1167] Installing google-noto-sans 100% | 355.4 MiB/s |   5.0 MiB |  00m00s
[ 823/1167] Installing google-noto-sans 100% |  70.2 MiB/s | 143.8 KiB |  00m00s
[ 824/1167] Installing google-noto-sans 100% |   7.4 MiB/s |  15.1 KiB |  00m00s
[ 825/1167] Installing google-noto-sans 100% |  26.6 MiB/s |  54.5 KiB |  00m00s
[ 826/1167] Installing google-noto-sans 100% |  18.0 MiB/s |  36.9 KiB |  00m00s
[ 827/1167] Installing google-noto-sans 100% |   6.3 MiB/s |  12.9 KiB |  00m00s
[ 828/1167] Installing google-noto-sans 100% |   5.9 MiB/s |  12.0 KiB |  00m00s
[ 829/1167] Installing google-noto-sans 100% |   3.2 MiB/s |   9.9 KiB |  00m00s
[ 830/1167] Installing google-noto-sans 100% |  18.1 MiB/s |  37.1 KiB |  00m00s
[ 831/1167] Installing google-noto-sans 100% |   4.0 MiB/s |   8.2 KiB |  00m00s
[ 832/1167] Installing google-noto-sans 100% |  13.4 MiB/s |  41.1 KiB |  00m00s
[ 833/1167] Installing google-noto-sans 100% |   5.5 MiB/s |  11.2 KiB |  00m00s
[ 834/1167] Installing google-noto-sans 100% |   8.5 MiB/s |  17.4 KiB |  00m00s
[ 835/1167] Installing google-noto-sans 100% |   9.8 MiB/s |  20.2 KiB |  00m00s
[ 836/1167] Installing google-noto-sans 100% |   9.1 MiB/s |  18.6 KiB |  00m00s
[ 837/1167] Installing google-noto-sans 100% |   7.3 MiB/s |  22.4 KiB |  00m00s
[ 838/1167] Installing google-noto-sans 100% | 186.2 MiB/s |   1.3 MiB |  00m00s
[ 839/1167] Installing google-noto-sans 100% |   8.3 MiB/s |  17.1 KiB |  00m00s
[ 840/1167] Installing google-noto-sans 100% |   3.6 MiB/s |   7.3 KiB |  00m00s
[ 841/1167] Installing google-noto-sans 100% |   9.6 MiB/s |  19.7 KiB |  00m00s
[ 842/1167] Installing google-noto-sans 100% |   7.1 MiB/s |  14.5 KiB |  00m00s
[ 843/1167] Installing google-noto-sans 100% |   5.8 MiB/s |  11.9 KiB |  00m00s
[ 844/1167] Installing google-noto-sans 100% |   3.0 MiB/s |   9.2 KiB |  00m00s
[ 845/1167] Installing google-noto-sans 100% |   4.6 MiB/s |   9.4 KiB |  00m00s
[ 846/1167] Installing google-noto-sans 100% |  26.7 MiB/s |  54.8 KiB |  00m00s
[ 847/1167] Installing google-noto-sans 100% |  20.5 MiB/s |  63.0 KiB |  00m00s
[ 848/1167] Installing google-noto-sans 100% |   3.3 MiB/s |   6.7 KiB |  00m00s
[ 849/1167] Installing google-noto-sans 100% |  56.6 MiB/s | 115.9 KiB |  00m00s
[ 850/1167] Installing google-noto-sans 100% |   9.7 MiB/s |  19.9 KiB |  00m00s
[ 851/1167] Installing google-noto-sans 100% |  20.6 MiB/s |  42.3 KiB |  00m00s
[ 852/1167] Installing google-noto-sans 100% |  74.0 MiB/s | 151.5 KiB |  00m00s
[ 853/1167] Installing google-noto-sans 100% |  16.3 MiB/s |  33.5 KiB |  00m00s
[ 854/1167] Installing google-noto-sans 100% |  26.1 MiB/s |  80.1 KiB |  00m00s
[ 855/1167] Installing google-noto-sans 100% |  67.8 MiB/s | 208.3 KiB |  00m00s
[ 856/1167] Installing google-noto-sans 100% |   6.2 MiB/s |  19.1 KiB |  00m00s
[ 857/1167] Installing google-noto-sans 100% |  12.3 MiB/s |  37.9 KiB |  00m00s
[ 858/1167] Installing google-noto-sans 100% |   5.0 MiB/s |  10.2 KiB |  00m00s
[ 859/1167] Installing google-noto-sans 100% |  74.8 MiB/s | 229.8 KiB |  00m00s
[ 860/1167] Installing google-noto-sans 100% | 328.0 MiB/s |   6.9 MiB |  00m00s
[ 861/1167] Installing google-noto-sans 100% |   9.0 MiB/s |  18.5 KiB |  00m00s
[ 862/1167] Installing google-noto-sans 100% |   4.3 MiB/s |   8.8 KiB |  00m00s
[ 863/1167] Installing google-noto-sans 100% | 110.4 MiB/s | 339.3 KiB |  00m00s
[ 864/1167] Installing google-noto-sans 100% |  22.2 MiB/s |  45.5 KiB |  00m00s
[ 865/1167] Installing google-noto-sans 100% |  18.5 MiB/s |  37.9 KiB |  00m00s
[ 866/1167] Installing google-noto-sans 100% |  17.1 MiB/s |  35.0 KiB |  00m00s
[ 867/1167] Installing google-noto-sans 100% |  18.0 MiB/s |  36.8 KiB |  00m00s
[ 868/1167] Installing google-noto-sans 100% |  36.4 MiB/s | 149.2 KiB |  00m00s
[ 869/1167] Installing google-noto-sans 100% |  27.9 MiB/s |  57.1 KiB |  00m00s
[ 870/1167] Installing google-noto-sans 100% |  56.5 MiB/s | 173.5 KiB |  00m00s
[ 871/1167] Installing google-noto-sans 100% |   3.3 MiB/s |   6.8 KiB |  00m00s
[ 872/1167] Installing google-noto-sans 100% |  15.8 MiB/s |  32.3 KiB |  00m00s
[ 873/1167] Installing google-noto-sans 100% |  61.9 MiB/s | 126.8 KiB |  00m00s
[ 874/1167] Installing google-noto-sans 100% |  17.3 MiB/s |  53.2 KiB |  00m00s
[ 875/1167] Installing google-noto-sans 100% |  15.1 MiB/s |  31.0 KiB |  00m00s
[ 876/1167] Installing google-noto-sans 100% |  63.9 MiB/s | 130.9 KiB |  00m00s
[ 877/1167] Installing google-noto-sans 100% |  64.0 MiB/s | 131.1 KiB |  00m00s
[ 878/1167] Installing google-noto-sans 100% | 259.7 MiB/s |   3.9 MiB |  00m00s
[ 879/1167] Installing google-noto-sans 100% | 259.7 MiB/s |   3.9 MiB |  00m00s
[ 880/1167] Installing google-noto-sans 100% |  11.8 MiB/s |  24.2 KiB |  00m00s
[ 881/1167] Installing google-noto-sans 100% |   3.4 MiB/s |   6.9 KiB |  00m00s
[ 882/1167] Installing google-noto-sans 100% |   3.1 MiB/s |   6.4 KiB |  00m00s
[ 883/1167] Installing google-noto-sans 100% |   6.1 MiB/s |  12.4 KiB |  00m00s
[ 884/1167] Installing google-noto-sans 100% |  17.1 MiB/s |  52.6 KiB |  00m00s
[ 885/1167] Installing google-noto-sans 100% |  31.0 MiB/s |  63.5 KiB |  00m00s
[ 886/1167] Installing google-noto-sans 100% |  28.8 MiB/s |  58.9 KiB |  00m00s
[ 887/1167] Installing google-noto-sans 100% |   7.3 MiB/s |  14.9 KiB |  00m00s
[ 888/1167] Installing google-noto-sans 100% |   9.1 MiB/s |  27.9 KiB |  00m00s
[ 889/1167] Installing google-noto-sans 100% |  19.7 MiB/s |  60.5 KiB |  00m00s
[ 890/1167] Installing google-noto-sans 100% | 173.4 MiB/s |   1.9 MiB |  00m00s
[ 891/1167] Installing google-noto-sans 100% | 137.5 MiB/s |   1.2 MiB |  00m00s
[ 892/1167] Installing google-noto-sans 100% |  10.1 MiB/s |  20.6 KiB |  00m00s
[ 893/1167] Installing google-noto-sans 100% |  34.7 MiB/s |  71.1 KiB |  00m00s
[ 894/1167] Installing google-noto-sans 100% | 277.6 MiB/s |   3.9 MiB |  00m00s
[ 895/1167] Installing google-noto-sans 100% |  17.5 MiB/s |  35.8 KiB |  00m00s
[ 896/1167] Installing google-noto-sans 100% |   8.4 MiB/s |  17.2 KiB |  00m00s
[ 897/1167] Installing google-noto-sans 100% |  34.7 MiB/s |  71.1 KiB |  00m00s
[ 898/1167] Installing google-noto-sans 100% |  28.7 MiB/s |  58.8 KiB |  00m00s
[ 899/1167] Installing google-noto-sans 100% |  39.1 MiB/s |  80.0 KiB |  00m00s
[ 900/1167] Installing google-noto-sans 100% |  65.1 MiB/s | 199.9 KiB |  00m00s
[ 901/1167] Installing google-noto-sans 100% | 337.0 MiB/s |   6.4 MiB |  00m00s
[ 902/1167] Installing google-noto-sans 100% | 336.6 MiB/s |   6.4 MiB |  00m00s
[ 903/1167] Installing google-noto-sans 100% |  34.4 MiB/s |  70.4 KiB |  00m00s
[ 904/1167] Installing google-noto-sans 100% |  97.2 MiB/s | 199.0 KiB |  00m00s
[ 905/1167] Installing google-noto-sans 100% |  75.2 MiB/s | 230.9 KiB |  00m00s
[ 906/1167] Installing google-noto-sans 100% |   4.8 MiB/s |   9.9 KiB |  00m00s
[ 907/1167] Installing google-noto-sans 100% |   3.9 MiB/s |   8.0 KiB |  00m00s
[ 908/1167] Installing google-noto-sans 100% |  16.6 MiB/s |  34.0 KiB |  00m00s
[ 909/1167] Installing google-noto-sans 100% |   2.8 MiB/s |   8.5 KiB |  00m00s
[ 910/1167] Installing google-noto-sans 100% | 118.3 MiB/s | 968.7 KiB |  00m00s
[ 911/1167] Installing google-noto-sans 100% |   3.4 MiB/s |   7.0 KiB |  00m00s
[ 912/1167] Installing google-noto-sans 100% |   3.2 MiB/s |   9.9 KiB |  00m00s
[ 913/1167] Installing google-noto-sans 100% |  20.9 MiB/s |  42.8 KiB |  00m00s
[ 914/1167] Installing google-noto-sans 100% |  36.5 MiB/s | 112.0 KiB |  00m00s
[ 915/1167] Installing google-noto-sans 100% | 172.0 MiB/s |   1.9 MiB |  00m00s
[ 916/1167] Installing google-noto-sans 100% | 171.9 MiB/s |   1.9 MiB |  00m00s
[ 917/1167] Installing google-noto-sans 100% |  39.2 MiB/s | 120.4 KiB |  00m00s
[ 918/1167] Installing google-noto-sans 100% |  89.7 MiB/s | 275.6 KiB |  00m00s
[ 919/1167] Installing google-noto-sans 100% | 338.6 MiB/s |   6.8 MiB |  00m00s
[ 920/1167] Installing google-noto-sans 100% | 338.7 MiB/s |   6.8 MiB |  00m00s
[ 921/1167] Installing google-noto-sans 100% | 116.5 MiB/s | 358.0 KiB |  00m00s
[ 922/1167] Installing google-noto-sans 100% |  20.6 MiB/s |  42.2 KiB |  00m00s
[ 923/1167] Installing google-noto-sans 100% | 186.4 MiB/s |   1.9 MiB |  00m00s
[ 924/1167] Installing google-noto-sans 100% | 396.5 MiB/s |  12.7 MiB |  00m00s
[ 925/1167] Installing google-noto-sans 100% |   5.4 MiB/s |  11.0 KiB |  00m00s
[ 926/1167] Installing google-noto-sans 100% |  10.2 MiB/s |  20.8 KiB |  00m00s
[ 927/1167] Installing google-noto-sans 100% | 187.1 MiB/s | 574.6 KiB |  00m00s
[ 928/1167] Installing google-noto-sans 100% | 331.3 MiB/s |   3.0 MiB |  00m00s
[ 929/1167] Installing google-noto-sans 100% | 352.4 MiB/s |   8.1 MiB |  00m00s
[ 930/1167] Installing google-noto-sans 100% | 363.2 MiB/s |   8.4 MiB |  00m00s
[ 931/1167] Installing google-noto-sans 100% |  10.5 MiB/s |  21.4 KiB |  00m00s
[ 932/1167] Installing google-noto-sans 100% |   7.2 MiB/s |  14.7 KiB |  00m00s
[ 933/1167] Installing google-noto-sans 100% |   8.1 MiB/s |  16.7 KiB |  00m00s
[ 934/1167] Installing google-noto-sans 100% | 196.1 MiB/s | 803.2 KiB |  00m00s
[ 935/1167] Installing google-noto-sans 100% |  24.5 MiB/s |  50.3 KiB |  00m00s
[ 936/1167] Installing google-noto-sans 100% |   9.4 MiB/s |  19.3 KiB |  00m00s
[ 937/1167] Installing google-noto-sans 100% | 179.3 MiB/s | 917.8 KiB |  00m00s
[ 938/1167] Installing google-noto-sans 100% |  26.8 MiB/s |  54.8 KiB |  00m00s
[ 939/1167] Installing google-noto-sans 100% |  70.0 MiB/s | 286.6 KiB |  00m00s
[ 940/1167] Installing google-noto-sans 100% |  40.4 MiB/s |  82.8 KiB |  00m00s
[ 941/1167] Installing google-noto-sans 100% |  13.0 MiB/s |  26.7 KiB |  00m00s
[ 942/1167] Installing google-noto-sans 100% |   7.1 MiB/s |  14.5 KiB |  00m00s
[ 943/1167] Installing google-noto-sans 100% | 245.2 MiB/s |   1.5 MiB |  00m00s
[ 944/1167] Installing google-noto-sans 100% |   3.7 MiB/s |   7.6 KiB |  00m00s
[ 945/1167] Installing google-noto-sans 100% |   4.6 MiB/s |   9.5 KiB |  00m00s
[ 946/1167] Installing google-noto-sans 100% |  23.5 MiB/s |  48.2 KiB |  00m00s
[ 947/1167] Installing google-noto-sans 100% | 112.1 MiB/s | 229.5 KiB |  00m00s
[ 948/1167] Installing google-noto-sans 100% | 263.2 MiB/s |   2.4 MiB |  00m00s
[ 949/1167] Installing google-noto-sans 100% | 284.6 MiB/s |   4.8 MiB |  00m00s
[ 950/1167] Installing google-noto-sans 100% |  11.6 MiB/s |  23.8 KiB |  00m00s
[ 951/1167] Installing google-noto-sans 100% |   7.3 MiB/s |  15.0 KiB |  00m00s
[ 952/1167] Installing google-noto-sans 100% |  11.2 MiB/s |  34.4 KiB |  00m00s
[ 953/1167] Installing google-noto-sans 100% |  51.2 MiB/s | 157.3 KiB |  00m00s
[ 954/1167] Installing google-noto-sans 100% | 220.5 MiB/s | 903.0 KiB |  00m00s
[ 955/1167] Installing google-noto-sans 100% |  75.1 MiB/s | 153.8 KiB |  00m00s
[ 956/1167] Installing google-noto-sans 100% |  11.9 MiB/s |  24.4 KiB |  00m00s
[ 957/1167] Installing google-noto-sans 100% | 131.9 MiB/s |   1.1 MiB |  00m00s
[ 958/1167] Installing google-noto-sans 100% | 103.6 MiB/s | 318.2 KiB |  00m00s
[ 959/1167] Installing google-noto-sans 100% | 345.7 MiB/s |   9.7 MiB |  00m00s
[ 960/1167] Installing google-noto-sans 100% | 333.8 MiB/s |   8.3 MiB |  00m00s
[ 961/1167] Installing google-noto-sans 100% |  73.3 MiB/s | 225.3 KiB |  00m00s
[ 962/1167] Installing google-noto-sans 100% |  48.3 MiB/s |  98.9 KiB |  00m00s
[ 963/1167] Installing google-noto-sans 100% |  19.0 MiB/s |  38.8 KiB |  00m00s
[ 964/1167] Installing google-noto-sans 100% |  36.0 MiB/s |  73.7 KiB |  00m00s
[ 965/1167] Installing google-noto-sans 100% |  60.2 MiB/s | 184.8 KiB |  00m00s
[ 966/1167] Installing google-noto-rash 100% |  14.4 MiB/s |  29.4 KiB |  00m00s
[ 967/1167] Installing google-noto-rash 100% |  76.7 MiB/s | 235.6 KiB |  00m00s
[ 968/1167] Installing google-noto-nast 100% |  90.4 MiB/s | 277.7 KiB |  00m00s
[ 969/1167] Installing google-noto-nast 100% | 162.6 MiB/s | 499.4 KiB |  00m00s
[ 970/1167] Installing google-noto-nask 100% | 108.1 MiB/s | 221.4 KiB |  00m00s
[ 971/1167] Installing google-noto-nask 100% | 206.9 MiB/s | 847.5 KiB |  00m00s
[ 972/1167] Installing google-noto-nask 100% | 201.7 MiB/s |   1.0 MiB |  00m00s
[ 973/1167] Installing google-noto-musi 100% |  40.4 MiB/s |  82.6 KiB |  00m00s
[ 974/1167] Installing google-noto-kufi 100% |  73.4 MiB/s | 225.6 KiB |  00m00s
[ 975/1167] Installing google-noto-kufi 100% | 288.4 MiB/s |   2.0 MiB |  00m00s
[ 976/1167] Installing google-noto-fang 100% |  71.1 MiB/s | 218.3 KiB |  00m00s
[ 977/1167] Installing google-noto-fang 100% | 202.2 MiB/s | 621.2 KiB |  00m00s
[ 978/1167] Installing libhandy-0:1.8.3 100% | 105.5 MiB/s |   1.4 MiB |  00m00s
[ 979/1167] Installing python3-termcolo 100% |   7.6 MiB/s |  39.0 KiB |  00m00s
[ 980/1167] Installing libotr-0:4.1.1-2 100% |  17.6 MiB/s | 378.1 KiB |  00m00s
[ 981/1167] Installing ncurses-term-0:6 100% |   7.6 MiB/s |   2.2 MiB |  00m00s
[ 982/1167] Installing python3-send2tra 100% |   3.9 MiB/s |  80.4 KiB |  00m00s
[ 983/1167] Installing quazip-qt6-0:1.4 100% |  71.4 MiB/s | 292.4 KiB |  00m00s
[ 984/1167] Installing rsms-inter-fonts 100% | 342.1 MiB/s |  14.4 MiB |  00m00s
[ 985/1167] Installing blender-1:5.2.0- 100% | 307.3 MiB/s | 259.9 MiB |  00m01s
[ 986/1167] Installing corectrl-0:1.5.2 100% | 113.6 MiB/s |   3.5 MiB |  00m00s
[ 987/1167] Installing DisplayCAL-0:3.9 100% | 119.8 MiB/s |  32.6 MiB |  00m00s
[ 988/1167] Installing fish-0:4.6.0-1.f 100% |  68.6 MiB/s |  21.5 MiB |  00m00s
[ 989/1167] Installing pidgin-otr-0:4.0 100% |  52.6 MiB/s | 538.3 KiB |  00m00s
[ 990/1167] Installing tldr-0:3.4.4-1.f 100% |   6.8 MiB/s | 111.9 KiB |  00m00s
[ 991/1167] Installing gnome-boxes-0:50 100% |  44.8 MiB/s |   6.4 MiB |  00m00s
[ 992/1167] Installing google-noto-font 100% |  60.5 KiB/s | 124.0   B |  00m00s
[ 993/1167] Installing ffmpegthumbnaile 100% |   3.7 MiB/s |  49.3 KiB |  00m00s
[ 994/1167] Installing conda-0:25.11.1- 100% |   1.0 MiB/s |  16.3 KiB |  00m00s
[ 995/1167] Installing calibre-0:9.13.0 100% | 147.7 MiB/s |  67.2 MiB |  00m00s
[ 996/1167] Installing clementine-0:1.4 100% | 302.0 MiB/s |  13.3 MiB |  00m00s
[ 997/1167] Installing plasma-breeze-qt 100% | 140.4 MiB/s | 575.2 KiB |  00m00s
[ 998/1167] Installing kio-extras-kf5-d 100% |   6.0 MiB/s |  12.3 KiB |  00m00s
[ 999/1167] Installing plasma-integrati 100% | 129.9 MiB/s | 399.1 KiB |  00m00s
[1000/1167] Installing kio-extras-kf5-i 100% |  13.1 MiB/s |  40.1 KiB |  00m00s
[1001/1167] Installing kio_gopher-0:0.1 100% |   7.6 MiB/s | 201.9 KiB |  00m00s
[1002/1167] Installing phonon-qt5-backe 100% |  67.8 MiB/s | 277.8 KiB |  00m00s
[1003/1167] Installing kf5-sonnet-hunsp 100% |  18.6 MiB/s |  57.1 KiB |  00m00s
[1004/1167] Installing qt5-qtspeech-spe 100% |  13.6 MiB/s |  41.7 KiB |  00m00s
[1005/1167] Installing gstreamer1-plugi 100% |  63.3 MiB/s | 194.5 KiB |  00m00s
[1006/1167] Installing qt5-qtimageforma 100% |   6.6 MiB/s | 411.2 KiB |  00m00s
>>> Running sysusers scriptlet: ollama-0:0.12.11-4.fc44.x86_64
>>> Finished sysusers scriptlet: ollama-0:0.12.11-4.fc44.x86_64
>>> Scriptlet output:
>>> Creating group 'ollama' with GID 950.
>>> Creating user 'ollama' (Runs Ollama) with UID 950 and GID 950.
>>> 
[1007/1167] Installing ollama-0:0.12.11 100% | 653.9 MiB/s | 941.0 MiB |  00m01s
[1008/1167] Installing oidn-0:2.4.0-2.f 100% |  37.5 MiB/s | 845.9 KiB |  00m00s
[1009/1167] Installing prusa-slicer-0:2 100% | 267.0 MiB/s | 128.4 MiB |  00m00s
[1010/1167] Installing fastfetch-0:2.66 100% |  65.6 MiB/s |   1.6 MiB |  00m00s
[1011/1167] Installing libguestfs-rescu 100% |   4.2 MiB/s |  56.2 KiB |  00m00s
[1012/1167] Installing uv-0:0.12.3-1.fc 100% | 348.9 MiB/s |  42.2 MiB |  00m00s
[1013/1167] Installing godot-0:4.7.2-1. 100% | 476.7 MiB/s | 130.6 MiB |  00m00s
[1014/1167] Installing nix-0:2.34.8-1.f 100% | 121.1 KiB/s | 124.0   B |  00m00s
[1015/1167] Installing nix-daemon-0:2.3 100% | 171.4 KiB/s |   9.3 KiB |  00m00s
[1016/1167] Installing nix-legacy-0:2.3 100% |  14.2 MiB/s | 260.8 KiB |  00m00s
[1017/1167] Installing nextcloud-client 100% |  19.2 MiB/s |  98.5 KiB |  00m00s
[1018/1167] Installing incus-tools-0:6. 100% | 401.8 MiB/s |  71.1 MiB |  00m00s
[1019/1167] Installing libguestfs-xfs-1 100% | 289.1 KiB/s | 296.0   B |  00m00s
[1020/1167] Installing libguestfs-ufs-1 100% | 300.8 KiB/s | 308.0   B |  00m00s
[1021/1167] Installing libguestfs-rsync 100% | 285.2 KiB/s | 292.0   B |  00m00s
[1022/1167] Installing libguestfs-man-p 100% |  89.3 MiB/s | 640.3 KiB |  00m00s
[1023/1167] Installing libguestfs-man-p 100% |  73.0 MiB/s | 523.5 KiB |  00m00s
[1024/1167] Installing libguestfs-inspe 100% | 121.1 KiB/s | 124.0   B |  00m00s
[1025/1167] Installing libguestfs-hfspl 100% | 296.9 KiB/s | 304.0   B |  00m00s
[1026/1167] Installing libguestfs-gfs2- 100% | 289.1 KiB/s | 296.0   B |  00m00s
[1027/1167] Installing libguestfs-foren 100% | 146.5 KiB/s | 300.0   B |  00m00s
[1028/1167] Installing libguestfs-devel 100% |  80.8 MiB/s | 496.2 KiB |  00m00s
[1029/1167] Installing guestfs-tools-0: 100% | 350.3 MiB/s |  32.2 MiB |  00m00s
[1030/1167] Installing cockpit-image-bu 100% | 336.0 MiB/s |   3.7 MiB |  00m00s
[1031/1167] Installing cockpit-ostree-1 100% |  38.6 MiB/s | 355.7 KiB |  00m00s
[1032/1167] Installing distrobox-0:1.8. 100% |  17.7 MiB/s | 490.4 KiB |  00m00s
[1033/1167] Installing podmansh-5:5.8.4 100% | 118.8 KiB/s |   2.0 KiB |  00m00s
[1034/1167] Installing podman-tests-5:5 100% | 108.3 MiB/s |  35.8 MiB |  00m00s
[1035/1167] Installing podman-machine-5 100% | 201.2 KiB/s | 412.0   B |  00m00s
[1036/1167] Installing podman-compose-0 100% |  28.2 MiB/s | 780.5 KiB |  00m00s
[1037/1167] Installing cockpit-podman-0 100% |  62.8 MiB/s | 643.3 KiB |  00m00s
[1038/1167] Installing cockpit-389-ds-0 100% | 218.1 MiB/s | 893.4 KiB |  00m00s
[1039/1167] Installing cockpit-ha-clust 100% | 410.2 MiB/s |   9.8 MiB |  00m00s
[1040/1167] Installing pcs-web-ui-0:0.1 100% | 384.1 MiB/s |  10.0 MiB |  00m00s
[1041/1167] Installing cockpit-machines 100% |  98.5 MiB/s |   1.0 MiB |  00m00s
[1042/1167] Installing proton-vpn-gnome 100% | 121.1 KiB/s | 124.0   B |  00m00s
[1043/1167] Installing proton-vpn-cli-0 100% |  14.4 MiB/s | 279.6 KiB |  00m00s
[1044/1167] Installing kio-snapshot-0:1 100% |  29.3 MiB/s | 179.8 KiB |  00m00s
[1045/1167] Installing gtk3-devel-0:3.2 100% | 217.9 MiB/s |  34.7 MiB |  00m00s
[1046/1167] Installing flatpak-builder- 100% |   6.2 MiB/s | 602.8 KiB |  00m00s
[1047/1167] Installing python3-keyring+ 100% |   2.9 MiB/s |   8.9 KiB |  00m00s
[1048/1167] Installing terraform-0:1.16 100% | 399.8 MiB/s | 114.8 MiB |  00m00s
[1049/1167] Installing waypoint-0:0.11. 100% | 484.9 MiB/s | 145.5 MiB |  00m00s
[1050/1167] Installing kio-ftps-0:0.2-3 100% |  46.7 MiB/s | 191.3 KiB |  00m00s
[1051/1167] Installing kio_mtp-0:0.75-3 100% |  19.5 MiB/s | 139.9 KiB |  00m00s
[1052/1167] Installing kde-platform-plu 100% |  25.8 MiB/s |  52.8 KiB |  00m00s
[1053/1167] Installing cockpit-session- 100% | 186.6 MiB/s | 573.3 KiB |  00m00s
[1054/1167] Installing libomp21-devel-0 100% | 207.9 MiB/s |   1.5 MiB |  00m00s
[1055/1167] Installing ispc-gpu-0:1.30. 100% |  68.1 MiB/s | 279.0 KiB |  00m00s
[1056/1167] Installing bcc-tools-0:0.35 100% |  37.6 MiB/s |   2.1 MiB |  00m00s
[1057/1167] Installing cockpit-kdump-0: 100% |  38.6 MiB/s | 474.3 KiB |  00m00s
[1058/1167] Installing python3-aiohttp+ 100% |  60.5 KiB/s | 124.0   B |  00m00s
[1059/1167] Installing python3-openimag 100% | 133.1 MiB/s |   2.1 MiB |  00m00s
[1060/1167] Installing qemu-user-static 100% |  22.0 MiB/s |  45.1 KiB |  00m00s
[1061/1167] Installing python3-license- 100% | 130.3 MiB/s |   1.2 MiB |  00m00s
[1062/1167] Installing python3-tracer-0 100% |   9.4 MiB/s | 452.0 KiB |  00m00s
[1063/1167] Installing python3-tabulate 100% | 121.1 KiB/s | 124.0   B |  00m00s
[1064/1167] Installing gi-docgen-fonts- 100% | 121.1 KiB/s | 124.0   B |  00m00s
[1065/1167] Installing perl-IO-Compress 100% | 662.2 KiB/s |  42.4 KiB |  00m00s
[1066/1167] Installing criu-libs-0:4.2. 100% | 134.3 KiB/s |  90.3 KiB |  00m01s
[1067/1167] Installing kernel-devel-0:7 100% |  45.7 MiB/s | 217.2 MiB |  00m05s
[1068/1167] Installing libomp-devel-0:2 100% | 239.7 MiB/s |   2.9 MiB |  00m00s
[1069/1167] Installing python3-numexpr- 100% |  60.8 MiB/s | 871.4 KiB |  00m00s
[1070/1167] Installing python3-shapely- 100% |  59.4 MiB/s |   3.5 MiB |  00m00s
[1071/1167] Installing breeze-gtk-gtk2- 100% |  12.8 MiB/s |  65.7 KiB |  00m00s
[1072/1167] Installing vagrant-libvirt- 100% |  20.0 MiB/s | 328.1 KiB |  00m00s
[1073/1167] Installing kompare-0:26.08. 100% |  53.8 MiB/s |   2.5 MiB |  00m00s
[1074/1167] Installing bleachbit-0:4.6. 100% |  45.0 MiB/s |   3.2 MiB |  00m00s
[1075/1167] Installing google-chrome-st 100% |  84.8 MiB/s | 435.8 MiB |  00m05s
>>> Running %post scriptlet: google-chrome-stable-0:152.0.7977.82-1.x86_64
>>> Finished %post scriptlet: google-chrome-stable-0:152.0.7977.82-1.x86_64
>>> Scriptlet output:
>>> error: can't create transaction lock on /usr/lib/sysimage/rpm/.rpm.lock (Resource temporarily unavailable)
>>> error: can't create transaction lock on /usr/lib/sysimage/rpm/.rpm.lock (Resource temporarily unavailable)
>>> error: can't create transaction lock on /usr/lib/sysimage/rpm/.rpm.lock (Resource temporarily unavailable)
>>> error: can't create transaction lock on /usr/lib/sysimage/rpm/.rpm.lock (Resource temporarily unavailable)
>>> error: /tmp/google.sig.VMQ8Y4: key 1 import failed.
>>> 
[1076/1167] Installing microsoft-edge-s 100% |  92.8 MiB/s | 644.4 MiB |  00m07s
>>> Running %post scriptlet: microsoft-edge-stable-0:152.0.4191.66-1.x86_64
>>> Finished %post scriptlet: microsoft-edge-stable-0:152.0.4191.66-1.x86_64
>>> Scriptlet output:
>>> error: can't create transaction lock on /usr/lib/sysimage/rpm/.rpm.lock (Resource temporarily unavailable)
>>> error: can't create transaction lock on /usr/lib/sysimage/rpm/.rpm.lock (Resource temporarily unavailable)
>>> error: /tmp/microsoft.sig.9hTxIF: key 1 import failed.
>>> 
[1077/1167] Installing rocm-runtime-dev 100% | 111.9 MiB/s | 687.6 KiB |  00m00s
[1078/1167] Installing kate-krunner-plu 100% |  17.3 MiB/s |  70.9 KiB |  00m00s
[1079/1167] Installing kate-plugins-0:2 100% |  53.0 MiB/s |  13.7 MiB |  00m00s
[1080/1167] Installing apr-util-lmdb-0: 100% | 105.7 KiB/s |  11.8 KiB |  00m00s
[1081/1167] Installing apr-util-openssl 100% |   4.9 MiB/s |  20.1 KiB |  00m00s
[1082/1167] Installing python3-dotenv+c 100% |  37.3 KiB/s | 420.0   B |  00m00s
[1083/1167] Installing ibus-qt-0:1.3.4- 100% |  62.2 MiB/s | 445.7 KiB |  00m00s
[1084/1167] Installing mesa-demos-0:9.0 100% | 169.0 MiB/s |  24.2 MiB |  00m00s
[1085/1167] Installing oneapi-level-zer 100% |   8.5 MiB/s | 121.5 KiB |  00m00s
[1086/1167] Installing rubygem-bundler- 100% |  18.5 MiB/s |   1.5 MiB |  00m00s
[1087/1167] Installing rubygem-bigdecim 100% |  22.5 MiB/s | 161.1 KiB |  00m00s
[1088/1167] Installing compiler-rt21-0: 100% | 331.0 MiB/s |  38.4 MiB |  00m00s
[1089/1167] Installing compiler-rt-0:22 100% | 401.5 MiB/s |  41.4 MiB |  00m00s
[1090/1167] Installing android-tools-1: 100% |  46.0 MiB/s |   8.3 MiB |  00m00s
[1091/1167] Installing ibus-gtk2-0:1.5. 100% |  14.5 MiB/s |  44.7 KiB |  00m00s
[1092/1167] Installing libcanberra-gtk2 100% |  16.7 MiB/s |  51.3 KiB |  00m00s
[1093/1167] Installing vagrant-cachier- 100% |   4.5 MiB/s |  41.8 KiB |  00m00s
[1094/1167] Installing vagrant-sshfs-0: 100% |   9.1 MiB/s | 102.6 KiB |  00m00s
[1095/1167] Installing vagrant-hostmana 100% |   8.1 MiB/s |  41.4 KiB |  00m00s
[1096/1167] Installing vagrant-registra 100% |  12.4 MiB/s |  63.5 KiB |  00m00s
[1097/1167] Installing podman-remote-5: 100% | 353.0 MiB/s |  31.1 MiB |  00m00s
[1098/1167] Installing python3-pyproj-0 100% |  61.1 MiB/s |   2.1 MiB |  00m00s
[1099/1167] Installing proj-data-ar-0:9 100% | 556.9 MiB/s |   6.1 MiB |  00m00s
[1100/1167] Installing proj-data-at-0:9 100% | 607.6 MiB/s |  15.2 MiB |  00m00s
[1101/1167] Installing proj-data-au-0:9 100% | 681.6 MiB/s | 117.9 MiB |  00m00s
[1102/1167] Installing proj-data-be-0:9 100% | 309.2 MiB/s | 949.7 KiB |  00m00s
[1103/1167] Installing proj-data-br-0:9 100% | 340.4 MiB/s |   1.0 MiB |  00m00s
[1104/1167] Installing proj-data-ca-0:9 100% | 520.6 MiB/s | 105.7 MiB |  00m00s
[1105/1167] Installing proj-data-ch-0:9 100% | 416.5 MiB/s |   2.1 MiB |  00m00s
[1106/1167] Installing proj-data-cz-0:9 100% | 146.5 MiB/s | 300.1 KiB |  00m00s
[1107/1167] Installing proj-data-de-0:9 100% | 611.9 MiB/s |  76.5 MiB |  00m00s
[1108/1167] Installing proj-data-dk-0:9 100% | 602.7 MiB/s |  61.5 MiB |  00m00s
[1109/1167] Installing proj-data-es-0:9 100% | 262.2 MiB/s |   1.0 MiB |  00m00s
[1110/1167] Installing proj-data-eur-0: 100% | 346.0 MiB/s |   1.0 MiB |  00m00s
[1111/1167] Installing proj-data-fi-0:9 100% | 358.0 MiB/s |   2.1 MiB |  00m00s
[1112/1167] Installing proj-data-fo-0:9 100% |   1.7 MiB/s |   1.7 KiB |  00m00s
[1113/1167] Installing proj-data-fr-0:9 100% | 191.5 MiB/s |   1.9 MiB |  00m00s
[1114/1167] Installing proj-data-hu-0:9 100% |  65.0 MiB/s | 133.0 KiB |  00m00s
[1115/1167] Installing proj-data-is-0:9 100% | 498.0 MiB/s |   5.5 MiB |  00m00s
[1116/1167] Installing proj-data-jp-0:9 100% | 573.0 MiB/s |   7.4 MiB |  00m00s
[1117/1167] Installing proj-data-lv-0:9 100% |  27.9 MiB/s |  57.0 KiB |  00m00s
[1118/1167] Installing proj-data-mx-0:9 100% | 270.7 MiB/s | 554.4 KiB |  00m00s
[1119/1167] Installing proj-data-nc-0:9 100% | 373.2 MiB/s |   1.5 MiB |  00m00s
[1120/1167] Installing proj-data-nl-0:9 100% | 293.4 MiB/s |   1.2 MiB |  00m00s
[1121/1167] Installing proj-data-no-0:9 100% | 467.0 MiB/s |   9.8 MiB |  00m00s
[1122/1167] Installing proj-data-nz-0:9 100% | 490.9 MiB/s |  13.7 MiB |  00m00s
[1123/1167] Installing proj-data-pl-0:9 100% | 380.9 MiB/s |   2.3 MiB |  00m00s
[1124/1167] Installing proj-data-pt-0:9 100% | 250.2 MiB/s | 512.5 KiB |  00m00s
[1125/1167] Installing proj-data-se-0:9 100% | 442.2 MiB/s |   2.2 MiB |  00m00s
[1126/1167] Installing proj-data-si-0:9 100% | 129.5 MiB/s | 265.3 KiB |  00m00s
[1127/1167] Installing proj-data-sk-0:9 100% | 304.8 MiB/s |   1.2 MiB |  00m00s
[1128/1167] Installing proj-data-uk-0:9 100% | 530.6 MiB/s |   4.8 MiB |  00m00s
[1129/1167] Installing proj-data-us-0:9 100% | 685.9 MiB/s | 318.9 MiB |  00m00s
[1130/1167] Installing proj-data-za-0:9 100% | 144.6 MiB/s | 296.1 KiB |  00m00s
[1131/1167] Installing perl-PerlIO-utf8 100% |   7.2 MiB/s |  44.0 KiB |  00m00s
[1132/1167] Installing python3-pip-0:26 100% |  25.3 MiB/s |  11.7 MiB |  00m00s
[1133/1167] Installing bootupd-0:0.2.35 100% | 139.6 MiB/s |   3.6 MiB |  00m00s
[1134/1167] Installing perl-Devel-Peek- 100% |  14.6 MiB/s |  44.8 KiB |  00m00s
[1135/1167] Installing dnf5daemon-serve 100% |   8.5 MiB/s | 841.2 KiB |  00m00s
>>> Running sysusers scriptlet: ccache-0:4.12.3-1.fc44.x86_64
>>> Finished sysusers scriptlet: ccache-0:4.12.3-1.fc44.x86_64
>>> Scriptlet output:
>>> Creating group 'ccache' with GID 949.
>>> 
[1136/1167] Installing ccache-0:4.12.3- 100% |  47.5 MiB/s |   2.1 MiB |  00m00s
[1137/1167] Installing patch-0:2.8-4.fc 100% |  14.8 MiB/s | 228.1 KiB |  00m00s
[1138/1167] Installing bsdunzip-0:3.8.7 100% |   6.2 MiB/s |  82.1 KiB |  00m00s
[1139/1167] Installing busybox-1:1.37.0 100% |  87.6 MiB/s |   1.4 MiB |  00m00s
[1140/1167] Installing qt5-qttranslatio 100% | 214.4 MiB/s |  14.8 MiB |  00m00s
[1141/1167] Installing terraform-stacks 100% | 331.4 MiB/s |  21.5 MiB |  00m00s
[1142/1167] Installing terraform-ls-0:0 100% | 325.2 MiB/s |  41.3 MiB |  00m00s
[1143/1167] Installing packer-0:1.16.0- 100% | 353.8 MiB/s | 103.3 MiB |  00m00s
[1144/1167] Installing boundary-0:0.21. 100% | 488.7 MiB/s | 238.0 MiB |  00m00s
[1145/1167] Installing protonvpn-stable 100% | 285.2 KiB/s | 584.0   B |  00m00s
[1146/1167] Installing cockpit-sosrepor 100% |  46.1 MiB/s | 472.4 KiB |  00m00s
[1147/1167] Installing cockpit-doc-0:36 100% | 161.8 MiB/s |   2.4 MiB |  00m00s
[1148/1167] Installing cockpit-selinux- 100% |  46.6 MiB/s | 477.5 KiB |  00m00s
[1149/1167] Installing cockpit-packagek 100% |  59.5 MiB/s | 974.9 KiB |  00m00s
[1150/1167] Installing podman-tui-0:1.1 100% | 362.8 MiB/s |  31.9 MiB |  00m00s
[1151/1167] Installing libguestfs-bash- 100% |   4.3 MiB/s |  13.1 KiB |  00m00s
[1152/1167] Installing incus-agent-0:6. 100% | 328.2 MiB/s |  18.4 MiB |  00m00s
[1153/1167] Installing ansible-collecti 100% |  28.9 MiB/s |   9.9 MiB |  00m00s
[1154/1167] Installing ksystemlog-0:26. 100% |  98.4 MiB/s |   6.3 MiB |  00m00s
[1155/1167] Installing kclock-0:26.08.0 100% |  46.6 MiB/s |   2.7 MiB |  00m00s
[1156/1167] Installing kcron-0:26.08.0- 100% |  37.4 MiB/s |   1.9 MiB |  00m00s
[1157/1167] Installing ktimer-0:26.08.0 100% |  10.9 MiB/s | 986.6 KiB |  00m00s
[1158/1167] Installing krusader-0:2.9.0 100% | 147.1 MiB/s |  15.0 MiB |  00m00s
[1159/1167] Installing krename-1:5.0.60 100% |  82.5 MiB/s |   2.4 MiB |  00m00s
[1160/1167] Installing kmousetool-0:26. 100% |  16.9 MiB/s | 690.3 KiB |  00m00s
[1161/1167] Installing kio-extras-info- 100% |  24.9 MiB/s |  76.4 KiB |  00m00s
[1162/1167] Installing kio-extras-devel 100% |   4.0 MiB/s |  12.3 KiB |  00m00s
[1163/1167] Installing git-lfs-0:3.7.1- 100% | 114.4 MiB/s |  13.5 MiB |  00m00s
>>> Running %post scriptlet: git-lfs-0:3.7.1-6.fc44.x86_64
>>> Finished %post scriptlet: git-lfs-0:3.7.1-6.fc44.x86_64
>>> Scriptlet output:
>>> Git LFS initialized.
>>> 
[1164/1167] Installing gh-0:2.97.0-2.fc 100% | 139.9 MiB/s |  40.0 MiB |  00m00s
[1165/1167] Installing zsh-0:5.9-21.fc4 100% |  37.0 MiB/s |   8.1 MiB |  00m00s
[1166/1167] Installing fail2ban-systemd 100% | 265.6 KiB/s | 544.0   B |  00m00s
[1167/1167] Installing libva-utils-0:2. 100% | 503.5 KiB/s |   3.3 MiB |  00m07s
>>> Running %posttrans scriptlet: proton-vpn-daemon-0:0.13.8-1.fc44.noarch
>>> Finished %posttrans scriptlet: proton-vpn-daemon-0:0.13.8-1.fc44.noarch
>>> Scriptlet output:
>>> Created symlink '/etc/systemd/system/multi-user.target.wants/me.proton.vpn.split_tunneling.service' → '/usr/lib/systemd/system/me.proton.vpn.split_tunneling.service'.
>>> 
Complete!
